# Blender v2.93.1 OBJ File: ''
# www.blender.org
mtllib earth.mtl
o Sphere_Sphere.006
v 0.000000 -0.382683 0.923880
v 0.000000 -0.500000 0.866025
v 0.042494 -0.500000 0.864982
v 0.045333 -0.382683 0.922767
v 0.000000 1.000000 -0.000000
v 0.000000 0.991445 0.130526
v 0.006405 0.991445 0.130369
v 0.000000 -0.965926 0.258819
v 0.000000 -0.991445 0.130526
v 0.006405 -0.991445 0.130369
v 0.012700 -0.965926 0.258507
v 0.000000 0.608761 0.793353
v 0.000000 0.500000 0.866025
v 0.042494 0.500000 0.864982
v 0.038928 0.608761 0.792398
v 0.000000 -0.258819 0.965926
v 0.047396 -0.258819 0.964762
v 0.000000 -0.923879 0.382683
v 0.018777 -0.923879 0.382223
v 0.000000 0.707107 0.707107
v 0.034696 0.707107 0.706255
v 0.000000 -0.130526 0.991445
v 0.048648 -0.130526 0.990251
v 0.000000 -0.866025 0.500000
v 0.024534 -0.866025 0.499398
v 0.000000 0.793353 0.608761
v 0.029870 0.793353 0.608028
v 0.000000 0.000000 0.999998
v 0.049068 0.000000 0.998795
v 0.000000 -0.793353 0.608762
v 0.029870 -0.793353 0.608028
v 0.000000 0.866025 0.499999
v 0.024534 0.866025 0.499398
v 0.000000 0.130526 0.991445
v 0.048648 0.130526 0.990251
v 0.000000 -0.707107 0.707106
v 0.034696 -0.707107 0.706255
v 0.000000 0.923879 0.382683
v 0.018777 0.923879 0.382223
v 0.000000 0.258819 0.965926
v 0.047396 0.258819 0.964762
v 0.000000 -0.608761 0.793352
v 0.038928 -0.608761 0.792398
v 0.000000 0.965926 0.258819
v 0.012700 0.965926 0.258507
v 0.000000 0.382683 0.923879
v 0.045333 0.382683 0.922767
v 0.000000 -1.000000 0.000000
v 0.037510 0.923879 0.380841
v 0.025369 0.965926 0.257573
v 0.094677 0.258819 0.961275
v 0.090556 0.382683 0.919431
v 0.077762 -0.608761 0.789533
v 0.084885 -0.500000 0.861855
v 0.012794 0.991445 0.129898
v 0.012794 -0.991445 0.129898
v 0.084885 0.500000 0.861855
v 0.090556 -0.382683 0.919431
v 0.025369 -0.965926 0.257573
v 0.077762 0.608761 0.789533
v 0.094677 -0.258819 0.961275
v 0.037510 -0.923879 0.380841
v 0.069309 0.707107 0.703702
v 0.097179 -0.130526 0.986671
v 0.049009 -0.866025 0.497593
v 0.059669 0.793353 0.605830
v 0.098017 0.000000 0.995185
v 0.059669 -0.793353 0.605830
v 0.049009 0.866025 0.497592
v 0.097179 0.130526 0.986671
v 0.069309 -0.707107 0.703702
v 0.135561 -0.382683 0.913880
v 0.141731 -0.258819 0.955471
v 0.037977 -0.965926 0.256018
v 0.056151 -0.923879 0.378542
v 0.116409 0.608761 0.784766
v 0.103754 0.707107 0.699453
v 0.145475 -0.130526 0.980714
v 0.073365 -0.866025 0.494588
v 0.089324 0.793353 0.602173
v 0.146730 0.000000 0.989176
v 0.089324 -0.793353 0.602173
v 0.073365 0.866025 0.494588
v 0.145475 0.130526 0.980714
v 0.103754 -0.707107 0.699454
v 0.056151 0.923879 0.378542
v 0.141731 0.258819 0.955471
v 0.116409 -0.608761 0.784767
v 0.037977 0.965926 0.256018
v 0.135561 0.382683 0.913880
v 0.127072 -0.500000 0.856652
v 0.019152 0.991445 0.129114
v 0.019152 -0.991445 0.129114
v 0.127072 0.500000 0.856652
v 0.195090 0.000000 0.980785
v 0.193421 0.130526 0.972395
v 0.118763 -0.793353 0.597064
v 0.137950 -0.707107 0.693520
v 0.097545 0.866025 0.490393
v 0.074658 0.923879 0.375330
v 0.188443 0.258819 0.947366
v 0.154775 -0.608761 0.778109
v 0.050493 0.965926 0.253846
v 0.180240 0.382683 0.906127
v 0.168953 -0.500000 0.849385
v 0.025464 0.991445 0.128018
v 0.025464 -0.991445 0.128018
v 0.168953 0.500000 0.849385
v 0.180240 -0.382683 0.906127
v 0.050493 -0.965926 0.253846
v 0.154776 0.608761 0.778109
v 0.188443 -0.258819 0.947366
v 0.074658 -0.923879 0.375330
v 0.137950 0.707107 0.693520
v 0.193421 -0.130526 0.972394
v 0.097545 -0.866025 0.490393
v 0.118763 0.793353 0.597064
v 0.062888 0.965926 0.251063
v 0.031715 0.991445 0.126615
v 0.031715 -0.991445 0.126615
v 0.224484 0.382683 0.896192
v 0.210427 0.500000 0.840072
v 0.210427 -0.500000 0.840072
v 0.224484 -0.382683 0.896192
v 0.062888 -0.965926 0.251063
v 0.192769 0.608761 0.769578
v 0.234701 -0.258819 0.936978
v 0.092984 -0.923879 0.371215
v 0.171813 0.707107 0.685916
v 0.240901 -0.130526 0.961732
v 0.121490 -0.866025 0.485016
v 0.147917 0.793353 0.590518
v 0.242980 0.000000 0.970031
v 0.147917 -0.793353 0.590518
v 0.121490 0.866025 0.485016
v 0.240901 0.130526 0.961733
v 0.171813 -0.707107 0.685916
v 0.092984 0.923879 0.371215
v 0.234701 0.258819 0.936978
v 0.192769 -0.608761 0.769578
v 0.280393 -0.258819 0.924334
v 0.287801 -0.130526 0.948753
v 0.111087 -0.923879 0.366205
v 0.145142 -0.866025 0.478470
v 0.205262 0.707107 0.676659
v 0.176714 0.793353 0.582548
v 0.290285 0.000000 0.956940
v 0.176714 -0.793353 0.582548
v 0.145142 0.866025 0.478470
v 0.287801 0.130526 0.948754
v 0.205262 -0.707107 0.676659
v 0.111087 0.923879 0.366205
v 0.280393 0.258819 0.924333
v 0.230298 -0.608761 0.759192
v 0.075131 0.965926 0.247675
v 0.268188 0.382683 0.884098
v 0.251394 -0.500000 0.828735
v 0.037890 0.991445 0.124906
v 0.037890 -0.991445 0.124906
v 0.251394 0.500000 0.828735
v 0.268188 -0.382683 0.884098
v 0.075131 -0.965926 0.247675
v 0.230298 0.608761 0.759192
v 0.334008 0.130526 0.933489
v 0.325410 0.258819 0.909462
v 0.238217 -0.707107 0.665772
v 0.267273 -0.608761 0.746977
v 0.128922 0.923879 0.360313
v 0.087193 0.965926 0.243690
v 0.311246 0.382683 0.869873
v 0.291755 -0.500000 0.815401
v 0.043973 0.991445 0.122896
v 0.043973 -0.991445 0.122896
v 0.291755 0.500000 0.815401
v 0.311245 -0.382683 0.869873
v 0.087193 -0.965926 0.243690
v 0.267273 0.608761 0.746977
v 0.325410 -0.258819 0.909462
v 0.128922 -0.923879 0.360313
v 0.238217 0.707107 0.665772
v 0.334008 -0.130526 0.933489
v 0.168445 -0.866025 0.470772
v 0.205085 0.793353 0.573176
v 0.336890 0.000000 0.941544
v 0.205085 -0.793353 0.573176
v 0.168445 0.866025 0.470772
v 0.049950 0.991445 0.120591
v 0.049950 -0.991445 0.120591
v 0.099046 -0.965926 0.239118
v 0.331413 0.500000 0.800103
v 0.303603 0.608761 0.732963
v 0.353553 -0.382683 0.853553
v 0.369644 -0.258819 0.892399
v 0.146446 -0.923879 0.353554
v 0.270598 0.707107 0.653281
v 0.379409 -0.130526 0.915976
v 0.191342 -0.866025 0.461940
v 0.232963 0.793353 0.562422
v 0.382683 0.000000 0.923879
v 0.232963 -0.793353 0.562422
v 0.191342 0.866025 0.461940
v 0.379409 0.130526 0.915976
v 0.270598 -0.707107 0.653282
v 0.146447 0.923879 0.353554
v 0.369644 0.258819 0.892399
v 0.303603 -0.608761 0.732963
v 0.099046 0.965926 0.239118
v 0.353553 0.382683 0.853553
v 0.331413 -0.500000 0.800103
v 0.423897 -0.130526 0.896255
v 0.427555 0.000000 0.903989
v 0.213777 -0.866025 0.451995
v 0.260279 -0.793353 0.550314
v 0.260279 0.793353 0.550314
v 0.213778 0.866025 0.451995
v 0.423897 0.130526 0.896256
v 0.302327 -0.707107 0.639217
v 0.163618 0.923879 0.345942
v 0.412986 0.258819 0.873187
v 0.339202 -0.608761 0.717183
v 0.110659 0.965926 0.233970
v 0.395009 0.382683 0.835177
v 0.370273 -0.500000 0.782878
v 0.055807 0.991445 0.117994
v 0.055807 -0.991445 0.117994
v 0.370273 0.500000 0.782878
v 0.395009 -0.382683 0.835177
v 0.110659 -0.965926 0.233970
v 0.339202 0.608761 0.717183
v 0.412986 -0.258819 0.873187
v 0.163618 -0.923879 0.345942
v 0.302327 0.707107 0.639217
v 0.455334 0.258819 0.851871
v 0.435514 0.382683 0.814789
v 0.373984 -0.608761 0.699675
v 0.408241 -0.500000 0.763766
v 0.122006 0.965926 0.228258
v 0.061530 0.991445 0.115114
v 0.061529 -0.991445 0.115114
v 0.408241 0.500000 0.763766
v 0.435514 -0.382683 0.814789
v 0.122006 -0.965926 0.228258
v 0.373984 0.608761 0.699675
v 0.455334 -0.258819 0.851871
v 0.180396 -0.923879 0.337497
v 0.333328 0.707107 0.623613
v 0.467364 -0.130526 0.874376
v 0.235698 -0.866025 0.440961
v 0.286968 0.793353 0.536880
v 0.471396 0.000000 0.881921
v 0.286968 -0.793353 0.536880
v 0.235698 0.866025 0.440961
v 0.467364 0.130526 0.874376
v 0.333328 -0.707107 0.623613
v 0.180396 0.923879 0.337497
v 0.133059 -0.965926 0.221997
v 0.196738 -0.923879 0.328239
v 0.407865 0.608761 0.680482
v 0.363525 0.707107 0.606506
v 0.496585 -0.258819 0.828502
v 0.509704 -0.130526 0.850391
v 0.257051 -0.866025 0.428864
v 0.312966 0.793353 0.522152
v 0.514102 0.000000 0.857728
v 0.312966 -0.793353 0.522152
v 0.257051 0.866025 0.428864
v 0.509704 0.130526 0.850391
v 0.363525 -0.707107 0.606506
v 0.196739 0.923879 0.328239
v 0.496585 0.258819 0.828502
v 0.407865 -0.608761 0.680482
v 0.133060 0.965926 0.221997
v 0.474969 0.382683 0.792438
v 0.445226 -0.500000 0.742815
v 0.067104 0.991445 0.111956
v 0.067104 -0.991445 0.111956
v 0.445226 0.500000 0.742815
v 0.474969 -0.382683 0.792438
v 0.555570 0.000000 0.831469
v 0.550817 0.130526 0.824356
v 0.338209 -0.793353 0.506167
v 0.392847 -0.707107 0.587938
v 0.277785 0.866025 0.415735
v 0.212607 0.923879 0.318190
v 0.536639 0.258819 0.803138
v 0.440763 -0.608761 0.659649
v 0.143792 0.965926 0.215200
v 0.513280 0.382683 0.768178
v 0.481138 -0.500000 0.720074
v 0.072516 0.991445 0.108529
v 0.072516 -0.991445 0.108529
v 0.481138 0.500000 0.720074
v 0.513280 -0.382683 0.768178
v 0.143792 -0.965926 0.215200
v 0.440763 0.608761 0.659649
v 0.536639 -0.258819 0.803138
v 0.212607 -0.923879 0.318190
v 0.392847 0.707107 0.587938
v 0.550817 -0.130526 0.824356
v 0.277785 -0.866025 0.415735
v 0.338210 0.793353 0.506167
v 0.077754 -0.991445 0.104840
v 0.550354 0.382683 0.742067
v 0.515891 0.500000 0.695598
v 0.515890 -0.500000 0.695598
v 0.550354 -0.382683 0.742067
v 0.077754 0.991445 0.104840
v 0.154178 -0.965926 0.207886
v 0.472600 0.608761 0.637227
v 0.575401 -0.258819 0.775839
v 0.227964 -0.923879 0.307374
v 0.421223 0.707107 0.567953
v 0.590603 -0.130526 0.796336
v 0.297849 -0.866025 0.401604
v 0.362639 0.793353 0.488962
v 0.595699 0.000000 0.803207
v 0.362638 -0.793353 0.488962
v 0.297850 0.866025 0.401604
v 0.590603 0.130526 0.796336
v 0.421223 -0.707107 0.567954
v 0.227964 0.923879 0.307374
v 0.575401 0.258819 0.775839
v 0.472600 -0.608761 0.637227
v 0.154178 0.965926 0.207886
v 0.242772 -0.923879 0.295818
v 0.317196 -0.866025 0.386505
v 0.448584 0.707107 0.546601
v 0.386194 0.793353 0.470579
v 0.628966 -0.130526 0.766397
v 0.634393 0.000000 0.773010
v 0.386194 -0.793353 0.470579
v 0.317197 0.866025 0.386505
v 0.628966 0.130526 0.766397
v 0.448583 -0.707107 0.546601
v 0.242772 0.923879 0.295818
v 0.612777 0.258819 0.746671
v 0.503298 -0.608761 0.613270
v 0.164193 0.965926 0.200070
v 0.586103 0.382683 0.714169
v 0.549400 -0.500000 0.669447
v 0.082805 0.991445 0.100898
v 0.082805 -0.991445 0.100898
v 0.549401 0.500000 0.669447
v 0.586103 -0.382683 0.714169
v 0.164193 -0.965926 0.200070
v 0.503298 0.608761 0.613270
v 0.612777 -0.258819 0.746671
v 0.665814 0.130526 0.734612
v 0.648676 0.258819 0.715704
v 0.474863 -0.707107 0.523932
v 0.532783 -0.608761 0.587836
v 0.256994 0.923879 0.283550
v 0.173812 0.965926 0.191772
v 0.620439 0.382683 0.684550
v 0.581587 -0.500000 0.641683
v 0.087656 0.991445 0.096714
v 0.087656 -0.991445 0.096714
v 0.581587 0.500000 0.641683
v 0.620439 -0.382683 0.684550
v 0.173812 -0.965926 0.191773
v 0.532783 0.608761 0.587836
v 0.648676 -0.258819 0.715704
v 0.256994 -0.923879 0.283550
v 0.474864 0.707107 0.523932
v 0.665814 -0.130526 0.734612
v 0.335779 -0.866025 0.370476
v 0.408819 0.793353 0.451063
v 0.671559 0.000000 0.740951
v 0.408819 -0.793353 0.451063
v 0.335779 0.866025 0.370476
v 0.092296 -0.991445 0.092296
v 0.183012 -0.965926 0.183013
v 0.612372 0.500000 0.612373
v 0.560985 0.608761 0.560985
v 0.653281 -0.382683 0.653282
v 0.683012 -0.258819 0.683013
v 0.270598 -0.923879 0.270598
v 0.500000 0.707107 0.500000
v 0.701057 -0.130526 0.701057
v 0.353553 -0.866025 0.353554
v 0.430459 0.793353 0.430459
v 0.707106 0.000000 0.707107
v 0.430459 -0.793353 0.430460
v 0.353553 0.866025 0.353553
v 0.701057 0.130526 0.701057
v 0.500000 -0.707107 0.500000
v 0.270598 0.923879 0.270598
v 0.683012 0.258819 0.683013
v 0.560985 -0.608761 0.560986
v 0.183013 0.965926 0.183013
v 0.653281 0.382683 0.653282
v 0.612372 -0.500000 0.612373
v 0.092296 0.991445 0.092296
v 0.370475 -0.866025 0.335780
v 0.451062 -0.793353 0.408819
v 0.451062 0.793353 0.408819
v 0.370475 0.866025 0.335780
v 0.740951 0.000000 0.671559
v 0.734612 0.130526 0.665814
v 0.523931 -0.707107 0.474864
v 0.283550 0.923879 0.256995
v 0.715704 0.258819 0.648676
v 0.587836 -0.608761 0.532784
v 0.191772 0.965926 0.173812
v 0.684549 0.382683 0.620440
v 0.641682 -0.500000 0.581587
v 0.096713 0.991445 0.087656
v 0.096713 -0.991445 0.087656
v 0.641682 0.500000 0.581587
v 0.684549 -0.382683 0.620440
v 0.191772 -0.965926 0.173813
v 0.587836 0.608761 0.532783
v 0.715704 -0.258819 0.648676
v 0.283549 -0.923879 0.256995
v 0.523931 0.707107 0.474864
v 0.734612 -0.130526 0.665814
v 0.746671 0.258819 0.612777
v 0.714168 0.382683 0.586103
v 0.613270 -0.608761 0.503298
v 0.669446 -0.500000 0.549401
v 0.200070 0.965926 0.164193
v 0.100898 0.991445 0.082805
v 0.100898 -0.991445 0.082805
v 0.669447 0.500000 0.549401
v 0.714168 -0.382683 0.586103
v 0.200070 -0.965926 0.164193
v 0.613270 0.608761 0.503298
v 0.746671 -0.258819 0.612777
v 0.295818 -0.923879 0.242772
v 0.546601 0.707107 0.448584
v 0.766397 -0.130526 0.628966
v 0.386505 -0.866025 0.317197
v 0.470579 0.793353 0.386194
v 0.773010 0.000000 0.634393
v 0.470579 -0.793353 0.386194
v 0.386505 0.866025 0.317197
v 0.766397 0.130526 0.628966
v 0.546600 -0.707107 0.448584
v 0.295818 0.923879 0.242772
v 0.207885 -0.965926 0.154179
v 0.307374 -0.923879 0.227965
v 0.637227 0.608761 0.472600
v 0.567953 0.707107 0.421223
v 0.775839 -0.258819 0.575402
v 0.796336 -0.130526 0.590603
v 0.401603 -0.866025 0.297850
v 0.488961 0.793353 0.362639
v 0.803207 0.000000 0.595699
v 0.488961 -0.793353 0.362639
v 0.401603 0.866025 0.297850
v 0.796336 0.130526 0.590603
v 0.567953 -0.707107 0.421223
v 0.307374 0.923879 0.227964
v 0.775839 0.258819 0.575402
v 0.637227 -0.608761 0.472600
v 0.207885 0.965926 0.154179
v 0.742067 0.382683 0.550354
v 0.695598 -0.500000 0.515891
v 0.104840 0.991445 0.077755
v 0.104839 -0.991445 0.077755
v 0.695598 0.500000 0.515891
v 0.742067 -0.382683 0.550355
v 0.506166 -0.793353 0.338210
v 0.587937 -0.707107 0.392848
v 0.415734 0.866025 0.277785
v 0.318190 0.923879 0.212608
v 0.824356 0.130526 0.550817
v 0.803138 0.258819 0.536640
v 0.659649 -0.608761 0.440764
v 0.215200 0.965926 0.143792
v 0.768178 0.382683 0.513280
v 0.720074 -0.500000 0.481138
v 0.108528 0.991445 0.072517
v 0.108528 -0.991445 0.072517
v 0.720074 0.500000 0.481138
v 0.768178 -0.382683 0.513280
v 0.215200 -0.965926 0.143792
v 0.659649 0.608761 0.440763
v 0.803138 -0.258819 0.536640
v 0.318189 -0.923879 0.212608
v 0.587938 0.707107 0.392847
v 0.824356 -0.130526 0.550817
v 0.415734 -0.866025 0.277785
v 0.506166 0.793353 0.338210
v 0.831469 0.000000 0.555570
v 0.792438 0.382683 0.474969
v 0.742815 0.500000 0.445226
v 0.742815 -0.500000 0.445226
v 0.792438 -0.382683 0.474969
v 0.111956 0.991445 0.067104
v 0.111956 -0.991445 0.067104
v 0.221996 -0.965926 0.133060
v 0.680481 0.608761 0.407865
v 0.828502 -0.258819 0.496585
v 0.328238 -0.923879 0.196739
v 0.606506 0.707107 0.363526
v 0.850391 -0.130526 0.509705
v 0.428864 -0.866025 0.257052
v 0.522152 0.793353 0.312966
v 0.857728 0.000000 0.514103
v 0.522152 -0.793353 0.312966
v 0.428864 0.866025 0.257051
v 0.850391 0.130526 0.509705
v 0.606505 -0.707107 0.363526
v 0.328238 0.923879 0.196739
v 0.828502 0.258819 0.496585
v 0.680481 -0.608761 0.407865
v 0.221996 0.965926 0.133060
v 0.337496 -0.923880 0.180396
v 0.440960 -0.866025 0.235699
v 0.623612 0.707107 0.333328
v 0.536879 0.793353 0.286968
v 0.874376 -0.130526 0.467364
v 0.881921 0.000000 0.471397
v 0.536879 -0.793353 0.286969
v 0.440960 0.866025 0.235698
v 0.874376 0.130526 0.467364
v 0.623612 -0.707107 0.333328
v 0.337496 0.923879 0.180396
v 0.851870 0.258819 0.455335
v 0.699675 -0.608761 0.373984
v 0.228258 0.965926 0.122007
v 0.814789 0.382683 0.435514
v 0.763766 -0.500000 0.408242
v 0.115114 0.991445 0.061530
v 0.115113 -0.991445 0.061530
v 0.763766 0.500000 0.408242
v 0.814789 -0.382683 0.435514
v 0.228258 -0.965926 0.122007
v 0.699675 0.608761 0.373984
v 0.851870 -0.258819 0.455335
v 0.639216 -0.707107 0.302327
v 0.717182 -0.608761 0.339202
v 0.345942 0.923879 0.163618
v 0.233970 0.965926 0.110660
v 0.873187 0.258819 0.412987
v 0.835177 0.382683 0.395010
v 0.782877 -0.500000 0.370274
v 0.117994 0.991445 0.055807
v 0.117994 -0.991445 0.055808
v 0.782878 0.500000 0.370274
v 0.835177 -0.382683 0.395010
v 0.233969 -0.965926 0.110660
v 0.717183 0.608761 0.339202
v 0.873186 -0.258819 0.412987
v 0.345941 -0.923880 0.163619
v 0.639217 0.707107 0.302327
v 0.896255 -0.130526 0.423897
v 0.451994 -0.866025 0.213778
v 0.550314 0.793353 0.260279
v 0.903989 0.000000 0.427555
v 0.550313 -0.793353 0.260279
v 0.451994 0.866025 0.213778
v 0.896255 0.130526 0.423897
v 0.800103 0.500000 0.331414
v 0.732962 0.608761 0.303603
v 0.853553 -0.382683 0.353554
v 0.892399 -0.258819 0.369644
v 0.239117 -0.965926 0.099046
v 0.353553 -0.923880 0.146447
v 0.653281 0.707107 0.270598
v 0.915976 -0.130526 0.379410
v 0.461939 -0.866025 0.191342
v 0.562422 0.793353 0.232963
v 0.923879 0.000000 0.382683
v 0.562422 -0.793353 0.232963
v 0.461939 0.866025 0.191342
v 0.915976 0.130526 0.379410
v 0.653281 -0.707107 0.270598
v 0.353553 0.923879 0.146447
v 0.892399 0.258819 0.369644
v 0.732962 -0.608761 0.303603
v 0.239118 0.965926 0.099046
v 0.853553 0.382683 0.353554
v 0.800103 -0.500000 0.331414
v 0.120590 0.991445 0.049950
v 0.120590 -0.991445 0.049951
v 0.470771 -0.866025 0.168445
v 0.573175 -0.793353 0.205086
v 0.573176 0.793353 0.205086
v 0.470772 0.866025 0.168445
v 0.941544 0.000000 0.336890
v 0.933489 0.130526 0.334008
v 0.665772 -0.707107 0.238217
v 0.360313 0.923879 0.128922
v 0.909462 0.258819 0.325411
v 0.746977 -0.608761 0.267273
v 0.243689 0.965926 0.087194
v 0.869873 0.382683 0.311246
v 0.815401 -0.500000 0.291756
v 0.122896 0.991445 0.043973
v 0.122896 -0.991445 0.043973
v 0.815401 0.500000 0.291755
v 0.869873 -0.382683 0.311246
v 0.243689 -0.965926 0.087194
v 0.746977 0.608761 0.267273
v 0.909462 -0.258819 0.325411
v 0.360313 -0.923880 0.128923
v 0.665772 0.707107 0.238217
v 0.933489 -0.130526 0.334008
v 0.759191 -0.608761 0.230298
v 0.828734 -0.500000 0.251394
v 0.247674 0.965926 0.075131
v 0.124906 0.991445 0.037890
v 0.124905 -0.991445 0.037890
v 0.884097 0.382683 0.268188
v 0.828735 0.500000 0.251394
v 0.884097 -0.382684 0.268188
v 0.247674 -0.965926 0.075132
v 0.759191 0.608761 0.230298
v 0.924333 -0.258819 0.280394
v 0.366205 -0.923880 0.111088
v 0.676659 0.707107 0.205262
v 0.948753 -0.130526 0.287801
v 0.478469 -0.866025 0.145143
v 0.582548 0.793353 0.176714
v 0.956940 0.000000 0.290285
v 0.582548 -0.793353 0.176715
v 0.478470 0.866025 0.145143
v 0.948753 0.130526 0.287801
v 0.676659 -0.707107 0.205263
v 0.366205 0.923879 0.111087
v 0.924333 0.258819 0.280394
v 0.769577 0.608761 0.192769
v 0.685915 0.707107 0.171813
v 0.936978 -0.258819 0.234701
v 0.961732 -0.130526 0.240901
v 0.371214 -0.923880 0.092985
v 0.485015 -0.866025 0.121491
v 0.590518 0.793353 0.147917
v 0.970031 0.000000 0.242980
v 0.590517 -0.793353 0.147917
v 0.485015 0.866025 0.121490
v 0.961732 0.130526 0.240901
v 0.685915 -0.707107 0.171813
v 0.371215 0.923879 0.092985
v 0.936978 0.258819 0.234701
v 0.769577 -0.608761 0.192769
v 0.251063 0.965926 0.062888
v 0.896192 0.382683 0.224485
v 0.840071 -0.500000 0.210427
v 0.126614 0.991445 0.031715
v 0.126614 -0.991445 0.031716
v 0.840072 0.500000 0.210427
v 0.896192 -0.382684 0.224485
v 0.251062 -0.965926 0.062888
v 0.597064 -0.793353 0.118764
v 0.693519 -0.707107 0.137950
v 0.490392 0.866025 0.097545
v 0.375330 0.923879 0.074658
v 0.972394 0.130526 0.193421
v 0.947366 0.258819 0.188443
v 0.778109 -0.608761 0.154776
v 0.253846 0.965926 0.050493
v 0.906127 0.382683 0.180240
v 0.849385 -0.500000 0.168954
v 0.128018 0.991445 0.025465
v 0.128018 -0.991445 0.025465
v 0.849385 0.500000 0.168953
v 0.906127 -0.382684 0.180240
v 0.253846 -0.965926 0.050494
v 0.778109 0.608761 0.154776
v 0.947366 -0.258819 0.188443
v 0.375330 -0.923880 0.074658
v 0.693520 0.707107 0.137950
v 0.972394 -0.130526 0.193421
v 0.490392 -0.866025 0.097546
v 0.597064 0.793353 0.118764
v 0.980785 0.000000 0.195090
v 0.856652 -0.500000 0.127073
v 0.913880 -0.382684 0.135562
v 0.129113 0.991445 0.019152
v 0.129113 -0.991445 0.019153
v 0.256017 -0.965926 0.037977
v 0.856652 0.500000 0.127073
v 0.784766 0.608761 0.116409
v 0.955471 -0.258819 0.141731
v 0.378541 -0.923880 0.056152
v 0.699453 0.707107 0.103754
v 0.980714 -0.130526 0.145475
v 0.494587 -0.866025 0.073366
v 0.602172 0.793353 0.089324
v 0.989176 0.000000 0.146731
v 0.602172 -0.793353 0.089324
v 0.494588 0.866025 0.073365
v 0.980714 0.130526 0.145475
v 0.699453 -0.707107 0.103754
v 0.378541 0.923879 0.056152
v 0.955471 0.258819 0.141731
v 0.784766 -0.608761 0.116409
v 0.256018 0.965926 0.037977
v 0.913880 0.382683 0.135561
v 0.703702 0.707107 0.069309
v 0.605830 0.793353 0.059669
v 0.986671 -0.130526 0.097179
v 0.995184 0.000000 0.098017
v 0.497592 -0.866025 0.049009
v 0.605830 -0.793353 0.059670
v 0.497592 0.866025 0.049009
v 0.986671 0.130526 0.097179
v 0.703701 -0.707107 0.069309
v 0.380840 0.923879 0.037510
v 0.961275 0.258819 0.094678
v 0.789533 -0.608761 0.077762
v 0.257573 0.965926 0.025369
v 0.919431 0.382683 0.090556
v 0.861855 -0.500000 0.084886
v 0.129898 0.991445 0.012794
v 0.129897 -0.991445 0.012794
v 0.861855 0.500000 0.084886
v 0.919431 -0.382684 0.090556
v 0.257572 -0.965926 0.025369
v 0.789533 0.608761 0.077762
v 0.961275 -0.258819 0.094678
v 0.380840 -0.923880 0.037510
v 0.706255 -0.707107 0.034696
v 0.792397 -0.608761 0.038928
v 0.382222 0.923879 0.018778
v 0.258507 0.965926 0.012700
v 0.964762 0.258819 0.047396
v 0.922767 0.382683 0.045333
v 0.864982 -0.500000 0.042494
v 0.130369 0.991445 0.006405
v 0.130369 -0.991445 0.006405
v 0.864982 0.500000 0.042494
v 0.922767 -0.382684 0.045333
v 0.258507 -0.965926 0.012700
v 0.792397 0.608761 0.038928
v 0.964762 -0.258819 0.047396
v 0.382222 -0.923880 0.018778
v 0.706255 0.707107 0.034696
v 0.990250 -0.130526 0.048648
v 0.499397 -0.866025 0.024534
v 0.608028 0.793353 0.029871
v 0.998795 0.000000 0.049068
v 0.608028 -0.793353 0.029871
v 0.499397 0.866025 0.024534
v 0.990250 0.130526 0.048648
v 0.923879 -0.382684 0.000000
v 0.965926 -0.258819 0.000000
v 0.258819 -0.965926 0.000001
v 0.382683 -0.923880 0.000001
v 0.793353 0.608761 -0.000000
v 0.707107 0.707107 -0.000000
v 0.991445 -0.130526 0.000000
v 0.499999 -0.866025 0.000001
v 0.608761 0.793353 -0.000000
v 0.999999 0.000000 0.000000
v 0.608761 -0.793353 0.000001
v 0.499999 0.866025 -0.000000
v 0.991445 0.130526 -0.000000
v 0.707106 -0.707107 0.000000
v 0.382683 0.923879 -0.000000
v 0.965926 0.258819 -0.000000
v 0.793353 -0.608761 0.000000
v 0.258819 0.965926 -0.000000
v 0.923879 0.382683 -0.000000
v 0.866025 -0.500000 0.000000
v 0.130526 0.991445 -0.000000
v 0.130526 -0.991445 0.000001
v 0.866025 0.500000 -0.000000
v 0.608028 0.793353 -0.029870
v 0.499397 0.866025 -0.024534
v 0.998795 -0.000000 -0.049068
v 0.990250 0.130526 -0.048648
v 0.608028 -0.793353 -0.029870
v 0.706255 -0.707107 -0.034696
v 0.382222 0.923879 -0.018777
v 0.964762 0.258819 -0.047395
v 0.792397 -0.608761 -0.038928
v 0.258507 0.965926 -0.012699
v 0.922767 0.382683 -0.045332
v 0.864982 -0.500000 -0.042493
v 0.130369 0.991445 -0.006404
v 0.130369 -0.991445 -0.006404
v 0.864982 0.500000 -0.042494
v 0.922767 -0.382684 -0.045332
v 0.258507 -0.965926 -0.012699
v 0.792397 0.608761 -0.038928
v 0.964762 -0.258819 -0.047395
v 0.382222 -0.923880 -0.018777
v 0.706255 0.707107 -0.034696
v 0.990250 -0.130526 -0.048648
v 0.499397 -0.866025 -0.024533
v 0.789532 -0.608761 -0.077762
v 0.861855 -0.500000 -0.084885
v 0.257573 0.965926 -0.025368
v 0.129898 0.991445 -0.012794
v 0.129897 -0.991445 -0.012793
v 0.919431 0.382683 -0.090556
v 0.861855 0.500000 -0.084885
v 0.919431 -0.382684 -0.090556
v 0.257572 -0.965926 -0.025368
v 0.789533 0.608761 -0.077762
v 0.961275 -0.258819 -0.094677
v 0.380840 -0.923880 -0.037509
v 0.703702 0.707107 -0.069308
v 0.986671 -0.130526 -0.097179
v 0.497591 -0.866025 -0.049008
v 0.605830 0.793353 -0.059669
v 0.995184 -0.000000 -0.098017
v 0.605830 -0.793353 -0.059669
v 0.497592 0.866025 -0.049008
v 0.986671 0.130526 -0.097179
v 0.703701 -0.707107 -0.069308
v 0.380840 0.923879 -0.037509
v 0.961275 0.258819 -0.094677
v 0.256017 -0.965926 -0.037976
v 0.378541 -0.923880 -0.056151
v 0.784766 0.608761 -0.116409
v 0.699453 0.707107 -0.103754
v 0.955471 -0.258819 -0.141730
v 0.980714 -0.130526 -0.145475
v 0.494587 -0.866025 -0.073365
v 0.602172 0.793353 -0.089324
v 0.989176 -0.000000 -0.146730
v 0.602172 -0.793353 -0.089323
v 0.494588 0.866025 -0.073365
v 0.980714 0.130526 -0.145475
v 0.699453 -0.707107 -0.103754
v 0.378541 0.923879 -0.056151
v 0.955471 0.258819 -0.141731
v 0.784766 -0.608761 -0.116409
v 0.256018 0.965926 -0.037976
v 0.913880 0.382683 -0.135561
v 0.856652 -0.500000 -0.127072
v 0.129113 0.991445 -0.019152
v 0.129113 -0.991445 -0.019152
v 0.856652 0.500000 -0.127072
v 0.913880 -0.382684 -0.135561
v 0.597064 -0.793353 -0.118763
v 0.693520 -0.707107 -0.137949
v 0.490392 0.866025 -0.097545
v 0.375330 0.923879 -0.074658
v 0.972394 0.130526 -0.193421
v 0.947366 0.258819 -0.188443
v 0.778109 -0.608761 -0.154775
v 0.253846 0.965926 -0.050493
v 0.906127 0.382683 -0.180240
v 0.849385 -0.500000 -0.168953
v 0.128018 0.991445 -0.025464
v 0.128018 -0.991445 -0.025464
v 0.849385 0.500000 -0.168953
v 0.906127 -0.382684 -0.180240
v 0.253845 -0.965926 -0.050492
v 0.778109 0.608761 -0.154775
v 0.947366 -0.258819 -0.188442
v 0.375330 -0.923880 -0.074657
v 0.693520 0.707107 -0.137950
v 0.972394 -0.130526 -0.193421
v 0.490392 -0.866025 -0.097544
v 0.597064 0.793353 -0.118763
v 0.980785 -0.000000 -0.195090
v 0.896192 0.382683 -0.224484
v 0.840072 0.500000 -0.210427
v 0.840072 -0.500000 -0.210427
v 0.896192 -0.382684 -0.224484
v 0.126614 0.991445 -0.031715
v 0.126614 -0.991445 -0.031715
v 0.251062 -0.965926 -0.062887
v 0.769577 0.608761 -0.192769
v 0.936978 -0.258819 -0.234700
v 0.371214 -0.923880 -0.092984
v 0.685916 0.707107 -0.171813
v 0.961732 -0.130526 -0.240901
v 0.485015 -0.866025 -0.121489
v 0.590518 0.793353 -0.147917
v 0.970031 -0.000000 -0.242980
v 0.590518 -0.793353 -0.147916
v 0.485015 0.866025 -0.121490
v 0.961732 0.130526 -0.240901
v 0.685915 -0.707107 -0.171812
v 0.371215 0.923879 -0.092984
v 0.936978 0.258819 -0.234701
v 0.769577 -0.608762 -0.192769
v 0.251062 0.965926 -0.062888
v 0.366205 -0.923880 -0.111086
v 0.478469 -0.866025 -0.145141
v 0.676659 0.707107 -0.205262
v 0.582548 0.793353 -0.176714
v 0.948753 -0.130526 -0.287801
v 0.956940 -0.000000 -0.290284
v 0.582548 -0.793353 -0.176714
v 0.478470 0.866025 -0.145142
v 0.948753 0.130526 -0.287801
v 0.676659 -0.707107 -0.205262
v 0.366205 0.923879 -0.111087
v 0.924334 0.258819 -0.280393
v 0.759191 -0.608762 -0.230298
v 0.247674 0.965926 -0.075131
v 0.884098 0.382683 -0.268188
v 0.828735 -0.500000 -0.251393
v 0.124906 0.991445 -0.037890
v 0.124905 -0.991445 -0.037889
v 0.828735 0.500000 -0.251394
v 0.884097 -0.382684 -0.268188
v 0.247674 -0.965926 -0.075131
v 0.759191 0.608761 -0.230298
v 0.924333 -0.258819 -0.280393
v 0.665772 -0.707107 -0.238217
v 0.746976 -0.608762 -0.267272
v 0.360313 0.923879 -0.128922
v 0.243689 0.965926 -0.087193
v 0.909462 0.258819 -0.325410
v 0.869873 0.382683 -0.311245
v 0.815401 -0.500000 -0.291755
v 0.122896 0.991445 -0.043973
v 0.122896 -0.991445 -0.043972
v 0.815401 0.500000 -0.291755
v 0.869873 -0.382684 -0.311245
v 0.243689 -0.965926 -0.087193
v 0.746977 0.608761 -0.267273
v 0.909462 -0.258819 -0.325410
v 0.360313 -0.923880 -0.128921
v 0.665772 0.707107 -0.238217
v 0.933489 -0.130526 -0.334008
v 0.470771 -0.866025 -0.168444
v 0.573176 0.793353 -0.205085
v 0.941544 -0.000000 -0.336890
v 0.573176 -0.793353 -0.205085
v 0.470771 0.866025 -0.168444
v 0.933489 0.130526 -0.334008
v 0.800103 0.500000 -0.331413
v 0.732962 0.608761 -0.303603
v 0.853553 -0.382684 -0.353553
v 0.892399 -0.258819 -0.369643
v 0.239117 -0.965926 -0.099045
v 0.353553 -0.923880 -0.146446
v 0.653281 0.707107 -0.270598
v 0.915975 -0.130526 -0.379409
v 0.461939 -0.866025 -0.191341
v 0.562422 0.793353 -0.232963
v 0.923879 -0.000000 -0.382683
v 0.562422 -0.793353 -0.232962
v 0.461939 0.866025 -0.191341
v 0.915975 0.130526 -0.379409
v 0.653281 -0.707107 -0.270597
v 0.353553 0.923879 -0.146446
v 0.892399 0.258819 -0.369644
v 0.732962 -0.608762 -0.303603
v 0.239117 0.965926 -0.099046
v 0.853553 0.382683 -0.353553
v 0.800103 -0.500000 -0.331413
v 0.120590 0.991445 -0.049950
v 0.120590 -0.991445 -0.049950
v 0.451994 -0.866025 -0.213777
v 0.550314 -0.793353 -0.260278
v 0.550314 0.793353 -0.260279
v 0.451994 0.866025 -0.213777
v 0.903989 -0.000000 -0.427555
v 0.896255 0.130526 -0.423897
v 0.639217 -0.707107 -0.302327
v 0.345941 0.923879 -0.163618
v 0.873187 0.258819 -0.412986
v 0.717182 -0.608762 -0.339202
v 0.233970 0.965926 -0.110659
v 0.835177 0.382683 -0.395009
v 0.782878 -0.500000 -0.370273
v 0.117994 0.991445 -0.055807
v 0.117994 -0.991445 -0.055806
v 0.782878 0.500000 -0.370273
v 0.835177 -0.382684 -0.395009
v 0.233969 -0.965926 -0.110659
v 0.717182 0.608761 -0.339202
v 0.873187 -0.258819 -0.412986
v 0.345941 -0.923880 -0.163617
v 0.639217 0.707107 -0.302327
v 0.896255 -0.130526 -0.423897
v 0.699675 -0.608762 -0.373984
v 0.763766 -0.500000 -0.408241
v 0.228258 0.965926 -0.122006
v 0.115114 0.991445 -0.061529
v 0.115113 -0.991445 -0.061529
v 0.814789 0.382683 -0.435514
v 0.763766 0.500000 -0.408241
v 0.814789 -0.382684 -0.435513
v 0.228258 -0.965926 -0.122006
v 0.699675 0.608761 -0.373984
v 0.851871 -0.258819 -0.455334
v 0.337496 -0.923880 -0.180395
v 0.623612 0.707107 -0.333328
v 0.874376 -0.130526 -0.467364
v 0.440960 -0.866025 -0.235697
v 0.536880 0.793353 -0.286968
v 0.881921 -0.000000 -0.471396
v 0.536880 -0.793353 -0.286968
v 0.440960 0.866025 -0.235698
v 0.874376 0.130526 -0.467364
v 0.623612 -0.707107 -0.333327
v 0.337496 0.923879 -0.180395
v 0.851871 0.258819 -0.455334
v 0.680481 0.608761 -0.407865
v 0.606506 0.707107 -0.363525
v 0.828502 -0.258819 -0.496585
v 0.850390 -0.130526 -0.509704
v 0.328238 -0.923880 -0.196738
v 0.428863 -0.866025 -0.257050
v 0.522152 0.793353 -0.312966
v 0.857728 -0.000000 -0.514102
v 0.522152 -0.793353 -0.312965
v 0.428864 0.866025 -0.257051
v 0.850390 0.130526 -0.509704
v 0.606506 -0.707107 -0.363525
v 0.328238 0.923879 -0.196738
v 0.828502 0.258819 -0.496585
v 0.680481 -0.608762 -0.407864
v 0.221996 0.965926 -0.133059
v 0.792438 0.382683 -0.474969
v 0.742815 -0.500000 -0.445226
v 0.111956 0.991445 -0.067104
v 0.111956 -0.991445 -0.067103
v 0.742815 0.500000 -0.445226
v 0.792438 -0.382684 -0.474969
v 0.221996 -0.965926 -0.133059
v 0.506167 -0.793353 -0.338209
v 0.587938 -0.707107 -0.392847
v 0.415734 0.866025 -0.277784
v 0.318189 0.923879 -0.212607
v 0.824356 0.130526 -0.550817
v 0.803138 0.258819 -0.536640
v 0.659649 -0.608762 -0.440763
v 0.215200 0.965926 -0.143792
v 0.768178 0.382683 -0.513280
v 0.720074 -0.500000 -0.481138
v 0.108529 0.991445 -0.072516
v 0.108528 -0.991445 -0.072516
v 0.720074 0.500000 -0.481138
v 0.768178 -0.382684 -0.513280
v 0.215200 -0.965926 -0.143791
v 0.659649 0.608761 -0.440763
v 0.803138 -0.258819 -0.536639
v 0.318189 -0.923880 -0.212607
v 0.587938 0.707107 -0.392847
v 0.824356 -0.130526 -0.550817
v 0.415734 -0.866025 -0.277784
v 0.506167 0.793353 -0.338210
v 0.831469 -0.000000 -0.555570
v 0.695598 -0.500000 -0.515890
v 0.742067 -0.382684 -0.550354
v 0.104840 0.991445 -0.077754
v 0.104839 -0.991445 -0.077754
v 0.207885 -0.965926 -0.154178
v 0.695598 0.500000 -0.515891
v 0.637227 0.608761 -0.472600
v 0.775839 -0.258819 -0.575401
v 0.307374 -0.923880 -0.227963
v 0.567953 0.707107 -0.421223
v 0.796336 -0.130526 -0.590603
v 0.401603 -0.866025 -0.297848
v 0.488962 0.793353 -0.362639
v 0.803207 -0.000000 -0.595699
v 0.488962 -0.793353 -0.362638
v 0.401603 0.866025 -0.297849
v 0.796336 0.130526 -0.590603
v 0.567953 -0.707107 -0.421222
v 0.307374 0.923879 -0.227964
v 0.775839 0.258819 -0.575401
v 0.637227 -0.608762 -0.472599
v 0.207885 0.965926 -0.154178
v 0.742067 0.382683 -0.550354
v 0.546601 0.707107 -0.448584
v 0.470579 0.793353 -0.386194
v 0.766397 -0.130526 -0.628966
v 0.773010 -0.000000 -0.634393
v 0.386504 -0.866025 -0.317195
v 0.470579 -0.793353 -0.386194
v 0.386505 0.866025 -0.317196
v 0.766397 0.130526 -0.628966
v 0.546601 -0.707107 -0.448583
v 0.295818 0.923879 -0.242771
v 0.746671 0.258819 -0.612777
v 0.613270 -0.608762 -0.503297
v 0.200070 0.965926 -0.164193
v 0.714169 0.382683 -0.586103
v 0.669447 -0.500000 -0.549400
v 0.100898 0.991445 -0.082805
v 0.100898 -0.991445 -0.082804
v 0.669447 0.500000 -0.549401
v 0.714168 -0.382684 -0.586103
v 0.200069 -0.965926 -0.164192
v 0.613270 0.608761 -0.503298
v 0.746671 -0.258819 -0.612777
v 0.295818 -0.923880 -0.242771
v 0.523931 -0.707107 -0.474863
v 0.587835 -0.608762 -0.532783
v 0.283549 0.923879 -0.256994
v 0.191772 0.965926 -0.173812
v 0.715704 0.258819 -0.648676
v 0.684550 0.382683 -0.620439
v 0.641683 -0.500000 -0.581587
v 0.096713 0.991445 -0.087656
v 0.096713 -0.991445 -0.087655
v 0.641683 0.500000 -0.581587
v 0.684550 -0.382684 -0.620439
v 0.191772 -0.965926 -0.173811
v 0.587836 0.608761 -0.532783
v 0.715704 -0.258819 -0.648676
v 0.283549 -0.923880 -0.256993
v 0.523931 0.707107 -0.474864
v 0.734612 -0.130526 -0.665814
v 0.370475 -0.866025 -0.335778
v 0.451063 0.793353 -0.408819
v 0.740951 -0.000000 -0.671558
v 0.451063 -0.793353 -0.408819
v 0.370475 0.866025 -0.335779
v 0.734612 0.130526 -0.665814
v 0.653281 -0.382684 -0.653281
v 0.683013 -0.258819 -0.683012
v 0.183012 -0.965926 -0.183012
v 0.270597 -0.923880 -0.270597
v 0.560985 0.608761 -0.560985
v 0.500000 0.707107 -0.500000
v 0.701057 -0.130526 -0.701057
v 0.353553 -0.866025 -0.353552
v 0.430459 0.793353 -0.430459
v 0.707106 -0.000000 -0.707106
v 0.430459 -0.793353 -0.430459
v 0.353553 0.866025 -0.353553
v 0.701057 0.130526 -0.701057
v 0.500000 -0.707107 -0.499999
v 0.270598 0.923879 -0.270598
v 0.683013 0.258819 -0.683013
v 0.560985 -0.608762 -0.560985
v 0.183013 0.965926 -0.183012
v 0.653282 0.382683 -0.653281
v 0.612373 -0.500000 -0.612372
v 0.092296 0.991445 -0.092296
v 0.092296 -0.991445 -0.092295
v 0.612373 0.500000 -0.612372
v 0.408819 0.793353 -0.451062
v 0.335779 0.866025 -0.370475
v 0.671558 -0.000000 -0.740950
v 0.665814 0.130526 -0.734612
v 0.408819 -0.793353 -0.451062
v 0.474864 -0.707107 -0.523931
v 0.256994 0.923879 -0.283549
v 0.648676 0.258819 -0.715704
v 0.532783 -0.608762 -0.587835
v 0.173812 0.965926 -0.191772
v 0.620440 0.382683 -0.684549
v 0.581587 -0.500000 -0.641682
v 0.087656 0.991445 -0.096713
v 0.087656 -0.991445 -0.096713
v 0.581587 0.500000 -0.641682
v 0.620440 -0.382684 -0.684549
v 0.173812 -0.965926 -0.191771
v 0.532783 0.608761 -0.587836
v 0.648676 -0.258819 -0.715703
v 0.256994 -0.923880 -0.283549
v 0.474864 0.707107 -0.523931
v 0.665813 -0.130526 -0.734612
v 0.335779 -0.866025 -0.370474
v 0.503298 -0.608762 -0.613269
v 0.549401 -0.500000 -0.669446
v 0.164193 0.965926 -0.200070
v 0.082805 0.991445 -0.100898
v 0.082805 -0.991445 -0.100897
v 0.586103 0.382683 -0.714168
v 0.549401 0.500000 -0.669447
v 0.586103 -0.382684 -0.714168
v 0.164193 -0.965926 -0.200069
v 0.503298 0.608761 -0.613270
v 0.612777 -0.258819 -0.746670
v 0.242771 -0.923880 -0.295817
v 0.448584 0.707107 -0.546601
v 0.628966 -0.130526 -0.766397
v 0.317196 -0.866025 -0.386504
v 0.386194 0.793353 -0.470579
v 0.634393 -0.000000 -0.773010
v 0.386194 -0.793353 -0.470578
v 0.317196 0.866025 -0.386504
v 0.628966 0.130526 -0.766397
v 0.448584 -0.707107 -0.546600
v 0.242771 0.923879 -0.295818
v 0.612777 0.258819 -0.746671
v 0.575402 -0.258819 -0.775839
v 0.590603 -0.130526 -0.796336
v 0.227964 -0.923880 -0.307373
v 0.297849 -0.866025 -0.401602
v 0.421223 0.707106 -0.567953
v 0.362639 0.793353 -0.488962
v 0.595699 -0.000000 -0.803207
v 0.362639 -0.793353 -0.488961
v 0.297849 0.866025 -0.401603
v 0.590603 0.130526 -0.796336
v 0.421223 -0.707107 -0.567953
v 0.227964 0.923879 -0.307374
v 0.575402 0.258819 -0.775839
v 0.472600 -0.608762 -0.637226
v 0.154178 0.965926 -0.207885
v 0.550354 0.382683 -0.742067
v 0.515891 -0.500000 -0.695598
v 0.077754 0.991445 -0.104839
v 0.077754 -0.991445 -0.104839
v 0.515891 0.500000 -0.695598
v 0.550354 -0.382684 -0.742067
v 0.154178 -0.965926 -0.207884
v 0.472600 0.608761 -0.637227
v 0.277785 0.866025 -0.415734
v 0.212607 0.923879 -0.318189
v 0.550817 0.130526 -0.824356
v 0.536640 0.258819 -0.803138
v 0.392847 -0.707107 -0.587937
v 0.440763 -0.608762 -0.659648
v 0.143792 0.965926 -0.215200
v 0.513280 0.382683 -0.768178
v 0.481138 -0.500000 -0.720073
v 0.072516 0.991445 -0.108528
v 0.072516 -0.991445 -0.108528
v 0.481138 0.500000 -0.720074
v 0.513280 -0.382684 -0.768177
v 0.143792 -0.965926 -0.215199
v 0.440763 0.608761 -0.659649
v 0.536640 -0.258819 -0.803138
v 0.212607 -0.923880 -0.318189
v 0.392847 0.707106 -0.587938
v 0.550817 -0.130526 -0.824356
v 0.277784 -0.866025 -0.415733
v 0.338210 0.793353 -0.506166
v 0.555570 -0.000000 -0.831469
v 0.338210 -0.793353 -0.506166
v 0.445226 -0.500000 -0.742814
v 0.474969 -0.382684 -0.792437
v 0.067104 0.991445 -0.111956
v 0.067104 -0.991445 -0.111955
v 0.133059 -0.965926 -0.221996
v 0.445226 0.500000 -0.742815
v 0.407865 0.608761 -0.680481
v 0.496585 -0.258819 -0.828502
v 0.196738 -0.923880 -0.328237
v 0.363525 0.707106 -0.606506
v 0.509704 -0.130526 -0.850391
v 0.257051 -0.866025 -0.428863
v 0.312966 0.793353 -0.522152
v 0.514102 -0.000000 -0.857728
v 0.312966 -0.793353 -0.522152
v 0.257051 0.866025 -0.428863
v 0.509704 0.130526 -0.850391
v 0.363525 -0.707107 -0.606505
v 0.196738 0.923879 -0.328238
v 0.496585 0.258819 -0.828502
v 0.407865 -0.608762 -0.680481
v 0.133060 0.965926 -0.221996
v 0.474969 0.382683 -0.792438
v 0.467364 -0.130527 -0.874376
v 0.471396 -0.000000 -0.881921
v 0.235698 -0.866025 -0.440959
v 0.286968 -0.793353 -0.536879
v 0.286968 0.793353 -0.536879
v 0.235698 0.866025 -0.440960
v 0.467364 0.130526 -0.874376
v 0.333328 -0.707107 -0.623612
v 0.180395 0.923879 -0.337496
v 0.455335 0.258819 -0.851871
v 0.373984 -0.608762 -0.699674
v 0.122006 0.965926 -0.228258
v 0.435514 0.382683 -0.814789
v 0.408242 -0.500000 -0.763766
v 0.061530 0.991445 -0.115114
v 0.061529 -0.991445 -0.115113
v 0.408242 0.500000 -0.763766
v 0.435514 -0.382684 -0.814789
v 0.122006 -0.965926 -0.228257
v 0.373984 0.608761 -0.699674
v 0.455334 -0.258819 -0.851870
v 0.180395 -0.923880 -0.337495
v 0.333328 0.707106 -0.623612
v 0.163618 0.923879 -0.345941
v 0.110659 0.965926 -0.233969
v 0.412987 0.258819 -0.873187
v 0.395009 0.382683 -0.835177
v 0.339202 -0.608762 -0.717182
v 0.370274 -0.500000 -0.782877
v 0.055807 0.991445 -0.117994
v 0.055807 -0.991445 -0.117993
v 0.370274 0.500000 -0.782878
v 0.395009 -0.382684 -0.835177
v 0.110659 -0.965926 -0.233969
v 0.339202 0.608761 -0.717182
v 0.412987 -0.258819 -0.873186
v 0.163618 -0.923880 -0.345941
v 0.302327 0.707106 -0.639217
v 0.423897 -0.130527 -0.896255
v 0.213777 -0.866025 -0.451993
v 0.260279 0.793353 -0.550314
v 0.427555 -0.000000 -0.903988
v 0.260279 -0.793353 -0.550313
v 0.213777 0.866025 -0.451994
v 0.423897 0.130526 -0.896255
v 0.302327 -0.707107 -0.639216
v 0.353553 -0.382684 -0.853553
v 0.369644 -0.258819 -0.892399
v 0.099046 -0.965926 -0.239117
v 0.146446 -0.923880 -0.353552
v 0.303603 0.608761 -0.732962
v 0.270598 0.707106 -0.653281
v 0.379409 -0.130527 -0.915976
v 0.191341 -0.866025 -0.461938
v 0.232963 0.793353 -0.562422
v 0.382683 -0.000000 -0.923879
v 0.232963 -0.793353 -0.562422
v 0.191341 0.866025 -0.461939
v 0.379409 0.130526 -0.915976
v 0.270598 -0.707107 -0.653281
v 0.146446 0.923879 -0.353553
v 0.369644 0.258819 -0.892399
v 0.303603 -0.608762 -0.732962
v 0.099046 0.965926 -0.239117
v 0.353553 0.382683 -0.853553
v 0.331414 -0.500000 -0.800103
v 0.049950 0.991445 -0.120590
v 0.049950 -0.991445 -0.120590
v 0.331414 0.500000 -0.800103
v 0.336889 -0.000000 -0.941543
v 0.334007 0.130526 -0.933489
v 0.205086 -0.793353 -0.573175
v 0.238217 -0.707107 -0.665771
v 0.168445 0.866025 -0.470771
v 0.128922 0.923879 -0.360313
v 0.325411 0.258819 -0.909462
v 0.267272 -0.608762 -0.746976
v 0.087193 0.965926 -0.243689
v 0.311246 0.382683 -0.869873
v 0.291755 -0.500000 -0.815401
v 0.043973 0.991445 -0.122896
v 0.043973 -0.991445 -0.122895
v 0.291755 0.500000 -0.815401
v 0.311246 -0.382684 -0.869873
v 0.087193 -0.965926 -0.243689
v 0.267272 0.608761 -0.746976
v 0.325411 -0.258819 -0.909461
v 0.128922 -0.923880 -0.360312
v 0.238217 0.707106 -0.665772
v 0.334007 -0.130527 -0.933489
v 0.168444 -0.866025 -0.470770
v 0.205085 0.793353 -0.573176
v 0.075131 0.965926 -0.247674
v 0.037890 0.991445 -0.124905
v 0.037890 -0.991445 -0.124905
v 0.268188 0.382683 -0.884098
v 0.251394 0.500000 -0.828735
v 0.251394 -0.500000 -0.828734
v 0.268188 -0.382684 -0.884097
v 0.075131 -0.965926 -0.247673
v 0.230298 0.608761 -0.759191
v 0.280394 -0.258819 -0.924333
v 0.111087 -0.923880 -0.366204
v 0.205262 0.707106 -0.676659
v 0.287801 -0.130527 -0.948753
v 0.145142 -0.866025 -0.478469
v 0.176714 0.793353 -0.582548
v 0.290284 -0.000000 -0.956939
v 0.176714 -0.793353 -0.582548
v 0.145142 0.866025 -0.478469
v 0.287801 0.130526 -0.948753
v 0.205262 -0.707107 -0.676658
v 0.111087 0.923879 -0.366205
v 0.280394 0.258819 -0.924334
v 0.230298 -0.608762 -0.759191
v 0.234701 -0.258819 -0.936978
v 0.240901 -0.130527 -0.961732
v 0.092984 -0.923880 -0.371214
v 0.121490 -0.866025 -0.485014
v 0.171813 0.707106 -0.685915
v 0.147917 0.793353 -0.590517
v 0.242980 -0.000000 -0.970030
v 0.147917 -0.793353 -0.590517
v 0.121490 0.866025 -0.485015
v 0.240901 0.130526 -0.961732
v 0.171813 -0.707107 -0.685915
v 0.092984 0.923879 -0.371214
v 0.234701 0.258819 -0.936978
v 0.192769 -0.608762 -0.769576
v 0.062888 0.965926 -0.251062
v 0.224484 0.382683 -0.896192
v 0.210427 -0.500000 -0.840071
v 0.031715 0.991445 -0.126614
v 0.031715 -0.991445 -0.126613
v 0.210427 0.500000 -0.840072
v 0.224484 -0.382684 -0.896192
v 0.062888 -0.965926 -0.251062
v 0.192769 0.608761 -0.769577
v 0.193421 0.130526 -0.972394
v 0.188443 0.258819 -0.947366
v 0.137950 -0.707107 -0.693519
v 0.154775 -0.608762 -0.778108
v 0.074658 0.923879 -0.375330
v 0.050493 0.965926 -0.253846
v 0.180240 0.382683 -0.906127
v 0.168953 -0.500000 -0.849385
v 0.025464 0.991445 -0.128018
v 0.025464 -0.991445 -0.128017
v 0.168953 0.500000 -0.849385
v 0.180240 -0.382684 -0.906127
v 0.050493 -0.965926 -0.253845
v 0.154775 0.608761 -0.778109
v 0.188443 -0.258819 -0.947366
v 0.074658 -0.923880 -0.375329
v 0.137949 0.707106 -0.693520
v 0.193421 -0.130527 -0.972394
v 0.097545 -0.866025 -0.490391
v 0.118763 0.793353 -0.597064
v 0.195090 -0.000000 -0.980784
v 0.118763 -0.793353 -0.597064
v 0.097545 0.866025 -0.490392
v 0.019152 0.991445 -0.129113
v 0.019152 -0.991445 -0.129112
v 0.037977 -0.965926 -0.256017
v 0.127072 0.500000 -0.856652
v 0.116409 0.608761 -0.784766
v 0.135561 -0.382684 -0.913880
v 0.141731 -0.258819 -0.955471
v 0.056151 -0.923880 -0.378540
v 0.103754 0.707106 -0.699453
v 0.145475 -0.130527 -0.980714
v 0.073365 -0.866025 -0.494587
v 0.089324 0.793353 -0.602172
v 0.146730 -0.000000 -0.989176
v 0.089324 -0.793353 -0.602172
v 0.073365 0.866025 -0.494587
v 0.145475 0.130526 -0.980714
v 0.103754 -0.707107 -0.699453
v 0.056151 0.923879 -0.378541
v 0.141731 0.258819 -0.955471
v 0.116409 -0.608762 -0.784765
v 0.037977 0.965926 -0.256017
v 0.135561 0.382683 -0.913880
v 0.127072 -0.500000 -0.856652
v 0.097178 -0.130527 -0.986671
v 0.098017 -0.000000 -0.995184
v 0.049008 -0.866025 -0.497591
v 0.059669 -0.793353 -0.605829
v 0.059669 0.793353 -0.605830
v 0.049008 0.866025 -0.497591
v 0.097178 0.130526 -0.986671
v 0.069308 -0.707107 -0.703701
v 0.037509 0.923879 -0.380840
v 0.094677 0.258819 -0.961275
v 0.077762 -0.608762 -0.789532
v 0.025369 0.965926 -0.257572
v 0.090556 0.382683 -0.919431
v 0.084885 -0.500000 -0.861855
v 0.012794 0.991445 -0.129897
v 0.012794 -0.991445 -0.129897
v 0.084885 0.500000 -0.861855
v 0.090556 -0.382684 -0.919430
v 0.025369 -0.965926 -0.257572
v 0.077762 0.608761 -0.789532
v 0.094677 -0.258819 -0.961274
v 0.037509 -0.923880 -0.380839
v 0.069308 0.707106 -0.703701
v 0.047396 0.258819 -0.964763
v 0.045332 0.382683 -0.922767
v 0.038928 -0.608762 -0.792396
v 0.042494 -0.500000 -0.864982
v 0.012700 0.965926 -0.258507
v 0.006405 0.991445 -0.130369
v 0.006405 -0.991445 -0.130368
v 0.042494 0.500000 -0.864982
v 0.045333 -0.382684 -0.922766
v 0.012700 -0.965926 -0.258506
v 0.038928 0.608761 -0.792397
v 0.047396 -0.258819 -0.964762
v 0.018777 -0.923880 -0.382221
v 0.034696 0.707106 -0.706255
v 0.048647 -0.130527 -0.990250
v 0.024534 -0.866025 -0.499396
v 0.029870 0.793353 -0.608028
v 0.049067 -0.000000 -0.998794
v 0.029871 -0.793353 -0.608028
v 0.024534 0.866025 -0.499397
v 0.048648 0.130526 -0.990250
v 0.034696 -0.707107 -0.706254
v 0.018777 0.923879 -0.382222
v 0.000000 -0.965926 -0.258818
v 0.000000 -0.923880 -0.382682
v 0.000000 0.608761 -0.793352
v 0.000000 0.707106 -0.707106
v 0.000000 -0.258819 -0.965926
v 0.000000 -0.130527 -0.991445
v 0.000000 -0.866025 -0.499998
v 0.000000 0.793353 -0.608761
v 0.000000 -0.000000 -0.999999
v 0.000000 -0.793353 -0.608761
v 0.000000 0.866025 -0.499999
v 0.000000 0.130526 -0.991445
v 0.000000 -0.707107 -0.707106
v 0.000000 0.923879 -0.382683
v 0.000000 0.258819 -0.965926
v 0.000000 -0.608762 -0.793352
v 0.000000 0.965926 -0.258819
v 0.000000 0.382683 -0.923879
v 0.000000 -0.500000 -0.866025
v 0.000000 0.991445 -0.130526
v 0.000000 -0.991445 -0.130525
v 0.000000 0.500000 -0.866025
v 0.000000 -0.382684 -0.923879
v -0.049068 -0.000000 -0.998794
v -0.048648 0.130526 -0.990250
v -0.029870 -0.793353 -0.608028
v -0.034696 -0.707107 -0.706254
v -0.024534 0.866025 -0.499397
v -0.018777 0.923879 -0.382222
v -0.047396 0.258819 -0.964763
v -0.038928 -0.608762 -0.792396
v -0.012700 0.965926 -0.258507
v -0.045333 0.382683 -0.922767
v -0.042494 -0.500000 -0.864982
v -0.006405 0.991445 -0.130369
v -0.006405 -0.991445 -0.130368
v -0.042494 0.500000 -0.864982
v -0.045333 -0.382684 -0.922766
v -0.012700 -0.965926 -0.258506
v -0.038928 0.608761 -0.792397
v -0.047396 -0.258819 -0.964762
v -0.018777 -0.923880 -0.382221
v -0.034696 0.707106 -0.706255
v -0.048648 -0.130527 -0.990250
v -0.024534 -0.866025 -0.499396
v -0.029871 0.793353 -0.608028
v -0.012794 -0.991445 -0.129897
v -0.090556 0.382683 -0.919431
v -0.084885 0.500000 -0.861855
v -0.084885 -0.500000 -0.861855
v -0.090556 -0.382684 -0.919430
v -0.012794 0.991445 -0.129897
v -0.025369 -0.965926 -0.257572
v -0.077762 0.608761 -0.789532
v -0.094677 -0.258819 -0.961274
v -0.037510 -0.923880 -0.380839
v -0.069309 0.707106 -0.703701
v -0.097179 -0.130527 -0.986670
v -0.049009 -0.866025 -0.497591
v -0.059669 0.793353 -0.605830
v -0.098017 -0.000000 -0.995184
v -0.059669 -0.793353 -0.605829
v -0.049009 0.866025 -0.497591
v -0.097179 0.130526 -0.986670
v -0.069309 -0.707107 -0.703701
v -0.037510 0.923879 -0.380840
v -0.094677 0.258819 -0.961275
v -0.077762 -0.608762 -0.789532
v -0.025369 0.965926 -0.257572
v -0.056151 -0.923880 -0.378540
v -0.073365 -0.866025 -0.494586
v -0.103754 0.707106 -0.699453
v -0.089324 0.793353 -0.602172
v -0.145476 -0.130527 -0.980714
v -0.146731 -0.000000 -0.989175
v -0.089324 -0.793353 -0.602172
v -0.073365 0.866025 -0.494587
v -0.145476 0.130526 -0.980714
v -0.103754 -0.707107 -0.699453
v -0.056151 0.923879 -0.378541
v -0.141731 0.258819 -0.955471
v -0.116409 -0.608762 -0.784765
v -0.037977 0.965926 -0.256017
v -0.135561 0.382683 -0.913880
v -0.127072 -0.500000 -0.856652
v -0.019152 0.991445 -0.129113
v -0.019152 -0.991445 -0.129112
v -0.127072 0.500000 -0.856652
v -0.135561 -0.382684 -0.913880
v -0.037977 -0.965926 -0.256017
v -0.116409 0.608761 -0.784766
v -0.141731 -0.258819 -0.955471
v -0.193422 0.130526 -0.972394
v -0.188443 0.258819 -0.947366
v -0.137950 -0.707107 -0.693519
v -0.154776 -0.608762 -0.778108
v -0.137950 0.707106 -0.693519
v -0.118764 0.793353 -0.597064
v -0.180240 0.382683 -0.906127
v -0.168953 -0.500000 -0.849385
v -0.025464 -0.991445 -0.128017
v -0.097545 0.866025 -0.490391
v -0.168953 0.500000 -0.849385
v -0.180240 -0.382684 -0.906127
v -0.050493 -0.965926 -0.253845
v -0.074658 0.923879 -0.375330
v -0.154776 0.608761 -0.778108
v -0.188443 -0.258819 -0.947366
v -0.074658 -0.923880 -0.375329
v -0.050493 0.965926 -0.253846
v -0.193422 -0.130527 -0.972394
v -0.097545 -0.866025 -0.490391
v -0.025464 0.991445 -0.128018
v -0.195090 -0.000000 -0.980784
v -0.118763 -0.793353 -0.597064
v -0.147917 -0.793353 -0.590517
v -0.171813 -0.707107 -0.685915
v -0.121490 0.866025 -0.485014
v -0.092984 0.923879 -0.371214
v -0.240902 0.130526 -0.961732
v -0.234701 0.258819 -0.936978
v -0.192769 -0.608762 -0.769576
v -0.062888 0.965926 -0.251062
v -0.224485 0.382683 -0.896192
v -0.210427 -0.500000 -0.840071
v -0.031715 0.991445 -0.126614
v -0.031715 -0.991445 -0.126613
v -0.210427 0.500000 -0.840072
v -0.224484 -0.382684 -0.896192
v -0.062888 -0.965926 -0.251062
v -0.192769 0.608761 -0.769577
v -0.234701 -0.258819 -0.936978
v -0.092984 -0.923880 -0.371214
v -0.171813 0.707106 -0.685915
v -0.240902 -0.130527 -0.961732
v -0.121490 -0.866025 -0.485014
v -0.147917 0.793353 -0.590517
v -0.242980 -0.000000 -0.970030
v -0.251394 -0.500000 -0.828734
v -0.268188 -0.382684 -0.884097
v -0.037890 0.991445 -0.124905
v -0.037890 -0.991445 -0.124905
v -0.075131 -0.965926 -0.247673
v -0.251394 0.500000 -0.828735
v -0.230298 0.608761 -0.759191
v -0.280394 -0.258819 -0.924333
v -0.111087 -0.923880 -0.366204
v -0.205263 0.707106 -0.676658
v -0.287802 -0.130527 -0.948753
v -0.145142 -0.866025 -0.478468
v -0.176714 0.793353 -0.582548
v -0.290285 -0.000000 -0.956939
v -0.176714 -0.793353 -0.582548
v -0.145142 0.866025 -0.478469
v -0.287802 0.130526 -0.948753
v -0.205262 -0.707107 -0.676658
v -0.111087 0.923879 -0.366204
v -0.280394 0.258819 -0.924334
v -0.230298 -0.608762 -0.759190
v -0.075131 0.965926 -0.247674
v -0.268188 0.382683 -0.884097
v -0.238217 0.707106 -0.665772
v -0.205086 0.793353 -0.573175
v -0.334008 -0.130527 -0.933489
v -0.336890 -0.000000 -0.941543
v -0.168445 -0.866025 -0.470770
v -0.205085 -0.793353 -0.573175
v -0.168445 0.866025 -0.470771
v -0.334008 0.130526 -0.933489
v -0.238217 -0.707107 -0.665771
v -0.128922 0.923879 -0.360313
v -0.325411 0.258819 -0.909462
v -0.267273 -0.608762 -0.746976
v -0.087194 0.965926 -0.243689
v -0.311246 0.382683 -0.869873
v -0.291755 -0.500000 -0.815401
v -0.043973 0.991445 -0.122896
v -0.043973 -0.991445 -0.122895
v -0.291755 0.500000 -0.815401
v -0.311246 -0.382684 -0.869873
v -0.087193 -0.965926 -0.243689
v -0.267273 0.608761 -0.746976
v -0.325411 -0.258819 -0.909462
v -0.128922 -0.923880 -0.360312
v -0.270598 -0.707107 -0.653281
v -0.303603 -0.608762 -0.732962
v -0.146446 0.923879 -0.353553
v -0.099046 0.965926 -0.239117
v -0.369644 0.258819 -0.892399
v -0.353554 0.382683 -0.853553
v -0.331414 -0.500000 -0.800103
v -0.049950 0.991445 -0.120590
v -0.049950 -0.991445 -0.120590
v -0.331414 0.500000 -0.800103
v -0.353553 -0.382684 -0.853553
v -0.099046 -0.965926 -0.239117
v -0.303603 0.608761 -0.732962
v -0.369644 -0.258819 -0.892399
v -0.146446 -0.923880 -0.353552
v -0.270598 0.707106 -0.653281
v -0.379410 -0.130527 -0.915975
v -0.191341 -0.866025 -0.461938
v -0.232963 0.793353 -0.562422
v -0.382683 -0.000000 -0.923878
v -0.232963 -0.793353 -0.562422
v -0.191341 0.866025 -0.461939
v -0.379410 0.130526 -0.915975
v -0.395009 -0.382684 -0.835177
v -0.412987 -0.258819 -0.873187
v -0.110659 -0.965926 -0.233969
v -0.163618 -0.923880 -0.345940
v -0.339202 0.608761 -0.717182
v -0.302327 0.707106 -0.639216
v -0.423898 -0.130527 -0.896255
v -0.213777 -0.866025 -0.451993
v -0.260279 0.793353 -0.550314
v -0.427555 -0.000000 -0.903988
v -0.260279 -0.793353 -0.550313
v -0.213777 0.866025 -0.451993
v -0.423898 0.130526 -0.896255
v -0.302327 -0.707107 -0.639216
v -0.163618 0.923879 -0.345941
v -0.412987 0.258819 -0.873187
v -0.339202 -0.608762 -0.717182
v -0.110659 0.965926 -0.233969
v -0.395010 0.382683 -0.835177
v -0.370274 -0.500000 -0.782877
v -0.055807 0.991445 -0.117994
v -0.055807 -0.991445 -0.117993
v -0.370274 0.500000 -0.782878
v -0.286968 0.793353 -0.536879
v -0.235698 0.866025 -0.440959
v -0.471397 -0.000000 -0.881920
v -0.467364 0.130526 -0.874376
v -0.286968 -0.793353 -0.536879
v -0.333328 -0.707107 -0.623612
v -0.180396 0.923879 -0.337496
v -0.455335 0.258819 -0.851871
v -0.373984 -0.608762 -0.699674
v -0.122006 0.965926 -0.228258
v -0.435514 0.382683 -0.814789
v -0.408242 -0.500000 -0.763766
v -0.061530 0.991445 -0.115113
v -0.061529 -0.991445 -0.115113
v -0.408242 0.500000 -0.763766
v -0.435514 -0.382684 -0.814789
v -0.122006 -0.965926 -0.228257
v -0.373984 0.608761 -0.699674
v -0.455334 -0.258819 -0.851870
v -0.180395 -0.923880 -0.337495
v -0.333328 0.707106 -0.623612
v -0.467364 -0.130527 -0.874376
v -0.235698 -0.866025 -0.440959
v -0.407865 -0.608762 -0.680480
v -0.445226 -0.500000 -0.742814
v -0.133060 0.965926 -0.221996
v -0.067104 0.991445 -0.111956
v -0.067104 -0.991445 -0.111955
v -0.474969 0.382683 -0.792438
v -0.445226 0.500000 -0.742815
v -0.474969 -0.382684 -0.792437
v -0.133059 -0.965926 -0.221996
v -0.407865 0.608761 -0.680481
v -0.496585 -0.258819 -0.828502
v -0.196738 -0.923880 -0.328237
v -0.363526 0.707106 -0.606505
v -0.509705 -0.130526 -0.850390
v -0.257051 -0.866025 -0.428863
v -0.312966 0.793353 -0.522152
v -0.514103 -0.000000 -0.857727
v -0.312966 -0.793353 -0.522151
v -0.257051 0.866025 -0.428863
v -0.509705 0.130526 -0.850390
v -0.363525 -0.707107 -0.606505
v -0.196738 0.923879 -0.328238
v -0.496585 0.258819 -0.828502
v -0.536640 -0.258819 -0.803138
v -0.550818 -0.130526 -0.824356
v -0.212607 -0.923880 -0.318188
v -0.277784 -0.866025 -0.415733
v -0.392848 0.707106 -0.587937
v -0.338210 0.793353 -0.506166
v -0.555570 -0.000000 -0.831468
v -0.338210 -0.793353 -0.506166
v -0.277785 0.866025 -0.415734
v -0.550818 0.130526 -0.824356
v -0.392847 -0.707107 -0.587937
v -0.212607 0.923879 -0.318189
v -0.536640 0.258819 -0.803138
v -0.440763 -0.608762 -0.659648
v -0.143792 0.965926 -0.215200
v -0.513280 0.382683 -0.768177
v -0.481138 -0.500000 -0.720073
v -0.072516 0.991445 -0.108528
v -0.072516 -0.991445 -0.108528
v -0.481138 0.500000 -0.720074
v -0.513280 -0.382684 -0.768177
v -0.143792 -0.965926 -0.215199
v -0.440763 0.608761 -0.659648
v -0.297849 0.866025 -0.401603
v -0.227964 0.923879 -0.307373
v -0.590603 0.130526 -0.796335
v -0.575402 0.258819 -0.775839
v -0.421223 -0.707107 -0.567953
v -0.472600 -0.608762 -0.637226
v -0.154178 0.965926 -0.207885
v -0.550355 0.382683 -0.742067
v -0.515891 -0.500000 -0.695598
v -0.077754 0.991445 -0.104839
v -0.077754 -0.991445 -0.104839
v -0.515891 0.500000 -0.695598
v -0.550354 -0.382684 -0.742067
v -0.154178 -0.965926 -0.207884
v -0.472600 0.608761 -0.637226
v -0.575402 -0.258819 -0.775839
v -0.227964 -0.923880 -0.307373
v -0.421223 0.707106 -0.567953
v -0.590603 -0.130526 -0.796335
v -0.297849 -0.866025 -0.401602
v -0.362639 0.793353 -0.488961
v -0.595699 -0.000000 -0.803206
v -0.362639 -0.793353 -0.488961
v -0.549401 -0.500000 -0.669446
v -0.586103 -0.382684 -0.714168
v -0.082805 0.991445 -0.100898
v -0.082805 -0.991445 -0.100897
v -0.164193 -0.965926 -0.200069
v -0.549401 0.500000 -0.669447
v -0.503298 0.608761 -0.613269
v -0.612777 -0.258819 -0.746671
v -0.242771 -0.923880 -0.295817
v -0.448584 0.707107 -0.546600
v -0.628966 -0.130526 -0.766397
v -0.317196 -0.866025 -0.386504
v -0.386194 0.793353 -0.470579
v -0.634393 -0.000000 -0.773009
v -0.386194 -0.793353 -0.470578
v -0.317196 0.866025 -0.386504
v -0.628966 0.130526 -0.766397
v -0.448584 -0.707107 -0.546600
v -0.242771 0.923879 -0.295818
v -0.612777 0.258819 -0.746671
v -0.503298 -0.608762 -0.613269
v -0.164193 0.965926 -0.200069
v -0.586103 0.382683 -0.714168
v -0.665814 -0.130526 -0.734612
v -0.671559 -0.000000 -0.740950
v -0.335779 -0.866025 -0.370474
v -0.408819 -0.793353 -0.451062
v -0.408819 0.793353 -0.451062
v -0.335779 0.866025 -0.370474
v -0.665814 0.130526 -0.734612
v -0.474864 -0.707107 -0.523931
v -0.256994 0.923879 -0.283549
v -0.648677 0.258819 -0.715704
v -0.532783 -0.608762 -0.587835
v -0.173812 0.965926 -0.191772
v -0.620440 0.382683 -0.684549
v -0.581587 -0.500000 -0.641682
v -0.087656 0.991445 -0.096713
v -0.087656 -0.991445 -0.096713
v -0.581587 0.500000 -0.641683
v -0.620440 -0.382684 -0.684549
v -0.173812 -0.965926 -0.191771
v -0.532783 0.608761 -0.587835
v -0.648676 -0.258819 -0.715704
v -0.256994 -0.923880 -0.283549
v -0.474864 0.707107 -0.523931
v -0.270598 0.923879 -0.270597
v -0.183013 0.965926 -0.183012
v -0.683013 0.258819 -0.683013
v -0.653282 0.382683 -0.653281
v -0.560985 -0.608762 -0.560984
v -0.612372 -0.500000 -0.612372
v -0.092296 0.991445 -0.092296
v -0.092296 -0.991445 -0.092295
v -0.612373 0.500000 -0.612372
v -0.653281 -0.382684 -0.653281
v -0.183012 -0.965926 -0.183012
v -0.560985 0.608761 -0.560985
v -0.683013 -0.258819 -0.683013
v -0.270598 -0.923880 -0.270597
v -0.500000 0.707107 -0.499999
v -0.701058 -0.130526 -0.701057
v -0.353553 -0.866025 -0.353552
v -0.430459 0.793353 -0.430459
v -0.707106 -0.000000 -0.707106
v -0.430459 -0.793353 -0.430459
v -0.353553 0.866025 -0.353552
v -0.701058 0.130526 -0.701057
v -0.500000 -0.707107 -0.499999
v -0.684550 -0.382684 -0.620439
v -0.715704 -0.258819 -0.648676
v -0.191772 -0.965926 -0.173811
v -0.283549 -0.923880 -0.256993
v -0.587836 0.608761 -0.532783
v -0.523932 0.707107 -0.474863
v -0.734612 -0.130526 -0.665813
v -0.370475 -0.866025 -0.335778
v -0.451063 0.793353 -0.408819
v -0.740951 -0.000000 -0.671558
v -0.451062 -0.793353 -0.408819
v -0.370475 0.866025 -0.335778
v -0.734612 0.130526 -0.665813
v -0.523931 -0.707107 -0.474863
v -0.283549 0.923879 -0.256994
v -0.715704 0.258819 -0.648676
v -0.587835 -0.608762 -0.532782
v -0.191772 0.965926 -0.173812
v -0.684550 0.382683 -0.620439
v -0.641683 -0.500000 -0.581587
v -0.096714 0.991445 -0.087656
v -0.096713 -0.991445 -0.087655
v -0.641683 0.500000 -0.581587
v -0.773010 -0.000000 -0.634392
v -0.766397 0.130526 -0.628965
v -0.470579 -0.793353 -0.386194
v -0.546601 -0.707107 -0.448583
v -0.386505 0.866025 -0.317196
v -0.295818 0.923879 -0.242771
v -0.746671 0.258819 -0.612777
v -0.613270 -0.608762 -0.503297
v -0.200070 0.965926 -0.164193
v -0.714169 0.382683 -0.586103
v -0.669447 -0.500000 -0.549400
v -0.100898 0.991445 -0.082805
v -0.100898 -0.991445 -0.082804
v -0.669447 0.500000 -0.549401
v -0.714168 -0.382684 -0.586102
v -0.200069 -0.965926 -0.164192
v -0.613270 0.608761 -0.503297
v -0.746671 -0.258819 -0.612777
v -0.295818 -0.923880 -0.242771
v -0.546601 0.707107 -0.448583
v -0.766397 -0.130526 -0.628965
v -0.386504 -0.866025 -0.317195
v -0.470579 0.793353 -0.386194
v -0.207885 0.965926 -0.154178
v -0.104840 0.991445 -0.077754
v -0.104839 -0.991445 -0.077754
v -0.742067 0.382683 -0.550354
v -0.695598 0.500000 -0.515891
v -0.695598 -0.500000 -0.515890
v -0.742067 -0.382684 -0.550354
v -0.207885 -0.965926 -0.154177
v -0.637227 0.608761 -0.472599
v -0.775839 -0.258819 -0.575401
v -0.307374 -0.923880 -0.227963
v -0.567953 0.707107 -0.421222
v -0.796336 -0.130526 -0.590602
v -0.401603 -0.866025 -0.297848
v -0.488962 0.793353 -0.362638
v -0.803207 -0.000000 -0.595698
v -0.488962 -0.793353 -0.362638
v -0.401603 0.866025 -0.297849
v -0.796336 0.130526 -0.590602
v -0.567953 -0.707107 -0.421222
v -0.307374 0.923879 -0.227964
v -0.775839 0.258819 -0.575401
v -0.637227 -0.608762 -0.472599
v -0.803138 -0.258819 -0.536640
v -0.824356 -0.130526 -0.550816
v -0.318189 -0.923880 -0.212607
v -0.415734 -0.866025 -0.277784
v -0.587938 0.707107 -0.392847
v -0.506167 0.793353 -0.338209
v -0.831469 -0.000000 -0.555569
v -0.506167 -0.793353 -0.338209
v -0.415734 0.866025 -0.277784
v -0.824356 0.130526 -0.550817
v -0.587937 -0.707107 -0.392847
v -0.318189 0.923879 -0.212607
v -0.803138 0.258819 -0.536640
v -0.659648 -0.608762 -0.440762
v -0.215200 0.965926 -0.143792
v -0.768178 0.382683 -0.513280
v -0.720074 -0.500000 -0.481138
v -0.108529 0.991445 -0.072516
v -0.108528 -0.991445 -0.072516
v -0.720074 0.500000 -0.481138
v -0.768178 -0.382684 -0.513279
v -0.215200 -0.965926 -0.143791
v -0.659649 0.608761 -0.440762
v -0.850391 0.130526 -0.509704
v -0.828503 0.258819 -0.496585
v -0.606505 -0.707107 -0.363525
v -0.680481 -0.608762 -0.407864
v -0.328238 0.923879 -0.196738
v -0.221996 0.965926 -0.133059
v -0.792438 0.382683 -0.474969
v -0.742815 -0.500000 -0.445226
v -0.111956 0.991445 -0.067104
v -0.111956 -0.991445 -0.067103
v -0.742815 0.500000 -0.445226
v -0.792438 -0.382684 -0.474968
v -0.221996 -0.965926 -0.133059
v -0.680481 0.608761 -0.407864
v -0.828502 -0.258819 -0.496585
v -0.328238 -0.923880 -0.196738
v -0.606506 0.707107 -0.363525
v -0.850391 -0.130526 -0.509704
v -0.428863 -0.866025 -0.257050
v -0.522152 0.793353 -0.312965
v -0.857728 -0.000000 -0.514102
v -0.522152 -0.793353 -0.312965
v -0.428864 0.866025 -0.257050
v -0.115114 0.991445 -0.061529
v -0.115113 -0.991445 -0.061529
v -0.228258 -0.965926 -0.122006
v -0.763766 0.500000 -0.408242
v -0.699674 0.608761 -0.373983
v -0.814789 -0.382684 -0.435513
v -0.851871 -0.258819 -0.455334
v -0.337496 -0.923880 -0.180395
v -0.623612 0.707107 -0.333327
v -0.874376 -0.130526 -0.467363
v -0.440960 -0.866025 -0.235697
v -0.536880 0.793353 -0.286968
v -0.881920 -0.000000 -0.471396
v -0.536880 -0.793353 -0.286968
v -0.440960 0.866025 -0.235697
v -0.874376 0.130526 -0.467363
v -0.623612 -0.707107 -0.333327
v -0.337496 0.923879 -0.180395
v -0.851871 0.258819 -0.455334
v -0.699674 -0.608762 -0.373983
v -0.228258 0.965926 -0.122006
v -0.814789 0.382683 -0.435513
v -0.763766 -0.500000 -0.408241
v -0.896255 -0.130526 -0.423896
v -0.903988 -0.000000 -0.427554
v -0.451994 -0.866025 -0.213776
v -0.550314 -0.793353 -0.260278
v -0.550314 0.793353 -0.260279
v -0.451994 0.866025 -0.213777
v -0.896255 0.130526 -0.423897
v -0.639216 -0.707107 -0.302326
v -0.345941 0.923879 -0.163618
v -0.873187 0.258819 -0.412986
v -0.717182 -0.608762 -0.339201
v -0.233969 0.965926 -0.110659
v -0.835177 0.382683 -0.395009
v -0.782878 -0.500000 -0.370273
v -0.117994 0.991445 -0.055807
v -0.117994 -0.991445 -0.055806
v -0.782878 0.500000 -0.370274
v -0.835177 -0.382684 -0.395009
v -0.233969 -0.965926 -0.110659
v -0.717182 0.608761 -0.339201
v -0.873187 -0.258819 -0.412986
v -0.345941 -0.923880 -0.163617
v -0.639217 0.707107 -0.302326
v -0.892399 0.258819 -0.369644
v -0.853553 0.382683 -0.353553
v -0.732962 -0.608762 -0.303602
v -0.800103 -0.500000 -0.331413
v -0.239117 0.965926 -0.099045
v -0.120590 0.991445 -0.049950
v -0.120590 -0.991445 -0.049949
v -0.800103 0.500000 -0.331414
v -0.853553 -0.382684 -0.353553
v -0.239117 -0.965926 -0.099045
v -0.732962 0.608761 -0.303602
v -0.892399 -0.258819 -0.369644
v -0.353553 -0.923880 -0.146446
v -0.653281 0.707107 -0.270597
v -0.915976 -0.130526 -0.379409
v -0.461939 -0.866025 -0.191341
v -0.562422 0.793353 -0.232962
v -0.923879 -0.000000 -0.382683
v -0.562422 -0.793353 -0.232962
v -0.461939 0.866025 -0.191341
v -0.915976 0.130526 -0.379409
v -0.653281 -0.707107 -0.270597
v -0.353553 0.923879 -0.146446
v -0.243689 -0.965926 -0.087193
v -0.360313 -0.923880 -0.128921
v -0.746976 0.608761 -0.267272
v -0.665772 0.707107 -0.238216
v -0.909462 -0.258819 -0.325410
v -0.933489 -0.130526 -0.334007
v -0.470771 -0.866025 -0.168444
v -0.573176 0.793353 -0.205085
v -0.941543 -0.000000 -0.336889
v -0.573175 -0.793353 -0.205085
v -0.470771 0.866025 -0.168444
v -0.933489 0.130526 -0.334007
v -0.665772 -0.707107 -0.238216
v -0.360313 0.923879 -0.128922
v -0.909462 0.258819 -0.325410
v -0.746976 -0.608762 -0.267272
v -0.243689 0.965926 -0.087193
v -0.869873 0.382683 -0.311245
v -0.815401 -0.500000 -0.291755
v -0.122896 0.991445 -0.043973
v -0.122896 -0.991445 -0.043972
v -0.815401 0.500000 -0.291755
v -0.869873 -0.382684 -0.311245
v -0.956939 -0.000000 -0.290284
v -0.948753 0.130526 -0.287801
v -0.582548 -0.793353 -0.176714
v -0.676658 -0.707107 -0.205261
v -0.478469 0.866025 -0.145142
v -0.366205 0.923879 -0.111087
v -0.924334 0.258819 -0.280393
v -0.759190 -0.608762 -0.230297
v -0.247674 0.965926 -0.075131
v -0.884098 0.382683 -0.268188
v -0.828735 -0.500000 -0.251393
v -0.124906 0.991445 -0.037889
v -0.124905 -0.991445 -0.037889
v -0.828735 0.500000 -0.251394
v -0.884097 -0.382684 -0.268188
v -0.247674 -0.965926 -0.075130
v -0.759191 0.608761 -0.230297
v -0.924334 -0.258819 -0.280393
v -0.366205 -0.923880 -0.111086
v -0.676659 0.707107 -0.205261
v -0.948753 -0.130526 -0.287800
v -0.478469 -0.866025 -0.145141
v -0.582548 0.793353 -0.176714
v -0.126614 -0.991445 -0.031715
v -0.896192 0.382683 -0.224484
v -0.840072 0.500000 -0.210427
v -0.840072 -0.500000 -0.210427
v -0.896192 -0.382684 -0.224484
v -0.126614 0.991445 -0.031715
v -0.251062 -0.965926 -0.062887
v -0.769577 0.608761 -0.192768
v -0.936978 -0.258819 -0.234701
v -0.371214 -0.923880 -0.092984
v -0.685915 0.707107 -0.171812
v -0.961732 -0.130526 -0.240901
v -0.485014 -0.866025 -0.121489
v -0.590518 0.793353 -0.147917
v -0.970030 -0.000000 -0.242979
v -0.590517 -0.793353 -0.147916
v -0.485015 0.866025 -0.121489
v -0.961732 0.130526 -0.240901
v -0.685915 -0.707107 -0.171812
v -0.371215 0.923879 -0.092984
v -0.936979 0.258819 -0.234701
v -0.769576 -0.608762 -0.192768
v -0.251062 0.965926 -0.062888
v -0.375330 -0.923880 -0.074657
v -0.490391 -0.866025 -0.097544
v -0.693519 0.707107 -0.137949
v -0.597064 0.793353 -0.118763
v -0.972394 -0.130526 -0.193420
v -0.980784 -0.000000 -0.195090
v -0.597064 -0.793353 -0.118763
v -0.490392 0.866025 -0.097544
v -0.972394 0.130526 -0.193421
v -0.693519 -0.707107 -0.137949
v -0.375330 0.923879 -0.074657
v -0.947366 0.258819 -0.188443
v -0.778108 -0.608761 -0.154775
v -0.253846 0.965926 -0.050493
v -0.906127 0.382683 -0.180240
v -0.849385 -0.500000 -0.168953
v -0.128018 0.991445 -0.025464
v -0.128018 -0.991445 -0.025464
v -0.849385 0.500000 -0.168953
v -0.906127 -0.382684 -0.180239
v -0.253845 -0.965926 -0.050492
v -0.778108 0.608761 -0.154775
v -0.947366 -0.258819 -0.188443
v -0.980714 0.130526 -0.145475
v -0.955472 0.258819 -0.141731
v -0.699453 -0.707107 -0.103753
v -0.784765 -0.608761 -0.116408
v -0.378541 0.923879 -0.056151
v -0.256018 0.965926 -0.037976
v -0.913880 0.382683 -0.135561
v -0.856652 -0.500000 -0.127072
v -0.129113 0.991445 -0.019152
v -0.129113 -0.991445 -0.019151
v -0.856652 0.500000 -0.127072
v -0.913880 -0.382684 -0.135561
v -0.256017 -0.965926 -0.037976
v -0.784765 0.608761 -0.116408
v -0.955471 -0.258819 -0.141731
v -0.378541 -0.923880 -0.056151
v -0.699453 0.707107 -0.103753
v -0.980714 -0.130526 -0.145474
v -0.494587 -0.866025 -0.073364
v -0.602172 0.793353 -0.089323
v -0.989175 -0.000000 -0.146730
v -0.602172 -0.793353 -0.089323
v -0.494587 0.866025 -0.073365
v -0.129897 -0.991445 -0.012793
v -0.257572 -0.965926 -0.025368
v -0.861855 0.500000 -0.084885
v -0.789532 0.608761 -0.077762
v -0.919430 -0.382684 -0.090556
v -0.961275 -0.258819 -0.094677
v -0.380840 -0.923880 -0.037509
v -0.703701 0.707107 -0.069308
v -0.986670 -0.130526 -0.097178
v -0.497591 -0.866025 -0.049008
v -0.605830 0.793353 -0.059669
v -0.995183 -0.000000 -0.098017
v -0.605830 -0.793353 -0.059669
v -0.497591 0.866025 -0.049008
v -0.986670 0.130526 -0.097178
v -0.703701 -0.707107 -0.069308
v -0.380840 0.923879 -0.037509
v -0.961275 0.258819 -0.094677
v -0.789532 -0.608761 -0.077762
v -0.257573 0.965926 -0.025368
v -0.919431 0.382683 -0.090556
v -0.861855 -0.500000 -0.084885
v -0.129898 0.991445 -0.012793
v -0.499397 -0.866025 -0.024533
v -0.608028 -0.793353 -0.029870
v -0.608028 0.793353 -0.029870
v -0.499397 0.866025 -0.024533
v -0.998794 -0.000000 -0.049067
v -0.990250 0.130526 -0.048647
v -0.706254 -0.707107 -0.034695
v -0.382222 0.923879 -0.018777
v -0.964763 0.258819 -0.047395
v -0.792396 -0.608761 -0.038927
v -0.258507 0.965926 -0.012699
v -0.922766 0.382683 -0.045332
v -0.864982 -0.500000 -0.042493
v -0.130369 0.991445 -0.006404
v -0.130369 -0.991445 -0.006404
v -0.864982 0.500000 -0.042494
v -0.922766 -0.382684 -0.045332
v -0.258507 -0.965926 -0.012699
v -0.792397 0.608761 -0.038927
v -0.964763 -0.258819 -0.047395
v -0.382222 -0.923880 -0.018777
v -0.706254 0.707107 -0.034695
v -0.990250 -0.130526 -0.048647
v -0.965926 0.258819 -0.000000
v -0.923879 0.382683 -0.000000
v -0.793352 -0.608761 0.000001
v -0.866025 -0.500000 0.000000
v -0.258819 0.965926 -0.000000
v -0.130526 0.991445 -0.000000
v -0.130526 -0.991445 0.000001
v -0.866025 0.500000 -0.000000
v -0.923879 -0.382684 0.000000
v -0.258819 -0.965926 0.000001
v -0.793352 0.608761 0.000001
v -0.965926 -0.258819 0.000000
v -0.382683 -0.923880 0.000001
v -0.707106 0.707107 0.000001
v -0.991444 -0.130526 0.000001
v -0.499999 -0.866025 0.000001
v -0.608761 0.793353 -0.000000
v -0.999999 0.000000 0.000000
v -0.608761 -0.793353 0.000001
v -0.499999 0.866025 -0.000000
v -0.991444 0.130526 0.000001
v -0.707106 -0.707107 0.000001
v -0.382683 0.923879 -0.000000
v -0.258507 -0.965926 0.012700
v -0.382222 -0.923880 0.018778
v -0.792396 0.608761 0.038928
v -0.706254 0.707107 0.034697
v -0.964763 -0.258819 0.047396
v -0.990250 -0.130526 0.048649
v -0.499397 -0.866025 0.024534
v -0.608028 0.793353 0.029871
v -0.998794 0.000000 0.049068
v -0.608028 -0.793353 0.029871
v -0.499397 0.866025 0.024534
v -0.990250 0.130526 0.048648
v -0.706254 -0.707107 0.034697
v -0.382222 0.923879 0.018778
v -0.964763 0.258819 0.047396
v -0.792396 -0.608761 0.038929
v -0.258507 0.965926 0.012700
v -0.922766 0.382683 0.045333
v -0.864982 -0.500000 0.042494
v -0.130369 0.991445 0.006405
v -0.130369 -0.991445 0.006405
v -0.864982 0.500000 0.042494
v -0.922766 -0.382684 0.045333
v -0.605830 -0.793353 0.059670
v -0.703701 -0.707107 0.069309
v -0.497591 0.866025 0.049009
v -0.380840 0.923879 0.037510
v -0.986670 0.130526 0.097179
v -0.961275 0.258819 0.094678
v -0.789532 -0.608761 0.077763
v -0.257573 0.965926 0.025369
v -0.919430 0.382683 0.090556
v -0.861855 -0.500000 0.084886
v -0.129898 0.991445 0.012794
v -0.129897 -0.991445 0.012794
v -0.861855 0.500000 0.084885
v -0.919430 -0.382684 0.090556
v -0.257572 -0.965926 0.025369
v -0.789532 0.608761 0.077763
v -0.961275 -0.258819 0.094678
v -0.380840 -0.923880 0.037510
v -0.703701 0.707107 0.069309
v -0.986670 -0.130526 0.097179
v -0.497591 -0.866025 0.049009
v -0.605830 0.793353 0.059669
v -0.995183 0.000000 0.098017
v -0.913880 0.382683 0.135562
v -0.856652 0.500000 0.127072
v -0.856652 -0.500000 0.127073
v -0.913879 -0.382684 0.135562
v -0.129113 0.991445 0.019152
v -0.129113 -0.991445 0.019153
v -0.256017 -0.965926 0.037977
v -0.784765 0.608761 0.116409
v -0.955471 -0.258819 0.141731
v -0.378541 -0.923880 0.056152
v -0.699453 0.707107 0.103755
v -0.980713 -0.130526 0.145476
v -0.494587 -0.866025 0.073366
v -0.602172 0.793353 0.089324
v -0.989175 0.000000 0.146731
v -0.602172 -0.793353 0.089324
v -0.494587 0.866025 0.073366
v -0.980713 0.130526 0.145476
v -0.699452 -0.707107 0.103755
v -0.378541 0.923879 0.056152
v -0.955472 0.258819 0.141731
v -0.784765 -0.608761 0.116409
v -0.256018 0.965926 0.037977
v -0.375330 -0.923880 0.074658
v -0.490391 -0.866025 0.097546
v -0.693519 0.707107 0.137950
v -0.597064 0.793353 0.118764
v -0.972394 -0.130526 0.193422
v -0.980784 0.000000 0.195091
v -0.597064 -0.793353 0.118764
v -0.490392 0.866025 0.097545
v -0.972394 0.130526 0.193422
v -0.693519 -0.707107 0.137950
v -0.375330 0.923879 0.074658
v -0.947366 0.258819 0.188443
v -0.778108 -0.608761 0.154776
v -0.253846 0.965926 0.050493
v -0.906127 0.382683 0.180240
v -0.849385 -0.500000 0.168953
v -0.128018 0.991445 0.025465
v -0.128018 -0.991445 0.025465
v -0.849385 0.500000 0.168953
v -0.906127 -0.382684 0.180240
v -0.253845 -0.965926 0.050494
v -0.778108 0.608761 0.154776
v -0.947366 -0.258819 0.188443
v -0.685915 -0.707107 0.171813
v -0.769576 -0.608761 0.192769
v -0.371215 0.923879 0.092985
v -0.251062 0.965926 0.062888
v -0.936979 0.258819 0.234701
v -0.896192 0.382683 0.224485
v -0.840071 -0.500000 0.210427
v -0.126614 0.991445 0.031716
v -0.126614 -0.991445 0.031716
v -0.840072 0.500000 0.210427
v -0.896191 -0.382684 0.224485
v -0.251062 -0.965926 0.062888
v -0.769576 0.608761 0.192769
v -0.936978 -0.258819 0.234701
v -0.371214 -0.923880 0.092985
v -0.685915 0.707107 0.171813
v -0.961732 -0.130526 0.240902
v -0.485014 -0.866025 0.121490
v -0.590517 0.793353 0.147917
v -0.970030 0.000000 0.242980
v -0.590517 -0.793353 0.147917
v -0.485015 0.866025 0.121490
v -0.961732 0.130526 0.240902
v -0.478469 0.866025 0.145143
v -0.366205 0.923879 0.111087
v -0.948753 0.130526 0.287802
v -0.924334 0.258819 0.280394
v -0.676658 -0.707107 0.205263
v -0.759190 -0.608761 0.230298
v -0.247674 0.965926 0.075131
v -0.884097 0.382683 0.268188
v -0.828734 -0.500000 0.251394
v -0.124906 0.991445 0.037890
v -0.124905 -0.991445 0.037890
v -0.828735 0.500000 0.251394
v -0.884097 -0.382684 0.268188
v -0.247674 -0.965926 0.075132
v -0.759190 0.608761 0.230298
v -0.924334 -0.258819 0.280394
v -0.366205 -0.923880 0.111088
v -0.676658 0.707107 0.205263
v -0.948753 -0.130526 0.287802
v -0.478469 -0.866025 0.145143
v -0.582548 0.793353 0.176714
v -0.956939 0.000000 0.290285
v -0.582548 -0.793353 0.176715
v -0.815401 -0.500000 0.291755
v -0.869873 -0.382683 0.311246
v -0.122896 0.991445 0.043973
v -0.122896 -0.991445 0.043973
v -0.243689 -0.965926 0.087194
v -0.815401 0.500000 0.291755
v -0.746976 0.608761 0.267273
v -0.909462 -0.258819 0.325411
v -0.360313 -0.923880 0.128923
v -0.665771 0.707107 0.238217
v -0.933488 -0.130526 0.334008
v -0.470771 -0.866025 0.168445
v -0.573175 0.793353 0.205086
v -0.941543 0.000000 0.336890
v -0.573175 -0.793353 0.205086
v -0.470771 0.866025 0.168445
v -0.933488 0.130526 0.334008
v -0.665771 -0.707107 0.238217
v -0.360313 0.923879 0.128922
v -0.909462 0.258819 0.325411
v -0.746976 -0.608761 0.267273
v -0.243689 0.965926 0.087194
v -0.869873 0.382683 0.311246
v -0.915975 -0.130526 0.379410
v -0.923878 0.000000 0.382683
v -0.461939 -0.866025 0.191342
v -0.562422 -0.793353 0.232963
v -0.562422 0.793353 0.232963
v -0.461939 0.866025 0.191342
v -0.915975 0.130526 0.379410
v -0.653280 -0.707107 0.270598
v -0.353553 0.923879 0.146447
v -0.892399 0.258819 0.369644
v -0.732961 -0.608761 0.303603
v -0.239117 0.965926 0.099046
v -0.853553 0.382683 0.353554
v -0.800103 -0.500000 0.331414
v -0.120590 0.991445 0.049950
v -0.120590 -0.991445 0.049951
v -0.800103 0.500000 0.331414
v -0.853553 -0.382683 0.353554
v -0.239117 -0.965926 0.099046
v -0.732961 0.608761 0.303603
v -0.892399 -0.258819 0.369644
v -0.353553 -0.923880 0.146447
v -0.653280 0.707107 0.270598
v -0.345941 0.923879 0.163618
v -0.233969 0.965926 0.110660
v -0.873187 0.258819 0.412987
v -0.835177 0.382683 0.395010
v -0.717181 -0.608761 0.339202
v -0.782877 -0.500000 0.370274
v -0.117994 0.991445 0.055807
v -0.117994 -0.991445 0.055808
v -0.782878 0.500000 0.370274
v -0.835177 -0.382683 0.395010
v -0.233969 -0.965926 0.110660
v -0.717182 0.608761 0.339202
v -0.873187 -0.258819 0.412987
v -0.345941 -0.923880 0.163619
v -0.639216 0.707107 0.302327
v -0.896255 -0.130526 0.423898
v -0.451994 -0.866025 0.213778
v -0.550313 0.793353 0.260279
v -0.903988 0.000000 0.427555
v -0.550313 -0.793353 0.260279
v -0.451994 0.866025 0.213778
v -0.896255 0.130526 0.423898
v -0.639216 -0.707107 0.302327
v -0.814788 -0.382683 0.435514
v -0.851871 -0.258819 0.455335
v -0.228258 -0.965926 0.122007
v -0.337496 -0.923880 0.180396
v -0.699674 0.608761 0.373984
v -0.623611 0.707107 0.333328
v -0.874375 -0.130526 0.467364
v -0.440960 -0.866025 0.235698
v -0.536879 0.793353 0.286968
v -0.881920 0.000000 0.471396
v -0.536879 -0.793353 0.286968
v -0.440960 0.866025 0.235698
v -0.874376 0.130526 0.467364
v -0.623611 -0.707107 0.333328
v -0.337496 0.923879 0.180396
v -0.851871 0.258819 0.455335
v -0.699674 -0.608761 0.373984
v -0.228258 0.965926 0.122007
v -0.814788 0.382683 0.435514
v -0.763766 -0.500000 0.408242
v -0.115114 0.991445 0.061530
v -0.115113 -0.991445 0.061530
v -0.763766 0.500000 0.408242
v -0.857727 0.000000 0.514102
v -0.850390 0.130526 0.509705
v -0.522152 -0.793353 0.312966
v -0.606505 -0.707107 0.363526
v -0.428863 0.866025 0.257051
v -0.328238 0.923879 0.196739
v -0.828502 0.258819 0.496586
v -0.680480 -0.608761 0.407865
v -0.221996 0.965926 0.133060
v -0.792437 0.382683 0.474969
v -0.742814 -0.500000 0.445226
v -0.111956 0.991445 0.067104
v -0.111956 -0.991445 0.067104
v -0.742815 0.500000 0.445226
v -0.792437 -0.382683 0.474969
v -0.221996 -0.965926 0.133060
v -0.680480 0.608761 0.407865
v -0.828502 -0.258819 0.496586
v -0.328238 -0.923879 0.196739
v -0.606505 0.707107 0.363526
v -0.850390 -0.130526 0.509705
v -0.428863 -0.866025 0.257051
v -0.522152 0.793353 0.312966
v -0.215200 0.965926 0.143792
v -0.108528 0.991445 0.072517
v -0.108528 -0.991445 0.072517
v -0.768177 0.382683 0.513280
v -0.720074 0.500000 0.481138
v -0.720073 -0.500000 0.481138
v -0.768177 -0.382683 0.513280
v -0.215200 -0.965926 0.143792
v -0.659648 0.608761 0.440763
v -0.803138 -0.258819 0.536640
v -0.318189 -0.923879 0.212608
v -0.587937 0.707107 0.392848
v -0.824355 -0.130526 0.550818
v -0.415734 -0.866025 0.277785
v -0.506166 0.793353 0.338210
v -0.831468 0.000000 0.555570
v -0.506166 -0.793353 0.338210
v -0.415734 0.866025 0.277785
v -0.824356 0.130526 0.550817
v -0.587937 -0.707107 0.392847
v -0.318189 0.923879 0.212608
v -0.803138 0.258819 0.536640
v -0.659648 -0.608761 0.440763
v -0.775839 -0.258819 0.575402
v -0.796335 -0.130526 0.590603
v -0.307374 -0.923879 0.227964
v -0.401603 -0.866025 0.297850
v -0.567952 0.707107 0.421223
v -0.488961 0.793353 0.362639
v -0.803206 0.000000 0.595699
v -0.488961 -0.793353 0.362639
v -0.401603 0.866025 0.297849
v -0.796335 0.130526 0.590603
v -0.567952 -0.707107 0.421223
v -0.307374 0.923879 0.227964
v -0.775839 0.258819 0.575402
v -0.637226 -0.608761 0.472600
v -0.207885 0.965926 0.154178
v -0.742066 0.382683 0.550354
v -0.695598 -0.500000 0.515891
v -0.104840 0.991445 0.077755
v -0.104839 -0.991445 0.077755
v -0.695598 0.500000 0.515891
v -0.742066 -0.382683 0.550354
v -0.207885 -0.965926 0.154179
v -0.637226 0.608761 0.472600
v -0.766397 0.130526 0.628966
v -0.746671 0.258819 0.612777
v -0.546600 -0.707107 0.448584
v -0.613269 -0.608761 0.503298
v -0.295818 0.923879 0.242772
v -0.200070 0.965926 0.164193
v -0.714168 0.382683 0.586103
v -0.669446 -0.500000 0.549401
v -0.100898 0.991445 0.082805
v -0.100898 -0.991445 0.082805
v -0.669447 0.500000 0.549401
v -0.714168 -0.382683 0.586103
v -0.200069 -0.965926 0.164193
v -0.613269 0.608761 0.503298
v -0.746671 -0.258819 0.612777
v -0.295818 -0.923879 0.242772
v -0.546600 0.707107 0.448584
v -0.766396 -0.130526 0.628966
v -0.386504 -0.866025 0.317197
v -0.470578 0.793353 0.386194
v -0.773009 0.000000 0.634393
v -0.470578 -0.793353 0.386194
v -0.386504 0.866025 0.317196
v -0.096713 0.991445 0.087656
v -0.096713 -0.991445 0.087656
v -0.191772 -0.965926 0.173812
v -0.641682 0.500000 0.581587
v -0.587835 0.608761 0.532783
v -0.684549 -0.382683 0.620439
v -0.715704 -0.258819 0.648677
v -0.283549 -0.923879 0.256995
v -0.523930 0.707107 0.474864
v -0.734611 -0.130526 0.665814
v -0.370475 -0.866025 0.335779
v -0.451062 0.793353 0.408819
v -0.740950 0.000000 0.671558
v -0.451062 -0.793353 0.408819
v -0.370475 0.866025 0.335779
v -0.734611 0.130526 0.665814
v -0.523930 -0.707107 0.474864
v -0.283549 0.923879 0.256995
v -0.715704 0.258819 0.648677
v -0.587834 -0.608761 0.532783
v -0.191772 0.965926 0.173812
v -0.684549 0.382683 0.620440
v -0.641682 -0.500000 0.581587
v -0.701056 -0.130526 0.701058
v -0.707105 0.000000 0.707106
v -0.353552 -0.866025 0.353553
v -0.430459 -0.793353 0.430459
v -0.430459 0.793353 0.430459
v -0.353553 0.866025 0.353553
v -0.701057 0.130526 0.701057
v -0.499999 -0.707107 0.500000
v -0.270598 0.923879 0.270598
v -0.683013 0.258819 0.683013
v -0.560984 -0.608761 0.560985
v -0.183012 0.965926 0.183013
v -0.653281 0.382683 0.653281
v -0.612372 -0.500000 0.612373
v -0.092296 0.991445 0.092296
v -0.092296 -0.991445 0.092296
v -0.612372 0.500000 0.612372
v -0.653281 -0.382683 0.653281
v -0.183012 -0.965926 0.183013
v -0.560984 0.608761 0.560985
v -0.683013 -0.258819 0.683013
v -0.270598 -0.923879 0.270598
v -0.499999 0.707107 0.500000
v -0.648676 0.258819 0.715704
v -0.620439 0.382683 0.684550
v -0.532782 -0.608761 0.587835
v -0.581587 -0.500000 0.641683
v -0.173812 0.965926 0.191772
v -0.087656 0.991445 0.096714
v -0.087656 -0.991445 0.096714
v -0.581587 0.500000 0.641682
v -0.620439 -0.382683 0.684549
v -0.173812 -0.965926 0.191772
v -0.532782 0.608761 0.587835
v -0.648676 -0.258819 0.715704
v -0.256994 -0.923879 0.283550
v -0.474863 0.707107 0.523931
v -0.665813 -0.130526 0.734612
v -0.335779 -0.866025 0.370475
v -0.408819 0.793353 0.451063
v -0.671557 0.000000 0.740950
v -0.408819 -0.793353 0.451063
v -0.335779 0.866025 0.370475
v -0.665813 0.130526 0.734612
v -0.474863 -0.707107 0.523931
v -0.256994 0.923879 0.283550
v -0.164193 -0.965926 0.200070
v -0.242771 -0.923879 0.295818
v -0.503297 0.608761 0.613270
v -0.448583 0.707107 0.546601
v -0.612777 -0.258819 0.746671
v -0.628965 -0.130526 0.766397
v -0.317196 -0.866025 0.386505
v -0.386194 0.793353 0.470579
v -0.634392 0.000000 0.773010
v -0.386194 -0.793353 0.470579
v -0.317196 0.866025 0.386505
v -0.628965 0.130526 0.766397
v -0.448583 -0.707107 0.546601
v -0.242772 0.923879 0.295818
v -0.612777 0.258819 0.746671
v -0.503296 -0.608761 0.613270
v -0.164193 0.965926 0.200070
v -0.586102 0.382683 0.714168
v -0.549400 -0.500000 0.669447
v -0.082805 0.991445 0.100898
v -0.082805 -0.991445 0.100898
v -0.549401 0.500000 0.669447
v -0.586102 -0.382683 0.714168
v -0.595698 0.000000 0.803207
v -0.590602 0.130526 0.796336
v -0.362638 -0.793353 0.488962
v -0.421222 -0.707107 0.567953
v -0.297849 0.866025 0.401603
v -0.227964 0.923879 0.307374
v -0.575401 0.258819 0.775839
v -0.472599 -0.608761 0.637226
v -0.154178 0.965926 0.207885
v -0.550354 0.382683 0.742067
v -0.515890 -0.500000 0.695598
v -0.077754 0.991445 0.104840
v -0.077754 -0.991445 0.104840
v -0.515891 0.500000 0.695598
v -0.550354 -0.382683 0.742067
v -0.154178 -0.965926 0.207886
v -0.472599 0.608761 0.637227
v -0.575401 -0.258819 0.775840
v -0.227964 -0.923879 0.307374
v -0.421222 0.707107 0.567953
v -0.590602 -0.130526 0.796336
v -0.297849 -0.866025 0.401603
v -0.362638 0.793353 0.488962
v -0.072516 -0.991445 0.108529
v -0.513279 0.382683 0.768178
v -0.481138 0.500000 0.720074
v -0.481138 -0.500000 0.720074
v -0.513279 -0.382683 0.768178
v -0.072516 0.991445 0.108529
v -0.143792 -0.965926 0.215200
v -0.440762 0.608761 0.659648
v -0.536640 -0.258819 0.803139
v -0.212607 -0.923879 0.318190
v -0.392846 0.707107 0.587937
v -0.550816 -0.130526 0.824356
v -0.277784 -0.866025 0.415734
v -0.338209 0.793353 0.506167
v -0.555569 0.000000 0.831469
v -0.338209 -0.793353 0.506167
v -0.277784 0.866025 0.415734
v -0.550816 0.130526 0.824356
v -0.392847 -0.707107 0.587937
v -0.212607 0.923879 0.318190
v -0.536640 0.258819 0.803138
v -0.440762 -0.608761 0.659648
v -0.143792 0.965926 0.215200
v -0.196738 -0.923879 0.328239
v -0.257051 -0.866025 0.428864
v -0.363524 0.707107 0.606505
v -0.312966 0.793353 0.522152
v -0.509703 -0.130526 0.850391
v -0.514101 0.000000 0.857727
v -0.312966 -0.793353 0.522152
v -0.257051 0.866025 0.428864
v -0.509704 0.130526 0.850390
v -0.363525 -0.707107 0.606505
v -0.196738 0.923879 0.328239
v -0.496585 0.258819 0.828503
v -0.407864 -0.608761 0.680481
v -0.133059 0.965926 0.221997
v -0.474968 0.382683 0.792438
v -0.445226 -0.500000 0.742815
v -0.067104 0.991445 0.111956
v -0.067104 -0.991445 0.111956
v -0.445226 0.500000 0.742815
v -0.474968 -0.382683 0.792438
v -0.133059 -0.965926 0.221997
v -0.407864 0.608761 0.680481
v -0.496585 -0.258819 0.828503
v -0.467363 0.130526 0.874376
v -0.455334 0.258819 0.851871
v -0.333327 -0.707107 0.623612
v -0.373983 -0.608761 0.699674
v -0.180395 0.923879 0.337497
v -0.122006 0.965926 0.228258
v -0.435513 0.382683 0.814789
v -0.408241 -0.500000 0.763766
v -0.061530 0.991445 0.115114
v -0.061529 -0.991445 0.115114
v -0.408241 0.500000 0.763766
v -0.435513 -0.382683 0.814789
v -0.122006 -0.965926 0.228258
v -0.373983 0.608761 0.699674
v -0.455334 -0.258819 0.851871
v -0.180395 -0.923879 0.337497
v -0.333327 0.707107 0.623612
v -0.467363 -0.130526 0.874376
v -0.235698 -0.866025 0.440960
v -0.286968 0.793353 0.536880
v -0.471395 0.000000 0.881920
v -0.286968 -0.793353 0.536880
v -0.235698 0.866025 0.440960
v -0.055807 -0.991445 0.117994
v -0.110659 -0.965926 0.233970
v -0.370274 0.500000 0.782878
v -0.339201 0.608761 0.717182
v -0.395009 -0.382683 0.835177
v -0.412986 -0.258819 0.873187
v -0.163618 -0.923879 0.345942
v -0.302326 0.707107 0.639216
v -0.423896 -0.130526 0.896255
v -0.213777 -0.866025 0.451994
v -0.260279 0.793353 0.550314
v -0.427554 0.000000 0.903988
v -0.260279 -0.793353 0.550314
v -0.213777 0.866025 0.451994
v -0.423897 0.130526 0.896255
v -0.302326 -0.707107 0.639216
v -0.163618 0.923879 0.345942
v -0.412986 0.258819 0.873187
v -0.339201 -0.608761 0.717182
v -0.110659 0.965926 0.233970
v -0.395009 0.382683 0.835177
v -0.370273 -0.500000 0.782878
v -0.055807 0.991445 0.117994
v -0.191341 -0.866025 0.461939
v -0.232963 -0.793353 0.562422
v -0.232963 0.793353 0.562422
v -0.191341 0.866025 0.461939
v -0.382682 0.000000 0.923878
v -0.379409 0.130526 0.915975
v -0.270597 -0.707107 0.653281
v -0.146446 0.923879 0.353553
v -0.369644 0.258819 0.892400
v -0.303602 -0.608761 0.732962
v -0.099046 0.965926 0.239118
v -0.353553 0.382683 0.853553
v -0.331413 -0.500000 0.800103
v -0.049950 0.991445 0.120591
v -0.049950 -0.991445 0.120591
v -0.331414 0.500000 0.800103
v -0.353553 -0.382683 0.853553
v -0.099045 -0.965926 0.239118
v -0.303602 0.608761 0.732962
v -0.369644 -0.258819 0.892400
v -0.146446 -0.923879 0.353553
v -0.270597 0.707107 0.653281
v -0.379409 -0.130526 0.915975
v -0.325411 0.258819 0.909462
v -0.311245 0.382683 0.869873
v -0.267272 -0.608761 0.746976
v -0.291755 -0.500000 0.815401
v -0.087193 0.965926 0.243690
v -0.043973 0.991445 0.122896
v -0.043973 -0.991445 0.122896
v -0.291755 0.500000 0.815401
v -0.311245 -0.382683 0.869873
v -0.087193 -0.965926 0.243690
v -0.267272 0.608761 0.746976
v -0.325411 -0.258819 0.909462
v -0.128922 -0.923879 0.360313
v -0.238216 0.707107 0.665772
v -0.334007 -0.130526 0.933489
v -0.168444 -0.866025 0.470771
v -0.205085 0.793353 0.573176
v -0.336889 0.000000 0.941543
v -0.205085 -0.793353 0.573176
v -0.168444 0.866025 0.470771
v -0.334007 0.130526 0.933489
v -0.238217 -0.707107 0.665771
v -0.128922 0.923879 0.360313
v -0.075131 -0.965926 0.247674
v -0.111087 -0.923879 0.366205
v -0.230297 0.608761 0.759190
v -0.205261 0.707107 0.676658
v -0.280393 -0.258819 0.924334
v -0.287800 -0.130526 0.948753
v -0.145142 -0.866025 0.478470
v -0.176714 0.793353 0.582548
v -0.290284 0.000000 0.956939
v -0.176714 -0.793353 0.582548
v -0.145142 0.866025 0.478469
v -0.287801 0.130526 0.948753
v -0.205262 -0.707107 0.676658
v -0.111087 0.923879 0.366205
v -0.280393 0.258819 0.924334
v -0.230297 -0.608761 0.759190
v -0.075131 0.965926 0.247674
v -0.268188 0.382683 0.884097
v -0.251394 -0.500000 0.828735
v -0.037890 0.991445 0.124906
v -0.037890 -0.991445 0.124906
v -0.251394 0.500000 0.828734
v -0.268188 -0.382683 0.884097
v -0.147917 -0.793353 0.590517
v -0.171813 -0.707107 0.685915
v -0.121490 0.866025 0.485015
v -0.092984 0.923879 0.371215
v -0.240901 0.130526 0.961732
v -0.234701 0.258819 0.936979
v -0.192768 -0.608761 0.769576
v -0.062888 0.965926 0.251063
v -0.224484 0.382683 0.896192
v -0.210427 -0.500000 0.840072
v -0.031715 0.991445 0.126615
v -0.031715 -0.991445 0.126615
v -0.210427 0.500000 0.840071
v -0.224484 -0.382683 0.896192
v -0.062888 -0.965926 0.251063
v -0.192768 0.608761 0.769576
v -0.234701 -0.258819 0.936979
v -0.092984 -0.923879 0.371215
v -0.171812 0.707107 0.685915
v -0.240901 -0.130526 0.961732
v -0.121490 -0.866025 0.485015
v -0.147917 0.793353 0.590517
v -0.242979 0.000000 0.970030
v -0.180240 0.382683 0.906127
v -0.168953 0.500000 0.849385
v -0.168953 -0.500000 0.849385
v -0.180240 -0.382683 0.906127
v -0.025464 0.991445 0.128018
v -0.025464 -0.991445 0.128018
v -0.050493 -0.965926 0.253846
v -0.154775 0.608761 0.778108
v -0.188443 -0.258819 0.947366
v -0.074658 -0.923879 0.375330
v -0.137949 0.707107 0.693519
v -0.193420 -0.130526 0.972394
v -0.097545 -0.866025 0.490392
v -0.118763 0.793353 0.597064
v -0.195090 0.000000 0.980784
v -0.118763 -0.793353 0.597064
v -0.097545 0.866025 0.490392
v -0.193421 0.130526 0.972394
v -0.137949 -0.707107 0.693519
v -0.074658 0.923879 0.375330
v -0.188443 0.258819 0.947366
v -0.154775 -0.608761 0.778108
v -0.050493 0.965926 0.253846
v -0.056151 -0.923879 0.378541
v -0.073365 -0.866025 0.494588
v -0.103753 0.707107 0.699453
v -0.089324 0.793353 0.602172
v -0.145474 -0.130526 0.980713
v -0.146730 0.000000 0.989175
v -0.089324 -0.793353 0.602172
v -0.073365 0.866025 0.494587
v -0.145475 0.130526 0.980714
v -0.103754 -0.707107 0.699453
v -0.056151 0.923879 0.378541
v -0.141731 0.258819 0.955472
v -0.116409 -0.608761 0.784765
v -0.037977 0.965926 0.256018
v -0.135561 0.382683 0.913880
v -0.127072 -0.500000 0.856652
v -0.019152 0.991445 0.129114
v -0.019152 -0.991445 0.129114
v -0.127072 0.500000 0.856652
v -0.135561 -0.382683 0.913880
v -0.037977 -0.965926 0.256018
v -0.116408 0.608761 0.784765
v -0.141731 -0.258819 0.955472
v -0.069308 -0.707107 0.703701
v -0.077762 -0.608761 0.789532
v -0.037509 0.923879 0.380841
v -0.025369 0.965926 0.257573
v -0.094677 0.258819 0.961275
v -0.090556 0.382683 0.919430
v -0.084885 -0.500000 0.861855
v -0.012794 0.991445 0.129898
v -0.012794 -0.991445 0.129898
v -0.084886 0.500000 0.861855
v -0.090556 -0.382683 0.919430
v -0.025369 -0.965926 0.257573
v -0.077762 0.608761 0.789532
v -0.094677 -0.258819 0.961275
v -0.037509 -0.923879 0.380841
v -0.069308 0.707107 0.703701
v -0.097178 -0.130526 0.986670
v -0.049008 -0.866025 0.497592
v -0.059669 0.793353 0.605830
v -0.098017 0.000000 0.995183
v -0.059669 -0.793353 0.605830
v -0.049008 0.866025 0.497592
v -0.097178 0.130526 0.986670
v -0.042494 0.500000 0.864982
v -0.038928 0.608761 0.792396
v -0.045332 -0.382683 0.922766
v -0.047396 -0.258819 0.964763
v -0.012700 -0.965926 0.258507
v -0.018777 -0.923879 0.382222
v -0.034696 0.707107 0.706254
v -0.048647 -0.130526 0.990250
v -0.024534 -0.866025 0.499397
v -0.029870 0.793353 0.608028
v -0.049067 0.000000 0.998794
v -0.029870 -0.793353 0.608028
v -0.024534 0.866025 0.499397
v -0.048647 0.130526 0.990250
v -0.034696 -0.707107 0.706254
v -0.018777 0.923879 0.382222
v -0.047396 0.258819 0.964763
v -0.038928 -0.608761 0.792396
v -0.012700 0.965926 0.258507
v -0.045332 0.382683 0.922766
v -0.042494 -0.500000 0.864982
v -0.006405 0.991445 0.130369
v -0.006405 -0.991445 0.130369
vt 0.750000 0.625000
vt 0.750000 0.666667
vt 0.742188 0.666667
vt 0.742188 0.625000
vt 0.746094 0.000000
vt 0.750000 0.041667
vt 0.742188 0.041667
vt 0.750000 0.916667
vt 0.750000 0.958333
vt 0.742188 0.958333
vt 0.742188 0.916667
vt 0.750000 0.291667
vt 0.750000 0.333333
vt 0.742188 0.333333
vt 0.742188 0.291667
vt 0.750000 0.583333
vt 0.742188 0.583333
vt 0.750000 0.875000
vt 0.742188 0.875000
vt 0.750000 0.250000
vt 0.742188 0.250000
vt 0.750000 0.541667
vt 0.742188 0.541667
vt 0.750000 0.833333
vt 0.742188 0.833333
vt 0.750000 0.208333
vt 0.742188 0.208333
vt 0.750000 0.500000
vt 0.742188 0.500000
vt 0.750000 0.791667
vt 0.742188 0.791667
vt 0.750000 0.166666
vt 0.742188 0.166667
vt 0.750000 0.458333
vt 0.742188 0.458333
vt 0.750000 0.750000
vt 0.742188 0.750000
vt 0.750000 0.125000
vt 0.742188 0.125000
vt 0.750000 0.416667
vt 0.742188 0.416667
vt 0.750000 0.708334
vt 0.742188 0.708333
vt 0.750000 0.083333
vt 0.742188 0.083333
vt 0.750000 0.375000
vt 0.742188 0.375000
vt 0.746094 1.000000
vt 0.734375 0.125000
vt 0.734375 0.083333
vt 0.734375 0.416667
vt 0.734375 0.375000
vt 0.734375 0.708333
vt 0.734375 0.666667
vt 0.734375 0.041667
vt 0.738281 1.000000
vt 0.734375 0.958333
vt 0.734375 0.333333
vt 0.734375 0.625000
vt 0.738281 0.000000
vt 0.734375 0.916667
vt 0.734375 0.291667
vt 0.734375 0.583333
vt 0.734375 0.875000
vt 0.734375 0.250000
vt 0.734375 0.541667
vt 0.734375 0.833333
vt 0.734375 0.208333
vt 0.734375 0.500000
vt 0.734375 0.791667
vt 0.734375 0.166667
vt 0.734375 0.458333
vt 0.734375 0.750000
vt 0.726562 0.625000
vt 0.726562 0.583333
vt 0.726562 0.916667
vt 0.726562 0.875000
vt 0.726562 0.291667
vt 0.726562 0.250000
vt 0.726562 0.541667
vt 0.726562 0.833333
vt 0.726562 0.208333
vt 0.726562 0.500000
vt 0.726562 0.791667
vt 0.726562 0.166667
vt 0.726562 0.458333
vt 0.726562 0.750000
vt 0.726562 0.125000
vt 0.726562 0.416667
vt 0.726562 0.708333
vt 0.726562 0.083333
vt 0.726562 0.375000
vt 0.726562 0.666667
vt 0.726563 0.041667
vt 0.730469 1.000000
vt 0.726563 0.958333
vt 0.726562 0.333333
vt 0.730469 0.000000
vt 0.718750 0.500000
vt 0.718750 0.458333
vt 0.718750 0.791667
vt 0.718750 0.750000
vt 0.718750 0.166667
vt 0.718750 0.125000
vt 0.718750 0.416667
vt 0.718750 0.708333
vt 0.718750 0.083333
vt 0.718750 0.375000
vt 0.718750 0.666667
vt 0.718750 0.041667
vt 0.722657 1.000000
vt 0.718750 0.958333
vt 0.718750 0.333333
vt 0.718750 0.625000
vt 0.722656 0.000000
vt 0.718750 0.916667
vt 0.718750 0.291667
vt 0.718750 0.583333
vt 0.718750 0.875000
vt 0.718750 0.250000
vt 0.718750 0.541667
vt 0.718750 0.833333
vt 0.718750 0.208333
vt 0.710938 0.083333
vt 0.710938 0.041667
vt 0.714844 1.000000
vt 0.710938 0.958333
vt 0.710938 0.375000
vt 0.710938 0.333333
vt 0.710938 0.666667
vt 0.710938 0.625000
vt 0.714844 0.000000
vt 0.710938 0.916667
vt 0.710938 0.291667
vt 0.710938 0.583333
vt 0.710938 0.875000
vt 0.710938 0.250000
vt 0.710938 0.541667
vt 0.710938 0.833333
vt 0.710938 0.208333
vt 0.710938 0.500000
vt 0.710938 0.791667
vt 0.710938 0.166667
vt 0.710938 0.458333
vt 0.710938 0.750000
vt 0.710938 0.125000
vt 0.710938 0.416667
vt 0.710938 0.708333
vt 0.703125 0.583333
vt 0.703125 0.541667
vt 0.703125 0.875000
vt 0.703125 0.833333
vt 0.703125 0.250000
vt 0.703125 0.208333
vt 0.703125 0.500000
vt 0.703125 0.791667
vt 0.703125 0.166667
vt 0.703125 0.458333
vt 0.703125 0.750000
vt 0.703125 0.125000
vt 0.703125 0.416667
vt 0.703125 0.708333
vt 0.703125 0.083333
vt 0.703125 0.375000
vt 0.703125 0.666667
vt 0.703125 0.041667
vt 0.707032 1.000000
vt 0.703125 0.958333
vt 0.703125 0.333333
vt 0.703125 0.625000
vt 0.707031 0.000000
vt 0.703125 0.916667
vt 0.703125 0.291667
vt 0.695312 0.458333
vt 0.695312 0.416667
vt 0.695312 0.750000
vt 0.695312 0.708333
vt 0.695313 0.125000
vt 0.695313 0.083333
vt 0.695312 0.375000
vt 0.695312 0.666667
vt 0.695313 0.041667
vt 0.699219 1.000000
vt 0.695313 0.958333
vt 0.695312 0.333333
vt 0.695312 0.625000
vt 0.699219 0.000000
vt 0.695313 0.916667
vt 0.695312 0.291667
vt 0.695312 0.583333
vt 0.695313 0.875000
vt 0.695312 0.250000
vt 0.695312 0.541667
vt 0.695312 0.833333
vt 0.695312 0.208333
vt 0.695312 0.500000
vt 0.695312 0.791667
vt 0.695312 0.166667
vt 0.691406 0.000000
vt 0.687500 0.041667
vt 0.687500 0.958333
vt 0.687500 0.916667
vt 0.687500 0.333333
vt 0.687500 0.291667
vt 0.687500 0.625000
vt 0.687500 0.583333
vt 0.687500 0.875000
vt 0.687500 0.250000
vt 0.687500 0.541667
vt 0.687500 0.833333
vt 0.687500 0.208333
vt 0.687500 0.500000
vt 0.687500 0.791667
vt 0.687500 0.166667
vt 0.687500 0.458333
vt 0.687500 0.750000
vt 0.687500 0.125000
vt 0.687500 0.416667
vt 0.687500 0.708333
vt 0.687500 0.083333
vt 0.687500 0.375000
vt 0.687500 0.666667
vt 0.691407 1.000000
vt 0.679688 0.541667
vt 0.679688 0.500000
vt 0.679688 0.833333
vt 0.679688 0.791667
vt 0.679688 0.208333
vt 0.679688 0.166667
vt 0.679688 0.458333
vt 0.679688 0.750000
vt 0.679688 0.125000
vt 0.679688 0.416667
vt 0.679688 0.708333
vt 0.679688 0.083333
vt 0.679688 0.375000
vt 0.679688 0.666667
vt 0.679688 0.041667
vt 0.683594 1.000000
vt 0.679688 0.958333
vt 0.679688 0.333333
vt 0.679688 0.625000
vt 0.683594 0.000000
vt 0.679688 0.916667
vt 0.679688 0.291667
vt 0.679688 0.583333
vt 0.679688 0.875000
vt 0.679688 0.250000
vt 0.671875 0.416667
vt 0.671875 0.375000
vt 0.671875 0.708333
vt 0.671875 0.666667
vt 0.671875 0.083333
vt 0.671875 0.041667
vt 0.675782 1.000000
vt 0.671875 0.958333
vt 0.671875 0.333333
vt 0.671875 0.625000
vt 0.675782 0.000000
vt 0.671875 0.916667
vt 0.671875 0.291667
vt 0.671875 0.583333
vt 0.671875 0.875000
vt 0.671875 0.250000
vt 0.671875 0.541667
vt 0.671875 0.833333
vt 0.671875 0.208333
vt 0.671875 0.500000
vt 0.671875 0.791667
vt 0.671875 0.166667
vt 0.671875 0.458333
vt 0.671875 0.750000
vt 0.671875 0.125000
vt 0.664063 0.916667
vt 0.664063 0.875000
vt 0.664062 0.291667
vt 0.664062 0.250000
vt 0.664063 0.583333
vt 0.664062 0.541667
vt 0.664063 0.833333
vt 0.664063 0.208333
vt 0.664062 0.500000
vt 0.664063 0.791667
vt 0.664063 0.166667
vt 0.664062 0.458333
vt 0.664063 0.750000
vt 0.664063 0.125000
vt 0.664063 0.416667
vt 0.664063 0.708333
vt 0.664063 0.083333
vt 0.664063 0.375000
vt 0.664063 0.666667
vt 0.664063 0.041667
vt 0.667969 1.000000
vt 0.664063 0.958333
vt 0.664063 0.333333
vt 0.664063 0.625000
vt 0.667969 0.000000
vt 0.656250 0.500000
vt 0.656250 0.458333
vt 0.656250 0.791667
vt 0.656250 0.750000
vt 0.656250 0.166667
vt 0.656250 0.125000
vt 0.656250 0.416667
vt 0.656250 0.708333
vt 0.656250 0.083333
vt 0.656250 0.375000
vt 0.656250 0.666667
vt 0.656250 0.041667
vt 0.660157 1.000000
vt 0.656250 0.958333
vt 0.656250 0.333333
vt 0.656250 0.625000
vt 0.660157 0.000000
vt 0.656250 0.916667
vt 0.656250 0.291667
vt 0.656250 0.583333
vt 0.656250 0.875000
vt 0.656250 0.250000
vt 0.656250 0.541667
vt 0.656250 0.833333
vt 0.656250 0.208333
vt 0.652344 1.000000
vt 0.648438 0.958333
vt 0.648438 0.375000
vt 0.648438 0.333333
vt 0.648438 0.666667
vt 0.648438 0.625000
vt 0.652344 0.000000
vt 0.648438 0.041667
vt 0.648438 0.916667
vt 0.648438 0.291667
vt 0.648438 0.583333
vt 0.648438 0.875000
vt 0.648438 0.250000
vt 0.648438 0.541667
vt 0.648438 0.833333
vt 0.648438 0.208333
vt 0.648438 0.500000
vt 0.648438 0.791667
vt 0.648438 0.166667
vt 0.648438 0.458333
vt 0.648438 0.750000
vt 0.648438 0.125000
vt 0.648438 0.416667
vt 0.648438 0.708333
vt 0.648438 0.083333
vt 0.640625 0.875000
vt 0.640625 0.833333
vt 0.640625 0.250000
vt 0.640625 0.208333
vt 0.640625 0.541667
vt 0.640625 0.500000
vt 0.640625 0.791667
vt 0.640625 0.166667
vt 0.640625 0.458333
vt 0.640625 0.750000
vt 0.640625 0.125000
vt 0.640625 0.416667
vt 0.640625 0.708333
vt 0.640625 0.083333
vt 0.640625 0.375000
vt 0.640625 0.666667
vt 0.640625 0.041667
vt 0.644532 1.000000
vt 0.640625 0.958333
vt 0.640625 0.333333
vt 0.640625 0.625000
vt 0.644532 0.000000
vt 0.640625 0.916667
vt 0.640625 0.291667
vt 0.640625 0.583333
vt 0.632812 0.458333
vt 0.632813 0.416667
vt 0.632813 0.750000
vt 0.632812 0.708333
vt 0.632813 0.125000
vt 0.632813 0.083333
vt 0.632813 0.375000
vt 0.632813 0.666667
vt 0.632813 0.041667
vt 0.636719 1.000000
vt 0.632813 0.958333
vt 0.632813 0.333333
vt 0.632812 0.625000
vt 0.636719 0.000000
vt 0.632813 0.916667
vt 0.632812 0.291667
vt 0.632813 0.583333
vt 0.632813 0.875000
vt 0.632813 0.250000
vt 0.632812 0.541667
vt 0.632813 0.833333
vt 0.632813 0.208333
vt 0.632812 0.500000
vt 0.632813 0.791667
vt 0.632813 0.166667
vt 0.625000 0.958333
vt 0.625000 0.916667
vt 0.625000 0.333333
vt 0.625000 0.291667
vt 0.625000 0.625000
vt 0.625000 0.583333
vt 0.625000 0.875000
vt 0.625000 0.250000
vt 0.625000 0.541667
vt 0.625000 0.833333
vt 0.625000 0.208333
vt 0.625000 0.500000
vt 0.625000 0.791667
vt 0.625000 0.166667
vt 0.625000 0.458333
vt 0.625000 0.750000
vt 0.625000 0.125000
vt 0.625000 0.416667
vt 0.625000 0.708333
vt 0.625000 0.083333
vt 0.625000 0.375000
vt 0.625000 0.666667
vt 0.625000 0.041667
vt 0.628907 1.000000
vt 0.628907 0.000000
vt 0.617188 0.833333
vt 0.617188 0.791667
vt 0.617188 0.208333
vt 0.617188 0.166667
vt 0.617188 0.500000
vt 0.617188 0.458333
vt 0.617188 0.750000
vt 0.617188 0.125000
vt 0.617188 0.416667
vt 0.617188 0.708333
vt 0.617188 0.083333
vt 0.617188 0.375000
vt 0.617188 0.666667
vt 0.617188 0.041667
vt 0.621094 1.000000
vt 0.617188 0.958333
vt 0.617188 0.333333
vt 0.617188 0.625000
vt 0.621094 0.000000
vt 0.617188 0.916667
vt 0.617188 0.291667
vt 0.617188 0.583333
vt 0.617188 0.875000
vt 0.617188 0.250000
vt 0.617188 0.541667
vt 0.609375 0.416667
vt 0.609375 0.375000
vt 0.609375 0.708333
vt 0.609375 0.666667
vt 0.609375 0.083333
vt 0.609375 0.041667
vt 0.613282 1.000000
vt 0.609375 0.958333
vt 0.609375 0.333333
vt 0.609375 0.625000
vt 0.613282 0.000000
vt 0.609375 0.916667
vt 0.609375 0.291667
vt 0.609375 0.583333
vt 0.609375 0.875000
vt 0.609375 0.250000
vt 0.609375 0.541667
vt 0.609375 0.833333
vt 0.609375 0.208333
vt 0.609375 0.500000
vt 0.609375 0.791667
vt 0.609375 0.166667
vt 0.609375 0.458333
vt 0.609375 0.750000
vt 0.609375 0.125000
vt 0.601563 0.916667
vt 0.601563 0.875000
vt 0.601562 0.291667
vt 0.601563 0.250000
vt 0.601563 0.583333
vt 0.601562 0.541667
vt 0.601563 0.833333
vt 0.601563 0.208333
vt 0.601562 0.500000
vt 0.601563 0.791667
vt 0.601563 0.166667
vt 0.601562 0.458333
vt 0.601563 0.750000
vt 0.601563 0.125000
vt 0.601563 0.416667
vt 0.601563 0.708333
vt 0.601563 0.083333
vt 0.601563 0.375000
vt 0.601563 0.666667
vt 0.601563 0.041667
vt 0.605469 1.000000
vt 0.601563 0.958333
vt 0.601563 0.333333
vt 0.601563 0.625000
vt 0.605469 0.000000
vt 0.593750 0.791667
vt 0.593750 0.750000
vt 0.593750 0.166667
vt 0.593750 0.125000
vt 0.593750 0.458333
vt 0.593750 0.416667
vt 0.593750 0.708333
vt 0.593750 0.083333
vt 0.593750 0.375000
vt 0.593750 0.666667
vt 0.593750 0.041667
vt 0.597657 1.000000
vt 0.593750 0.958333
vt 0.593750 0.333333
vt 0.593750 0.625000
vt 0.597657 0.000000
vt 0.593750 0.916667
vt 0.593750 0.291667
vt 0.593750 0.583333
vt 0.593750 0.875000
vt 0.593750 0.250000
vt 0.593750 0.541667
vt 0.593750 0.833333
vt 0.593750 0.208333
vt 0.593750 0.500000
vt 0.585938 0.375000
vt 0.585938 0.333333
vt 0.585938 0.666667
vt 0.585938 0.625000
vt 0.589844 0.000000
vt 0.585938 0.041667
vt 0.585938 0.958333
vt 0.585938 0.916667
vt 0.585938 0.291667
vt 0.585938 0.583333
vt 0.585938 0.875000
vt 0.585938 0.250000
vt 0.585938 0.541667
vt 0.585938 0.833333
vt 0.585938 0.208333
vt 0.585938 0.500000
vt 0.585938 0.791667
vt 0.585938 0.166667
vt 0.585938 0.458333
vt 0.585938 0.750000
vt 0.585938 0.125000
vt 0.585938 0.416667
vt 0.585938 0.708333
vt 0.585938 0.083333
vt 0.589844 1.000000
vt 0.578125 0.875000
vt 0.578125 0.833333
vt 0.578125 0.250000
vt 0.578125 0.208333
vt 0.578125 0.541667
vt 0.578125 0.500000
vt 0.578125 0.791667
vt 0.578125 0.166667
vt 0.578125 0.458333
vt 0.578125 0.750000
vt 0.578125 0.125000
vt 0.578125 0.416667
vt 0.578125 0.708333
vt 0.578125 0.083333
vt 0.578125 0.375000
vt 0.578125 0.666667
vt 0.578125 0.041667
vt 0.582032 1.000000
vt 0.578125 0.958333
vt 0.578125 0.333333
vt 0.578125 0.625000
vt 0.582032 0.000000
vt 0.578125 0.916667
vt 0.578125 0.291667
vt 0.578125 0.583333
vt 0.570313 0.750000
vt 0.570313 0.708333
vt 0.570313 0.125000
vt 0.570313 0.083333
vt 0.570313 0.416667
vt 0.570313 0.375000
vt 0.570313 0.666667
vt 0.570313 0.041667
vt 0.574219 1.000000
vt 0.570313 0.958333
vt 0.570313 0.333333
vt 0.570312 0.625000
vt 0.574219 0.000000
vt 0.570313 0.916667
vt 0.570312 0.291667
vt 0.570313 0.583333
vt 0.570313 0.875000
vt 0.570313 0.250000
vt 0.570312 0.541667
vt 0.570313 0.833333
vt 0.570313 0.208333
vt 0.570312 0.500000
vt 0.570313 0.791667
vt 0.570313 0.166667
vt 0.570312 0.458333
vt 0.562500 0.333333
vt 0.562500 0.291667
vt 0.562500 0.625000
vt 0.562500 0.583333
vt 0.562500 0.916667
vt 0.562500 0.875000
vt 0.562500 0.250000
vt 0.562500 0.541667
vt 0.562500 0.833333
vt 0.562500 0.208333
vt 0.562500 0.500000
vt 0.562500 0.791667
vt 0.562500 0.166667
vt 0.562500 0.458333
vt 0.562500 0.750000
vt 0.562500 0.125000
vt 0.562500 0.416667
vt 0.562500 0.708333
vt 0.562500 0.083333
vt 0.562500 0.375000
vt 0.562500 0.666667
vt 0.562500 0.041667
vt 0.566407 1.000000
vt 0.562500 0.958333
vt 0.566407 0.000000
vt 0.554688 0.833333
vt 0.554688 0.791667
vt 0.554688 0.208333
vt 0.554688 0.166667
vt 0.554688 0.500000
vt 0.554688 0.458333
vt 0.554688 0.750000
vt 0.554688 0.125000
vt 0.554688 0.416667
vt 0.554688 0.708333
vt 0.554688 0.083333
vt 0.554688 0.375000
vt 0.554688 0.666667
vt 0.554688 0.041667
vt 0.558594 1.000000
vt 0.554688 0.958334
vt 0.554688 0.333333
vt 0.554688 0.625000
vt 0.558594 0.000000
vt 0.554688 0.916667
vt 0.554688 0.291667
vt 0.554688 0.583333
vt 0.554688 0.875000
vt 0.554688 0.250000
vt 0.554688 0.541667
vt 0.546875 0.708333
vt 0.546875 0.666667
vt 0.546875 0.083333
vt 0.546875 0.041667
vt 0.550782 1.000000
vt 0.546875 0.958334
vt 0.546875 0.375000
vt 0.546875 0.333333
vt 0.546875 0.625000
vt 0.550782 0.000000
vt 0.546875 0.916667
vt 0.546875 0.291667
vt 0.546875 0.583333
vt 0.546875 0.875000
vt 0.546875 0.250000
vt 0.546875 0.541667
vt 0.546875 0.833333
vt 0.546875 0.208333
vt 0.546875 0.500000
vt 0.546875 0.791667
vt 0.546875 0.166667
vt 0.546875 0.458333
vt 0.546875 0.750000
vt 0.546875 0.125000
vt 0.546875 0.416667
vt 0.539062 0.291667
vt 0.539063 0.250000
vt 0.539063 0.583333
vt 0.539062 0.541667
vt 0.539063 0.875000
vt 0.539063 0.833333
vt 0.539063 0.208333
vt 0.539062 0.500000
vt 0.539063 0.791667
vt 0.539063 0.166667
vt 0.539062 0.458333
vt 0.539063 0.750000
vt 0.539063 0.125000
vt 0.539063 0.416667
vt 0.539063 0.708333
vt 0.539063 0.083333
vt 0.539063 0.375000
vt 0.539063 0.666667
vt 0.539063 0.041667
vt 0.542969 1.000000
vt 0.539063 0.958334
vt 0.539063 0.333333
vt 0.539063 0.625000
vt 0.542969 0.000000
vt 0.539063 0.916667
vt 0.531250 0.791667
vt 0.531250 0.750000
vt 0.531250 0.166667
vt 0.531250 0.125000
vt 0.531250 0.458333
vt 0.531250 0.416667
vt 0.531250 0.708333
vt 0.531250 0.083333
vt 0.531250 0.375000
vt 0.531250 0.666667
vt 0.531250 0.041667
vt 0.535157 1.000000
vt 0.531250 0.958334
vt 0.531250 0.333333
vt 0.531250 0.625000
vt 0.535157 0.000000
vt 0.531250 0.916667
vt 0.531250 0.291667
vt 0.531250 0.583333
vt 0.531250 0.875000
vt 0.531250 0.250000
vt 0.531250 0.541667
vt 0.531250 0.833333
vt 0.531250 0.208333
vt 0.531250 0.500000
vt 0.523438 0.666667
vt 0.523438 0.625000
vt 0.527344 0.000000
vt 0.523438 0.041667
vt 0.523438 0.958334
vt 0.523438 0.916667
vt 0.523438 0.333333
vt 0.523438 0.291667
vt 0.523438 0.583333
vt 0.523438 0.875000
vt 0.523438 0.250000
vt 0.523438 0.541667
vt 0.523438 0.833333
vt 0.523438 0.208333
vt 0.523438 0.500000
vt 0.523438 0.791667
vt 0.523438 0.166667
vt 0.523438 0.458333
vt 0.523438 0.750000
vt 0.523438 0.125000
vt 0.523438 0.416667
vt 0.523438 0.708333
vt 0.523438 0.083333
vt 0.523438 0.375000
vt 0.527344 1.000000
vt 0.515625 0.250000
vt 0.515625 0.208333
vt 0.515625 0.541667
vt 0.515625 0.500000
vt 0.515625 0.833333
vt 0.515625 0.791667
vt 0.515625 0.166667
vt 0.515625 0.458333
vt 0.515625 0.750000
vt 0.515625 0.125000
vt 0.515625 0.416667
vt 0.515625 0.708333
vt 0.515625 0.083333
vt 0.515625 0.375000
vt 0.515625 0.666667
vt 0.515625 0.041667
vt 0.519532 1.000000
vt 0.515625 0.958334
vt 0.515625 0.333333
vt 0.515625 0.625000
vt 0.519532 0.000000
vt 0.515625 0.916667
vt 0.515625 0.291667
vt 0.515625 0.583333
vt 0.515625 0.875000
vt 0.507813 0.750000
vt 0.507813 0.708333
vt 0.507813 0.125000
vt 0.507813 0.083333
vt 0.507813 0.416667
vt 0.507813 0.375000
vt 0.507813 0.666667
vt 0.507813 0.041667
vt 0.511719 1.000000
vt 0.507813 0.958334
vt 0.507813 0.333333
vt 0.507813 0.625000
vt 0.511719 0.000000
vt 0.507813 0.916667
vt 0.507812 0.291667
vt 0.507813 0.583333
vt 0.507813 0.875000
vt 0.507813 0.250000
vt 0.507812 0.541667
vt 0.507813 0.833334
vt 0.507813 0.208333
vt 0.507812 0.500000
vt 0.507813 0.791667
vt 0.507813 0.166667
vt 0.507812 0.458333
vt 0.500000 0.625000
vt 0.500000 0.583333
vt 0.500000 0.916667
vt 0.500000 0.875000
vt 0.500000 0.291667
vt 0.500000 0.250000
vt 0.500000 0.541667
vt 0.500000 0.833334
vt 0.500000 0.208333
vt 0.500000 0.500000
vt 0.500000 0.791667
vt 0.500000 0.166667
vt 0.500000 0.458333
vt 0.500000 0.750000
vt 0.500000 0.125000
vt 0.500000 0.416667
vt 0.500000 0.708333
vt 0.500000 0.083333
vt 0.500000 0.375000
vt 0.500000 0.666667
vt 0.500000 0.041667
vt 0.503907 1.000000
vt 0.500000 0.958334
vt 0.500000 0.333333
vt 0.503907 0.000000
vt 0.492188 0.208333
vt 0.492188 0.166667
vt 0.492188 0.500000
vt 0.492188 0.458333
vt 0.492188 0.791667
vt 0.492188 0.750000
vt 0.492188 0.125000
vt 0.492188 0.416667
vt 0.492188 0.708333
vt 0.492188 0.083333
vt 0.492188 0.375000
vt 0.492188 0.666667
vt 0.492188 0.041667
vt 0.496094 1.000000
vt 0.492188 0.958334
vt 0.492188 0.333333
vt 0.492188 0.625000
vt 0.496094 0.000000
vt 0.492188 0.916667
vt 0.492188 0.291667
vt 0.492188 0.583333
vt 0.492188 0.875000
vt 0.492188 0.250000
vt 0.492188 0.541667
vt 0.492188 0.833334
vt 0.484375 0.708333
vt 0.484375 0.666667
vt 0.484375 0.083333
vt 0.484375 0.041667
vt 0.488282 1.000000
vt 0.484375 0.958334
vt 0.484375 0.375000
vt 0.484375 0.333333
vt 0.484375 0.625000
vt 0.488282 0.000000
vt 0.484375 0.916667
vt 0.484375 0.291667
vt 0.484375 0.583333
vt 0.484375 0.875000
vt 0.484375 0.250000
vt 0.484375 0.541667
vt 0.484375 0.833334
vt 0.484375 0.208333
vt 0.484375 0.500000
vt 0.484375 0.791667
vt 0.484375 0.166666
vt 0.484375 0.458333
vt 0.484375 0.750000
vt 0.484375 0.125000
vt 0.484375 0.416667
vt 0.476563 0.916667
vt 0.476563 0.875000
vt 0.476563 0.291667
vt 0.476563 0.250000
vt 0.476563 0.583333
vt 0.476562 0.541667
vt 0.476563 0.833334
vt 0.476563 0.208333
vt 0.476563 0.500000
vt 0.476563 0.791667
vt 0.476563 0.166666
vt 0.476562 0.458333
vt 0.476563 0.750000
vt 0.476563 0.125000
vt 0.476563 0.416667
vt 0.476563 0.708333
vt 0.476563 0.083333
vt 0.476563 0.375000
vt 0.476563 0.666667
vt 0.476563 0.041667
vt 0.480469 1.000000
vt 0.476563 0.958334
vt 0.476563 0.333333
vt 0.476563 0.625000
vt 0.480469 0.000000
vt 0.468750 0.791667
vt 0.468750 0.750000
vt 0.468750 0.166666
vt 0.468750 0.125000
vt 0.468750 0.458333
vt 0.468750 0.416667
vt 0.468750 0.708333
vt 0.468750 0.083333
vt 0.468750 0.375000
vt 0.468750 0.666667
vt 0.468750 0.041667
vt 0.472657 1.000000
vt 0.468750 0.958334
vt 0.468750 0.333333
vt 0.468750 0.625000
vt 0.472657 0.000000
vt 0.468750 0.916667
vt 0.468750 0.291667
vt 0.468750 0.583333
vt 0.468750 0.875000
vt 0.468750 0.250000
vt 0.468750 0.541667
vt 0.468750 0.833334
vt 0.468750 0.208333
vt 0.468750 0.500000
vt 0.460938 0.375000
vt 0.460938 0.333333
vt 0.460938 0.666667
vt 0.460938 0.625000
vt 0.464844 0.000000
vt 0.460938 0.041667
vt 0.460938 0.958334
vt 0.460938 0.916667
vt 0.460938 0.291667
vt 0.460938 0.583333
vt 0.460938 0.875000
vt 0.460938 0.250000
vt 0.460938 0.541667
vt 0.460938 0.833334
vt 0.460938 0.208333
vt 0.460938 0.500000
vt 0.460938 0.791667
vt 0.460938 0.166666
vt 0.460938 0.458333
vt 0.460938 0.750000
vt 0.460938 0.125000
vt 0.460938 0.416667
vt 0.460938 0.708333
vt 0.460938 0.083333
vt 0.464844 1.000000
vt 0.453125 0.875000
vt 0.453125 0.833334
vt 0.453125 0.250000
vt 0.453125 0.208333
vt 0.453125 0.541667
vt 0.453125 0.500000
vt 0.453125 0.791667
vt 0.453125 0.166666
vt 0.453125 0.458333
vt 0.453125 0.750000
vt 0.453125 0.125000
vt 0.453125 0.416667
vt 0.453125 0.708333
vt 0.453125 0.083333
vt 0.453125 0.375000
vt 0.453125 0.666667
vt 0.453125 0.041667
vt 0.457032 1.000000
vt 0.453125 0.958334
vt 0.453125 0.333333
vt 0.453125 0.625000
vt 0.457032 0.000000
vt 0.453125 0.916667
vt 0.453125 0.291667
vt 0.453125 0.583333
vt 0.445313 0.750000
vt 0.445313 0.708333
vt 0.445313 0.125000
vt 0.445313 0.083333
vt 0.445313 0.416667
vt 0.445313 0.375000
vt 0.445313 0.666667
vt 0.445313 0.041667
vt 0.449219 1.000000
vt 0.445313 0.958334
vt 0.445313 0.333333
vt 0.445313 0.625000
vt 0.449219 0.000000
vt 0.445313 0.916667
vt 0.445313 0.291667
vt 0.445313 0.583333
vt 0.445313 0.875000
vt 0.445313 0.250000
vt 0.445312 0.541667
vt 0.445313 0.833334
vt 0.445313 0.208333
vt 0.445313 0.500000
vt 0.445313 0.791667
vt 0.445313 0.166666
vt 0.445312 0.458333
vt 0.437500 0.333333
vt 0.437500 0.291667
vt 0.437500 0.625000
vt 0.437500 0.583333
vt 0.437500 0.916667
vt 0.437500 0.875000
vt 0.437500 0.250000
vt 0.437500 0.541667
vt 0.437500 0.833334
vt 0.437500 0.208333
vt 0.437500 0.500000
vt 0.437500 0.791667
vt 0.437500 0.166666
vt 0.437500 0.458333
vt 0.437500 0.750000
vt 0.437500 0.125000
vt 0.437500 0.416667
vt 0.437500 0.708333
vt 0.437500 0.083333
vt 0.437500 0.375000
vt 0.437500 0.666667
vt 0.437500 0.041667
vt 0.441407 1.000000
vt 0.437500 0.958334
vt 0.441407 0.000000
vt 0.429688 0.833334
vt 0.429688 0.791667
vt 0.429688 0.208333
vt 0.429688 0.166666
vt 0.429688 0.500000
vt 0.429688 0.458333
vt 0.429688 0.750000
vt 0.429688 0.125000
vt 0.429688 0.416667
vt 0.429688 0.708333
vt 0.429688 0.083333
vt 0.429688 0.375000
vt 0.429688 0.666667
vt 0.429688 0.041667
vt 0.433594 1.000000
vt 0.429688 0.958334
vt 0.429688 0.333333
vt 0.429688 0.625000
vt 0.433594 0.000000
vt 0.429688 0.916667
vt 0.429688 0.291667
vt 0.429688 0.583333
vt 0.429688 0.875000
vt 0.429688 0.250000
vt 0.429688 0.541667
vt 0.421875 0.708333
vt 0.421875 0.666667
vt 0.421875 0.083333
vt 0.421875 0.041667
vt 0.425782 1.000000
vt 0.421875 0.958334
vt 0.421875 0.375000
vt 0.421875 0.333333
vt 0.421875 0.625000
vt 0.425782 0.000000
vt 0.421875 0.916667
vt 0.421875 0.291667
vt 0.421875 0.583333
vt 0.421875 0.875000
vt 0.421875 0.250000
vt 0.421875 0.541667
vt 0.421875 0.833334
vt 0.421875 0.208333
vt 0.421875 0.500000
vt 0.421875 0.791667
vt 0.421875 0.166666
vt 0.421875 0.458333
vt 0.421875 0.750000
vt 0.421875 0.125000
vt 0.421875 0.416667
vt 0.414063 0.291667
vt 0.414063 0.250000
vt 0.414063 0.583333
vt 0.414062 0.541667
vt 0.414063 0.875000
vt 0.414063 0.833334
vt 0.414063 0.208333
vt 0.414063 0.500000
vt 0.414063 0.791667
vt 0.414063 0.166666
vt 0.414062 0.458333
vt 0.414063 0.750000
vt 0.414063 0.125000
vt 0.414063 0.416667
vt 0.414063 0.708333
vt 0.414063 0.083333
vt 0.414063 0.375000
vt 0.414063 0.666667
vt 0.414063 0.041667
vt 0.417969 1.000000
vt 0.414063 0.958334
vt 0.414063 0.333333
vt 0.414063 0.625000
vt 0.417969 0.000000
vt 0.414063 0.916667
vt 0.406250 0.791667
vt 0.406250 0.750000
vt 0.406250 0.166666
vt 0.406250 0.125000
vt 0.406250 0.458333
vt 0.406250 0.416667
vt 0.406250 0.708333
vt 0.406250 0.083333
vt 0.406250 0.375000
vt 0.406250 0.666667
vt 0.406250 0.041667
vt 0.410157 1.000000
vt 0.406250 0.958334
vt 0.406250 0.333333
vt 0.406250 0.625000
vt 0.410157 0.000000
vt 0.406250 0.916667
vt 0.406250 0.291667
vt 0.406250 0.583333
vt 0.406250 0.875000
vt 0.406250 0.250000
vt 0.406250 0.541667
vt 0.406250 0.833334
vt 0.406250 0.208333
vt 0.406250 0.500000
vt 0.398438 0.666667
vt 0.398438 0.625000
vt 0.402344 0.000000
vt 0.398438 0.041667
vt 0.398438 0.958334
vt 0.398438 0.916667
vt 0.398438 0.333333
vt 0.398438 0.291667
vt 0.398438 0.583333
vt 0.398438 0.875000
vt 0.398438 0.250000
vt 0.398438 0.541667
vt 0.398438 0.833334
vt 0.398438 0.208333
vt 0.398438 0.500000
vt 0.398438 0.791667
vt 0.398438 0.166666
vt 0.398438 0.458333
vt 0.398438 0.750000
vt 0.398438 0.125000
vt 0.398438 0.416667
vt 0.398438 0.708333
vt 0.398438 0.083333
vt 0.398438 0.375000
vt 0.402344 1.000000
vt 0.390625 0.250000
vt 0.390625 0.208333
vt 0.390625 0.541667
vt 0.390625 0.500000
vt 0.390625 0.833334
vt 0.390625 0.791667
vt 0.390625 0.166666
vt 0.390625 0.458333
vt 0.390625 0.750000
vt 0.390625 0.125000
vt 0.390625 0.416667
vt 0.390625 0.708333
vt 0.390625 0.083333
vt 0.390625 0.375000
vt 0.390625 0.666667
vt 0.390625 0.041667
vt 0.394532 1.000000
vt 0.390625 0.958334
vt 0.390625 0.333333
vt 0.390625 0.625000
vt 0.394532 0.000000
vt 0.390625 0.916667
vt 0.390625 0.291667
vt 0.390625 0.583333
vt 0.390625 0.875000
vt 0.382813 0.750000
vt 0.382813 0.708333
vt 0.382813 0.125000
vt 0.382813 0.083333
vt 0.382813 0.416667
vt 0.382813 0.375000
vt 0.382813 0.666667
vt 0.382813 0.041667
vt 0.386719 1.000000
vt 0.382813 0.958334
vt 0.382813 0.333333
vt 0.382813 0.625000
vt 0.386719 0.000000
vt 0.382813 0.916667
vt 0.382813 0.291667
vt 0.382813 0.583333
vt 0.382813 0.875000
vt 0.382813 0.250000
vt 0.382812 0.541667
vt 0.382813 0.833334
vt 0.382813 0.208333
vt 0.382812 0.500000
vt 0.382813 0.791667
vt 0.382813 0.166666
vt 0.382812 0.458333
vt 0.375000 0.625000
vt 0.375000 0.583333
vt 0.375000 0.916667
vt 0.375000 0.875000
vt 0.375000 0.291667
vt 0.375000 0.250000
vt 0.375000 0.541667
vt 0.375000 0.833334
vt 0.375000 0.208333
vt 0.375000 0.500000
vt 0.375000 0.791667
vt 0.375000 0.166666
vt 0.375000 0.458333
vt 0.375000 0.750000
vt 0.375000 0.125000
vt 0.375000 0.416667
vt 0.375000 0.708333
vt 0.375000 0.083333
vt 0.375000 0.375000
vt 0.375000 0.666667
vt 0.375000 0.041667
vt 0.378907 1.000000
vt 0.375000 0.958334
vt 0.375000 0.333333
vt 0.378907 0.000000
vt 0.367188 0.208333
vt 0.367188 0.166666
vt 0.367188 0.500000
vt 0.367188 0.458333
vt 0.367188 0.791667
vt 0.367188 0.750000
vt 0.367188 0.125000
vt 0.367188 0.416667
vt 0.367188 0.708333
vt 0.367188 0.083333
vt 0.367188 0.375000
vt 0.367188 0.666667
vt 0.367188 0.041667
vt 0.371094 1.000000
vt 0.367188 0.958334
vt 0.367188 0.333333
vt 0.367188 0.625000
vt 0.371094 0.000000
vt 0.367188 0.916667
vt 0.367188 0.291667
vt 0.367188 0.583333
vt 0.367188 0.875000
vt 0.367188 0.250000
vt 0.367187 0.541667
vt 0.367188 0.833334
vt 0.359375 0.708334
vt 0.359375 0.666667
vt 0.359375 0.083333
vt 0.359375 0.041667
vt 0.363281 1.000000
vt 0.359375 0.958334
vt 0.359375 0.375000
vt 0.359375 0.333333
vt 0.359375 0.625000
vt 0.363282 0.000000
vt 0.359375 0.916667
vt 0.359375 0.291667
vt 0.359375 0.583333
vt 0.359375 0.875000
vt 0.359375 0.250000
vt 0.359375 0.541667
vt 0.359375 0.833334
vt 0.359375 0.208333
vt 0.359375 0.500000
vt 0.359375 0.791667
vt 0.359375 0.166666
vt 0.359375 0.458333
vt 0.359375 0.750000
vt 0.359375 0.125000
vt 0.359375 0.416667
vt 0.351563 0.583333
vt 0.351562 0.541667
vt 0.351563 0.875000
vt 0.351563 0.833334
vt 0.351562 0.250000
vt 0.351563 0.208333
vt 0.351562 0.500000
vt 0.351563 0.791667
vt 0.351563 0.166666
vt 0.351562 0.458333
vt 0.351563 0.750000
vt 0.351563 0.125000
vt 0.351563 0.416667
vt 0.351563 0.708334
vt 0.351563 0.083333
vt 0.351563 0.375000
vt 0.351563 0.666667
vt 0.351563 0.041667
vt 0.355469 1.000000
vt 0.351563 0.958334
vt 0.351563 0.333333
vt 0.351563 0.625000
vt 0.355469 0.000000
vt 0.351563 0.916667
vt 0.351563 0.291667
vt 0.343750 0.166666
vt 0.343750 0.125000
vt 0.343750 0.458333
vt 0.343750 0.416667
vt 0.343750 0.750000
vt 0.343750 0.708334
vt 0.343750 0.083333
vt 0.343750 0.375000
vt 0.343750 0.666667
vt 0.343750 0.041667
vt 0.347656 1.000000
vt 0.343750 0.958334
vt 0.343750 0.333333
vt 0.343750 0.625000
vt 0.347657 0.000000
vt 0.343750 0.916667
vt 0.343750 0.291667
vt 0.343750 0.583333
vt 0.343750 0.875000
vt 0.343750 0.250000
vt 0.343750 0.541667
vt 0.343750 0.833334
vt 0.343750 0.208333
vt 0.343750 0.500000
vt 0.343750 0.791667
vt 0.335938 0.666667
vt 0.335938 0.625000
vt 0.339844 0.000000
vt 0.335938 0.041667
vt 0.335938 0.958334
vt 0.335938 0.916667
vt 0.335938 0.333333
vt 0.335938 0.291667
vt 0.335938 0.583333
vt 0.335938 0.875000
vt 0.335937 0.250000
vt 0.335937 0.541667
vt 0.335938 0.833334
vt 0.335938 0.208333
vt 0.335938 0.500000
vt 0.335938 0.791667
vt 0.335938 0.166666
vt 0.335938 0.458333
vt 0.335938 0.750000
vt 0.335938 0.125000
vt 0.335938 0.416667
vt 0.335938 0.708334
vt 0.335938 0.083333
vt 0.335938 0.375000
vt 0.339844 1.000000
vt 0.328125 0.541667
vt 0.328125 0.500000
vt 0.328125 0.833334
vt 0.328125 0.791667
vt 0.328125 0.208333
vt 0.328125 0.166666
vt 0.328125 0.458333
vt 0.328125 0.750000
vt 0.328125 0.125000
vt 0.328125 0.416667
vt 0.328125 0.708334
vt 0.328125 0.083333
vt 0.328125 0.375000
vt 0.328125 0.666667
vt 0.328125 0.041667
vt 0.332031 1.000000
vt 0.328125 0.958334
vt 0.328125 0.333333
vt 0.328125 0.625000
vt 0.332032 0.000000
vt 0.328125 0.916667
vt 0.328125 0.291667
vt 0.328125 0.583333
vt 0.328125 0.875000
vt 0.328125 0.250000
vt 0.320313 0.125000
vt 0.320313 0.083333
vt 0.320313 0.416667
vt 0.320312 0.375000
vt 0.320313 0.708334
vt 0.320313 0.666667
vt 0.320313 0.041667
vt 0.324219 1.000000
vt 0.320313 0.958334
vt 0.320313 0.333333
vt 0.320313 0.625000
vt 0.324219 0.000000
vt 0.320313 0.916667
vt 0.320312 0.291667
vt 0.320313 0.583333
vt 0.320313 0.875000
vt 0.320312 0.250000
vt 0.320312 0.541667
vt 0.320313 0.833334
vt 0.320313 0.208333
vt 0.320312 0.500000
vt 0.320313 0.791667
vt 0.320313 0.166666
vt 0.320312 0.458333
vt 0.320313 0.750000
vt 0.312500 0.625000
vt 0.312500 0.583333
vt 0.312500 0.916667
vt 0.312500 0.875000
vt 0.312500 0.291667
vt 0.312500 0.250000
vt 0.312500 0.541667
vt 0.312500 0.833334
vt 0.312500 0.208333
vt 0.312500 0.500000
vt 0.312500 0.791667
vt 0.312500 0.166666
vt 0.312500 0.458333
vt 0.312500 0.750000
vt 0.312500 0.125000
vt 0.312500 0.416667
vt 0.312500 0.708334
vt 0.312500 0.083333
vt 0.312500 0.375000
vt 0.312500 0.666667
vt 0.312500 0.041667
vt 0.316406 1.000000
vt 0.312500 0.958334
vt 0.312500 0.333333
vt 0.316406 0.000000
vt 0.304688 0.500000
vt 0.304687 0.458333
vt 0.304688 0.791667
vt 0.304688 0.750000
vt 0.304688 0.166666
vt 0.304688 0.125000
vt 0.304688 0.416667
vt 0.304688 0.708334
vt 0.304688 0.083333
vt 0.304688 0.375000
vt 0.304688 0.666667
vt 0.304688 0.041667
vt 0.308594 1.000000
vt 0.304688 0.958334
vt 0.304688 0.333333
vt 0.304688 0.625000
vt 0.308594 0.000000
vt 0.304688 0.916667
vt 0.304688 0.291667
vt 0.304688 0.583333
vt 0.304688 0.875000
vt 0.304687 0.250000
vt 0.304687 0.541667
vt 0.304688 0.833334
vt 0.304688 0.208333
vt 0.296875 0.083333
vt 0.296875 0.041667
vt 0.300781 1.000000
vt 0.296875 0.958334
vt 0.296875 0.375000
vt 0.296875 0.333333
vt 0.296875 0.666667
vt 0.296875 0.625000
vt 0.300781 0.000000
vt 0.296875 0.916667
vt 0.296875 0.291667
vt 0.296875 0.583333
vt 0.296875 0.875000
vt 0.296875 0.250000
vt 0.296875 0.541667
vt 0.296875 0.833334
vt 0.296875 0.208333
vt 0.296875 0.500000
vt 0.296875 0.791667
vt 0.296875 0.166666
vt 0.296875 0.458333
vt 0.296875 0.750000
vt 0.296875 0.125000
vt 0.296875 0.416667
vt 0.296875 0.708334
vt 0.289063 0.583333
vt 0.289062 0.541667
vt 0.289062 0.875000
vt 0.289062 0.833334
vt 0.289062 0.250000
vt 0.289062 0.208333
vt 0.289062 0.500000
vt 0.289063 0.791667
vt 0.289062 0.166666
vt 0.289062 0.458333
vt 0.289062 0.750000
vt 0.289062 0.125000
vt 0.289062 0.416667
vt 0.289062 0.708334
vt 0.289063 0.083333
vt 0.289062 0.375000
vt 0.289062 0.666667
vt 0.289063 0.041667
vt 0.292969 1.000000
vt 0.289063 0.958334
vt 0.289063 0.333333
vt 0.289062 0.625000
vt 0.292969 0.000000
vt 0.289063 0.916667
vt 0.289062 0.291667
vt 0.281250 0.458333
vt 0.281250 0.416667
vt 0.281250 0.750000
vt 0.281250 0.708334
vt 0.281250 0.125000
vt 0.281250 0.083333
vt 0.281250 0.375000
vt 0.281250 0.666667
vt 0.281250 0.041667
vt 0.285156 1.000000
vt 0.281250 0.958334
vt 0.281250 0.333333
vt 0.281250 0.625000
vt 0.285156 0.000000
vt 0.281250 0.916667
vt 0.281250 0.291667
vt 0.281250 0.583333
vt 0.281250 0.875000
vt 0.281250 0.250000
vt 0.281250 0.541667
vt 0.281250 0.833334
vt 0.281250 0.208333
vt 0.281250 0.500000
vt 0.281250 0.791667
vt 0.281250 0.166666
vt 0.277344 0.000000
vt 0.273438 0.041667
vt 0.273438 0.958334
vt 0.273438 0.916667
vt 0.273438 0.333333
vt 0.273437 0.291667
vt 0.273438 0.625000
vt 0.273438 0.583333
vt 0.273438 0.875000
vt 0.273437 0.250000
vt 0.273437 0.541667
vt 0.273438 0.833334
vt 0.273438 0.208333
vt 0.273438 0.500000
vt 0.273438 0.791667
vt 0.273438 0.166666
vt 0.273437 0.458333
vt 0.273438 0.750000
vt 0.273438 0.125000
vt 0.273438 0.416667
vt 0.273438 0.708334
vt 0.273438 0.083333
vt 0.273438 0.375000
vt 0.273438 0.666667
vt 0.277344 1.000000
vt 0.265625 0.541667
vt 0.265625 0.500000
vt 0.265625 0.833334
vt 0.265625 0.791667
vt 0.265625 0.208333
vt 0.265625 0.166666
vt 0.265625 0.458333
vt 0.265625 0.750000
vt 0.265625 0.125000
vt 0.265625 0.416667
vt 0.265625 0.708334
vt 0.265625 0.083333
vt 0.265625 0.375000
vt 0.265625 0.666667
vt 0.265625 0.041667
vt 0.269531 1.000000
vt 0.265625 0.958334
vt 0.265625 0.333333
vt 0.265625 0.625000
vt 0.269531 0.000000
vt 0.265625 0.916667
vt 0.265625 0.291667
vt 0.265625 0.583333
vt 0.265625 0.875000
vt 0.265625 0.250000
vt 0.257812 0.416667
vt 0.257812 0.375000
vt 0.257812 0.708334
vt 0.257812 0.666667
vt 0.257812 0.083333
vt 0.257812 0.041667
vt 0.261719 1.000000
vt 0.257812 0.958334
vt 0.257812 0.333333
vt 0.257812 0.625000
vt 0.261719 0.000000
vt 0.257812 0.916667
vt 0.257812 0.291667
vt 0.257812 0.583333
vt 0.257812 0.875000
vt 0.257812 0.250000
vt 0.257812 0.541667
vt 0.257812 0.833334
vt 0.257812 0.208333
vt 0.257812 0.500000
vt 0.257812 0.791667
vt 0.257812 0.166666
vt 0.257812 0.458333
vt 0.257812 0.750000
vt 0.257812 0.125000
vt 0.250000 0.916667
vt 0.250000 0.875000
vt 0.250000 0.291667
vt 0.250000 0.250000
vt 0.250000 0.583333
vt 0.250000 0.541667
vt 0.250000 0.833334
vt 0.250000 0.208333
vt 0.250000 0.500000
vt 0.250000 0.791667
vt 0.250000 0.166666
vt 0.250000 0.458333
vt 0.250000 0.750000
vt 0.250000 0.125000
vt 0.250000 0.416667
vt 0.250000 0.708334
vt 0.250000 0.083333
vt 0.250000 0.375000
vt 0.250000 0.666667
vt 0.250000 0.041667
vt 0.253906 1.000000
vt 0.250000 0.958334
vt 0.250000 0.333333
vt 0.250000 0.625000
vt 0.253906 0.000000
vt 0.242187 0.500000
vt 0.242187 0.458333
vt 0.242188 0.791667
vt 0.242187 0.750000
vt 0.242187 0.166666
vt 0.242187 0.125000
vt 0.242188 0.416667
vt 0.242187 0.708334
vt 0.242187 0.083333
vt 0.242187 0.375000
vt 0.242188 0.666667
vt 0.242187 0.041667
vt 0.246093 1.000000
vt 0.242187 0.958334
vt 0.242188 0.333333
vt 0.242188 0.625000
vt 0.246094 0.000000
vt 0.242187 0.916667
vt 0.242187 0.291667
vt 0.242188 0.583333
vt 0.242187 0.875000
vt 0.242187 0.250000
vt 0.242187 0.541667
vt 0.242187 0.833334
vt 0.242187 0.208333
vt 0.238281 1.000000
vt 0.234375 0.958334
vt 0.234375 0.375000
vt 0.234375 0.333333
vt 0.234375 0.666667
vt 0.234375 0.625000
vt 0.238281 0.000000
vt 0.234375 0.041667
vt 0.234375 0.916667
vt 0.234375 0.291667
vt 0.234375 0.583333
vt 0.234375 0.875000
vt 0.234375 0.250000
vt 0.234375 0.541667
vt 0.234375 0.833334
vt 0.234375 0.208333
vt 0.234375 0.500000
vt 0.234375 0.791667
vt 0.234375 0.166666
vt 0.234375 0.458333
vt 0.234375 0.750000
vt 0.234375 0.125000
vt 0.234375 0.416667
vt 0.234375 0.708334
vt 0.234375 0.083333
vt 0.226562 0.875000
vt 0.226562 0.833334
vt 0.226562 0.250000
vt 0.226562 0.208333
vt 0.226562 0.541667
vt 0.226562 0.500000
vt 0.226562 0.791667
vt 0.226562 0.166666
vt 0.226562 0.458333
vt 0.226562 0.750000
vt 0.226562 0.125000
vt 0.226562 0.416667
vt 0.226562 0.708334
vt 0.226562 0.083333
vt 0.226562 0.375000
vt 0.226562 0.666667
vt 0.226562 0.041667
vt 0.230468 1.000000
vt 0.226562 0.958334
vt 0.226562 0.333333
vt 0.226562 0.625000
vt 0.230469 0.000000
vt 0.226562 0.916667
vt 0.226562 0.291667
vt 0.226562 0.583333
vt 0.218750 0.458333
vt 0.218750 0.416667
vt 0.218750 0.750000
vt 0.218750 0.708334
vt 0.218750 0.250000
vt 0.218750 0.208333
vt 0.218750 0.375000
vt 0.218750 0.666667
vt 0.222656 1.000000
vt 0.218750 0.958334
vt 0.218750 0.166666
vt 0.218750 0.333333
vt 0.218750 0.625000
vt 0.218750 0.916667
vt 0.218750 0.125000
vt 0.218750 0.291667
vt 0.218750 0.583333
vt 0.218750 0.875000
vt 0.218750 0.083333
vt 0.218750 0.541667
vt 0.218750 0.833334
vt 0.218750 0.041667
vt 0.218750 0.500000
vt 0.218750 0.791667
vt 0.222656 0.000000
vt 0.210938 0.791667
vt 0.210937 0.750000
vt 0.210937 0.166666
vt 0.210937 0.125000
vt 0.210937 0.458333
vt 0.210938 0.416667
vt 0.210937 0.708334
vt 0.210937 0.083333
vt 0.210937 0.375000
vt 0.210938 0.666667
vt 0.210937 0.041667
vt 0.214843 1.000000
vt 0.210937 0.958334
vt 0.210938 0.333333
vt 0.210938 0.625000
vt 0.214844 0.000000
vt 0.210937 0.916667
vt 0.210937 0.291667
vt 0.210938 0.583333
vt 0.210937 0.875000
vt 0.210937 0.250000
vt 0.210937 0.541667
vt 0.210937 0.833334
vt 0.210937 0.208333
vt 0.210937 0.500000
vt 0.203125 0.666667
vt 0.203125 0.625000
vt 0.207031 0.000000
vt 0.203125 0.041667
vt 0.203125 0.958334
vt 0.203125 0.916667
vt 0.203125 0.333333
vt 0.203125 0.291667
vt 0.203125 0.583333
vt 0.203125 0.875000
vt 0.203125 0.250000
vt 0.203125 0.541667
vt 0.203125 0.833334
vt 0.203125 0.208333
vt 0.203125 0.500000
vt 0.203125 0.791667
vt 0.203125 0.166666
vt 0.203125 0.458333
vt 0.203125 0.750000
vt 0.203125 0.125000
vt 0.203125 0.416667
vt 0.203125 0.708334
vt 0.203125 0.083333
vt 0.203125 0.375000
vt 0.207031 1.000000
vt 0.195312 0.250000
vt 0.195312 0.208333
vt 0.195312 0.541667
vt 0.195312 0.500000
vt 0.195312 0.833334
vt 0.195312 0.791667
vt 0.195312 0.166666
vt 0.195312 0.458333
vt 0.195312 0.750000
vt 0.195312 0.125000
vt 0.195312 0.416667
vt 0.195312 0.708334
vt 0.195312 0.083333
vt 0.195312 0.375000
vt 0.195312 0.666667
vt 0.195312 0.041667
vt 0.199218 1.000000
vt 0.195312 0.958334
vt 0.195312 0.333333
vt 0.195312 0.625000
vt 0.199218 0.000000
vt 0.195312 0.916667
vt 0.195312 0.291667
vt 0.195312 0.583333
vt 0.195312 0.875000
vt 0.187500 0.750000
vt 0.187500 0.708334
vt 0.187500 0.125000
vt 0.187500 0.083333
vt 0.187500 0.416667
vt 0.187500 0.375000
vt 0.187500 0.666667
vt 0.187500 0.041667
vt 0.191406 1.000000
vt 0.187500 0.958334
vt 0.187500 0.333333
vt 0.187500 0.625000
vt 0.191406 0.000000
vt 0.187500 0.916667
vt 0.187500 0.291667
vt 0.187500 0.583333
vt 0.187500 0.875000
vt 0.187500 0.250000
vt 0.187500 0.541667
vt 0.187500 0.833334
vt 0.187500 0.208333
vt 0.187500 0.500000
vt 0.187500 0.791667
vt 0.187500 0.166666
vt 0.187500 0.458333
vt 0.179687 0.625000
vt 0.179687 0.583333
vt 0.179687 0.916667
vt 0.179687 0.875000
vt 0.179687 0.291667
vt 0.179687 0.250000
vt 0.179687 0.541667
vt 0.179687 0.833334
vt 0.179687 0.208333
vt 0.179687 0.500000
vt 0.179687 0.791667
vt 0.179687 0.166666
vt 0.179687 0.458333
vt 0.179687 0.750000
vt 0.179687 0.125000
vt 0.179687 0.416667
vt 0.179687 0.708334
vt 0.179687 0.083333
vt 0.179687 0.375000
vt 0.179687 0.666667
vt 0.179687 0.041667
vt 0.183593 1.000000
vt 0.179687 0.958334
vt 0.179687 0.333333
vt 0.183593 0.000000
vt 0.171875 0.208333
vt 0.171875 0.166666
vt 0.171875 0.500000
vt 0.171875 0.458333
vt 0.171875 0.791667
vt 0.171875 0.750000
vt 0.171875 0.125000
vt 0.171875 0.416667
vt 0.171875 0.708334
vt 0.171875 0.083333
vt 0.171875 0.375000
vt 0.171875 0.666667
vt 0.171875 0.041667
vt 0.175781 1.000000
vt 0.171875 0.958334
vt 0.171875 0.333333
vt 0.171875 0.625000
vt 0.175781 0.000000
vt 0.171875 0.916667
vt 0.171875 0.291667
vt 0.171875 0.583333
vt 0.171875 0.875000
vt 0.171875 0.250000
vt 0.171875 0.541667
vt 0.171875 0.833334
vt 0.164062 0.708334
vt 0.164062 0.666667
vt 0.164062 0.083333
vt 0.164062 0.041667
vt 0.167968 1.000000
vt 0.164062 0.958334
vt 0.164062 0.375000
vt 0.164062 0.333333
vt 0.164062 0.625000
vt 0.167968 0.000000
vt 0.164062 0.916667
vt 0.164062 0.291667
vt 0.164062 0.583333
vt 0.164062 0.875000
vt 0.164062 0.250000
vt 0.164062 0.541667
vt 0.164062 0.833334
vt 0.164062 0.208333
vt 0.164062 0.500000
vt 0.164062 0.791667
vt 0.164062 0.166666
vt 0.164062 0.458333
vt 0.164062 0.750000
vt 0.164062 0.125000
vt 0.164062 0.416667
vt 0.156250 0.583333
vt 0.156250 0.541667
vt 0.156250 0.875000
vt 0.156250 0.833334
vt 0.156250 0.250000
vt 0.156250 0.208333
vt 0.156250 0.500000
vt 0.156250 0.791667
vt 0.156250 0.166666
vt 0.156250 0.458333
vt 0.156250 0.750000
vt 0.156250 0.125000
vt 0.156250 0.416667
vt 0.156250 0.708334
vt 0.156250 0.083333
vt 0.156250 0.375000
vt 0.156250 0.666667
vt 0.156250 0.041667
vt 0.160156 1.000000
vt 0.156250 0.958334
vt 0.156250 0.333333
vt 0.156250 0.625000
vt 0.160156 0.000000
vt 0.156250 0.916667
vt 0.156250 0.291667
vt 0.148437 0.166666
vt 0.148437 0.125000
vt 0.148437 0.458333
vt 0.148437 0.416667
vt 0.148437 0.750000
vt 0.148437 0.708334
vt 0.148437 0.083333
vt 0.148437 0.375000
vt 0.148437 0.666667
vt 0.148437 0.041667
vt 0.152343 1.000000
vt 0.148437 0.958334
vt 0.148437 0.333333
vt 0.148437 0.625000
vt 0.152343 0.000000
vt 0.148437 0.916667
vt 0.148437 0.291667
vt 0.148438 0.583333
vt 0.148437 0.875000
vt 0.148437 0.250000
vt 0.148437 0.541667
vt 0.148437 0.833334
vt 0.148437 0.208333
vt 0.148437 0.500000
vt 0.148437 0.791667
vt 0.140625 0.666667
vt 0.140625 0.625000
vt 0.144531 0.000000
vt 0.140625 0.041667
vt 0.140625 0.958334
vt 0.140625 0.916667
vt 0.140625 0.333333
vt 0.140625 0.291667
vt 0.140625 0.583333
vt 0.140625 0.875000
vt 0.140625 0.250000
vt 0.140625 0.541667
vt 0.140625 0.833334
vt 0.140625 0.208333
vt 0.140625 0.500000
vt 0.140625 0.791667
vt 0.140625 0.166666
vt 0.140625 0.458333
vt 0.140625 0.750000
vt 0.140625 0.125000
vt 0.140625 0.416667
vt 0.140625 0.708334
vt 0.140625 0.083333
vt 0.140625 0.375000
vt 0.144531 1.000000
vt 0.132812 0.541667
vt 0.132812 0.500000
vt 0.132812 0.833334
vt 0.132812 0.791667
vt 0.132812 0.208333
vt 0.132812 0.166666
vt 0.132812 0.458333
vt 0.132812 0.750000
vt 0.132812 0.125000
vt 0.132812 0.416667
vt 0.132812 0.708334
vt 0.132812 0.083333
vt 0.132812 0.375000
vt 0.132812 0.666667
vt 0.132812 0.041667
vt 0.136718 1.000000
vt 0.132812 0.958334
vt 0.132812 0.333333
vt 0.132812 0.625000
vt 0.136718 0.000000
vt 0.132812 0.916667
vt 0.132812 0.291667
vt 0.132812 0.583333
vt 0.132812 0.875000
vt 0.132812 0.250000
vt 0.125000 0.125000
vt 0.125000 0.083333
vt 0.125000 0.416667
vt 0.125000 0.375000
vt 0.125000 0.708334
vt 0.125000 0.666667
vt 0.125000 0.041667
vt 0.128906 1.000000
vt 0.125000 0.958334
vt 0.125000 0.333333
vt 0.125000 0.625000
vt 0.128906 0.000000
vt 0.125000 0.916667
vt 0.125000 0.291667
vt 0.125000 0.583333
vt 0.125000 0.875000
vt 0.125000 0.250000
vt 0.125000 0.541667
vt 0.125000 0.833334
vt 0.125000 0.208333
vt 0.125000 0.500000
vt 0.125000 0.791667
vt 0.125000 0.166666
vt 0.125000 0.458333
vt 0.125000 0.750000
vt 0.117187 0.625000
vt 0.117188 0.583333
vt 0.117187 0.916667
vt 0.117187 0.875000
vt 0.117187 0.291667
vt 0.117187 0.250000
vt 0.117187 0.541667
vt 0.117187 0.833334
vt 0.117187 0.208333
vt 0.117187 0.500000
vt 0.117187 0.791667
vt 0.117187 0.166666
vt 0.117187 0.458333
vt 0.117187 0.750000
vt 0.117187 0.125000
vt 0.117188 0.416667
vt 0.117187 0.708334
vt 0.117187 0.083333
vt 0.117187 0.375000
vt 0.117187 0.666667
vt 0.117187 0.041667
vt 0.121093 1.000000
vt 0.117187 0.958334
vt 0.117188 0.333333
vt 0.121093 0.000000
vt 0.109375 0.500000
vt 0.109375 0.458333
vt 0.109375 0.791667
vt 0.109375 0.750000
vt 0.109375 0.166666
vt 0.109375 0.125000
vt 0.109375 0.416667
vt 0.109375 0.708334
vt 0.109375 0.083333
vt 0.109375 0.375000
vt 0.109375 0.666667
vt 0.109375 0.041667
vt 0.113281 1.000000
vt 0.109375 0.958334
vt 0.109375 0.333333
vt 0.109375 0.625000
vt 0.113281 0.000000
vt 0.109375 0.916667
vt 0.109375 0.291667
vt 0.109375 0.583333
vt 0.109375 0.875000
vt 0.109375 0.250000
vt 0.109375 0.541667
vt 0.109375 0.833334
vt 0.109375 0.208333
vt 0.101562 0.083333
vt 0.101562 0.041667
vt 0.105468 1.000000
vt 0.101562 0.958334
vt 0.101562 0.375000
vt 0.101562 0.333333
vt 0.101562 0.666667
vt 0.101562 0.625000
vt 0.105468 0.000000
vt 0.101562 0.916667
vt 0.101562 0.291667
vt 0.101562 0.583333
vt 0.101562 0.875000
vt 0.101562 0.250000
vt 0.101562 0.541667
vt 0.101562 0.833334
vt 0.101562 0.208333
vt 0.101562 0.500000
vt 0.101562 0.791667
vt 0.101562 0.166666
vt 0.101562 0.458333
vt 0.101562 0.750000
vt 0.101562 0.125000
vt 0.101562 0.416667
vt 0.101562 0.708334
vt 0.093750 0.583333
vt 0.093750 0.541667
vt 0.093750 0.875000
vt 0.093750 0.833334
vt 0.093750 0.250000
vt 0.093750 0.208333
vt 0.093750 0.500000
vt 0.093750 0.791667
vt 0.093750 0.166666
vt 0.093750 0.458333
vt 0.093750 0.750000
vt 0.093750 0.125000
vt 0.093750 0.416667
vt 0.093750 0.708334
vt 0.093750 0.083333
vt 0.093750 0.375000
vt 0.093750 0.666667
vt 0.093750 0.041667
vt 0.097656 1.000000
vt 0.093750 0.958334
vt 0.093750 0.333333
vt 0.093750 0.625000
vt 0.097656 0.000000
vt 0.093750 0.916667
vt 0.093750 0.291667
vt 0.085937 0.458333
vt 0.085937 0.416667
vt 0.085937 0.750000
vt 0.085937 0.708334
vt 0.085937 0.125000
vt 0.085937 0.083333
vt 0.085937 0.375000
vt 0.085937 0.666667
vt 0.085937 0.041667
vt 0.089843 1.000000
vt 0.085937 0.958334
vt 0.085937 0.333333
vt 0.085937 0.625000
vt 0.089843 0.000000
vt 0.085937 0.916667
vt 0.085937 0.291667
vt 0.085937 0.583333
vt 0.085937 0.875000
vt 0.085937 0.250000
vt 0.085937 0.541667
vt 0.085937 0.833334
vt 0.085937 0.208333
vt 0.085937 0.500000
vt 0.085937 0.791667
vt 0.085937 0.166666
vt 0.082031 0.000000
vt 0.078124 0.041667
vt 0.078124 0.958334
vt 0.078125 0.916667
vt 0.078125 0.333333
vt 0.078125 0.291667
vt 0.078125 0.625000
vt 0.078125 0.583333
vt 0.078125 0.875000
vt 0.078125 0.250000
vt 0.078125 0.541667
vt 0.078125 0.833334
vt 0.078125 0.208333
vt 0.078125 0.500000
vt 0.078125 0.791667
vt 0.078125 0.166666
vt 0.078125 0.458333
vt 0.078125 0.750000
vt 0.078125 0.125000
vt 0.078125 0.416667
vt 0.078125 0.708334
vt 0.078125 0.083333
vt 0.078125 0.375000
vt 0.078125 0.666667
vt 0.082031 1.000000
vt 0.070312 0.541667
vt 0.070312 0.500000
vt 0.070312 0.833334
vt 0.070312 0.791667
vt 0.070312 0.208333
vt 0.070312 0.166666
vt 0.070312 0.458333
vt 0.070312 0.750000
vt 0.070312 0.125000
vt 0.070312 0.416667
vt 0.070312 0.708334
vt 0.070312 0.083333
vt 0.070312 0.375000
vt 0.070312 0.666667
vt 0.070312 0.041667
vt 0.074218 1.000000
vt 0.070312 0.958334
vt 0.070312 0.333333
vt 0.070312 0.625000
vt 0.074218 0.000000
vt 0.070312 0.916667
vt 0.070312 0.291667
vt 0.070312 0.583333
vt 0.070312 0.875000
vt 0.070312 0.250000
vt 0.062500 0.416667
vt 0.062500 0.375000
vt 0.062500 0.708334
vt 0.062500 0.666667
vt 0.062500 0.083333
vt 0.062499 0.041667
vt 0.066405 1.000000
vt 0.062499 0.958334
vt 0.062500 0.333333
vt 0.062500 0.625000
vt 0.066405 0.000000
vt 0.062500 0.916667
vt 0.062500 0.291667
vt 0.062500 0.583333
vt 0.062500 0.875000
vt 0.062500 0.250000
vt 0.062500 0.541667
vt 0.062500 0.833334
vt 0.062500 0.208333
vt 0.062500 0.500000
vt 0.062500 0.791667
vt 0.062500 0.166666
vt 0.062500 0.458333
vt 0.062500 0.750000
vt 0.062500 0.125000
vt 0.054687 0.916667
vt 0.054687 0.875000
vt 0.054687 0.291667
vt 0.054687 0.250000
vt 0.054687 0.583333
vt 0.054687 0.541667
vt 0.054687 0.833334
vt 0.054687 0.208333
vt 0.054687 0.500000
vt 0.054687 0.791667
vt 0.054687 0.166666
vt 0.054687 0.458333
vt 0.054687 0.750000
vt 0.054687 0.125000
vt 0.054687 0.416667
vt 0.054687 0.708334
vt 0.054687 0.083333
vt 0.054687 0.375000
vt 0.054687 0.666667
vt 0.054687 0.041667
vt 0.058593 1.000000
vt 0.054687 0.958334
vt 0.054687 0.333333
vt 0.054687 0.625000
vt 0.058593 0.000000
vt 0.046875 0.500000
vt 0.046875 0.458333
vt 0.046875 0.791667
vt 0.046875 0.750000
vt 0.046875 0.166666
vt 0.046875 0.125000
vt 0.046875 0.416667
vt 0.046875 0.708334
vt 0.046875 0.083333
vt 0.046875 0.375000
vt 0.046875 0.666667
vt 0.046874 0.041667
vt 0.050780 1.000000
vt 0.046874 0.958334
vt 0.046875 0.333333
vt 0.046875 0.625000
vt 0.050780 0.000000
vt 0.046875 0.916667
vt 0.046875 0.291667
vt 0.046875 0.583333
vt 0.046875 0.875000
vt 0.046875 0.250000
vt 0.046875 0.541667
vt 0.046875 0.833334
vt 0.046875 0.208333
vt 0.042968 1.000000
vt 0.039062 0.958334
vt 0.039062 0.375000
vt 0.039062 0.333333
vt 0.039062 0.666667
vt 0.039062 0.625000
vt 0.042968 0.000000
vt 0.039062 0.041667
vt 0.039062 0.916667
vt 0.039062 0.291667
vt 0.039062 0.583333
vt 0.039062 0.875000
vt 0.039062 0.250000
vt 0.039062 0.541667
vt 0.039062 0.833334
vt 0.039062 0.208333
vt 0.039062 0.500000
vt 0.039062 0.791667
vt 0.039062 0.166666
vt 0.039062 0.458333
vt 0.039062 0.750000
vt 0.039062 0.125000
vt 0.039062 0.416667
vt 0.039062 0.708334
vt 0.039062 0.083333
vt 0.031250 0.875000
vt 0.031250 0.833334
vt 0.031250 0.250000
vt 0.031250 0.208333
vt 0.031250 0.541667
vt 0.031250 0.500000
vt 0.031250 0.791667
vt 0.031250 0.166666
vt 0.031250 0.458333
vt 0.031250 0.750000
vt 0.031250 0.125000
vt 0.031250 0.416667
vt 0.031250 0.708334
vt 0.031250 0.083333
vt 0.031250 0.375000
vt 0.031250 0.666667
vt 0.031249 0.041667
vt 0.035155 1.000000
vt 0.031249 0.958334
vt 0.031250 0.333333
vt 0.031250 0.625000
vt 0.035155 0.000000
vt 0.031250 0.916667
vt 0.031250 0.291667
vt 0.031250 0.583333
vt 0.023437 0.458333
vt 0.023437 0.416667
vt 0.023437 0.750000
vt 0.023437 0.708334
vt 0.023437 0.125000
vt 0.023437 0.083333
vt 0.023437 0.375000
vt 0.023437 0.666667
vt 0.023437 0.041667
vt 0.027343 1.000000
vt 0.023437 0.958334
vt 0.023438 0.333333
vt 0.023437 0.625000
vt 0.027343 0.000000
vt 0.023437 0.916667
vt 0.023437 0.291666
vt 0.023438 0.583333
vt 0.023437 0.875000
vt 0.023437 0.250000
vt 0.023437 0.541667
vt 0.023437 0.833334
vt 0.023437 0.208333
vt 0.023437 0.500000
vt 0.023437 0.791667
vt 0.023437 0.166666
vt 0.015624 0.958334
vt 0.015625 0.916667
vt 0.015625 0.333333
vt 0.015625 0.291667
vt 0.015625 0.625000
vt 0.015625 0.583333
vt 0.015625 0.875000
vt 0.015625 0.250000
vt 0.015625 0.541667
vt 0.015625 0.833334
vt 0.015625 0.208333
vt 0.015625 0.500000
vt 0.015625 0.791667
vt 0.015625 0.166666
vt 0.015625 0.458333
vt 0.015625 0.750000
vt 0.015625 0.125000
vt 0.015625 0.416667
vt 0.015625 0.708334
vt 0.015625 0.083333
vt 0.015625 0.375000
vt 0.015625 0.666667
vt 0.015624 0.041667
vt 0.019531 1.000000
vt 0.019530 0.000000
vt 0.007812 0.833334
vt 0.007812 0.791667
vt 0.007812 0.208333
vt 0.007812 0.166666
vt 0.007812 0.500000
vt 0.007812 0.458333
vt 0.007812 0.750000
vt 0.007812 0.125000
vt 0.007812 0.416667
vt 0.007812 0.708334
vt 0.007812 0.083333
vt 0.007812 0.375000
vt 0.007812 0.666667
vt 0.007812 0.041667
vt 0.011718 1.000000
vt 0.007812 0.958334
vt 0.007812 0.333333
vt 0.007812 0.625000
vt 0.011718 0.000000
vt 0.007812 0.916667
vt 0.007812 0.291667
vt 0.007812 0.583333
vt 0.007812 0.875000
vt 0.007812 0.250000
vt 0.007812 0.541667
vt 0.000000 0.416667
vt 0.000000 0.375000
vt 0.000000 0.708334
vt 0.000000 0.666667
vt 0.000000 0.083333
vt 0.000000 0.041667
vt 0.003906 1.000000
vt 0.000000 0.958334
vt 0.000000 0.333333
vt 0.000000 0.625000
vt 0.003905 0.000000
vt 0.000000 0.916667
vt 0.000000 0.291667
vt 0.000000 0.583333
vt 0.000000 0.875000
vt 0.000000 0.250000
vt 0.000000 0.541667
vt 0.000000 0.833334
vt 0.000000 0.208333
vt 0.000000 0.500000
vt 0.000000 0.791667
vt 0.000000 0.166666
vt 0.000000 0.458333
vt 0.000000 0.750000
vt 0.000000 0.125000
vt 1.000000 0.875000
vt 1.000000 0.916667
vt 0.992187 0.916667
vt 0.992187 0.875000
vt 1.000000 0.250000
vt 1.000000 0.291667
vt 0.992187 0.291666
vt 0.992187 0.250000
vt 1.000000 0.541667
vt 1.000000 0.583333
vt 0.992187 0.583333
vt 0.992187 0.541667
vt 1.000000 0.833334
vt 0.992187 0.833334
vt 1.000000 0.208333
vt 0.992187 0.208333
vt 1.000000 0.500000
vt 0.992187 0.500000
vt 1.000000 0.791667
vt 0.992187 0.791667
vt 1.000000 0.166666
vt 0.992187 0.166666
vt 1.000000 0.458333
vt 0.992187 0.458333
vt 1.000000 0.750000
vt 0.992187 0.750000
vt 1.000000 0.125000
vt 0.992187 0.125000
vt 1.000000 0.416667
vt 0.992187 0.416667
vt 1.000000 0.708334
vt 0.992187 0.708334
vt 1.000000 0.083333
vt 0.992187 0.083333
vt 1.000000 0.375000
vt 0.992187 0.375000
vt 1.000000 0.666667
vt 0.992187 0.666667
vt 1.000000 0.041667
vt 0.992187 0.041667
vt 1.000000 0.958334
vt 0.996093 1.000000
vt 0.992187 0.958334
vt 1.000000 0.333333
vt 0.992188 0.333333
vt 1.000000 0.625000
vt 0.992187 0.625000
vt 0.996093 0.000000
vt 0.984375 0.791667
vt 0.984375 0.750000
vt 0.984375 0.166666
vt 0.984375 0.125000
vt 0.984375 0.458333
vt 0.984375 0.416667
vt 0.984375 0.708334
vt 0.984375 0.083333
vt 0.984375 0.375000
vt 0.984375 0.666667
vt 0.984374 0.041667
vt 0.988281 1.000000
vt 0.984374 0.958334
vt 0.984375 0.333333
vt 0.984375 0.625000
vt 0.988280 0.000000
vt 0.984375 0.916667
vt 0.984375 0.291666
vt 0.984375 0.583333
vt 0.984375 0.875000
vt 0.984375 0.250000
vt 0.984375 0.541667
vt 0.984375 0.833334
vt 0.984375 0.208333
vt 0.984375 0.500000
vt 0.976562 0.375000
vt 0.976562 0.333333
vt 0.976562 0.666667
vt 0.976562 0.625000
vt 0.980468 0.000000
vt 0.976562 0.041667
vt 0.976562 0.958334
vt 0.976562 0.916667
vt 0.976562 0.291666
vt 0.976562 0.583333
vt 0.976562 0.875000
vt 0.976562 0.250000
vt 0.976562 0.541667
vt 0.976562 0.833334
vt 0.976562 0.208333
vt 0.976562 0.500000
vt 0.976562 0.791667
vt 0.976562 0.166666
vt 0.976562 0.458333
vt 0.976562 0.750000
vt 0.976562 0.125000
vt 0.976562 0.416667
vt 0.976562 0.708334
vt 0.976562 0.083333
vt 0.980468 1.000000
vt 0.968750 0.875000
vt 0.968750 0.833334
vt 0.968750 0.250000
vt 0.968750 0.208333
vt 0.968750 0.541667
vt 0.968750 0.500000
vt 0.968750 0.791667
vt 0.968750 0.166666
vt 0.968750 0.458333
vt 0.968750 0.750000
vt 0.968750 0.125000
vt 0.968750 0.416667
vt 0.968750 0.708334
vt 0.968750 0.083333
vt 0.968750 0.375000
vt 0.968750 0.666667
vt 0.968749 0.041667
vt 0.972656 1.000000
vt 0.968749 0.958334
vt 0.968750 0.333333
vt 0.968750 0.625000
vt 0.972655 0.000000
vt 0.968750 0.916667
vt 0.968750 0.291666
vt 0.968750 0.583333
vt 0.960937 0.750000
vt 0.960937 0.708334
vt 0.960937 0.125000
vt 0.960937 0.083333
vt 0.960937 0.416667
vt 0.960937 0.375000
vt 0.960937 0.666667
vt 0.960937 0.041667
vt 0.964843 1.000000
vt 0.960937 0.958334
vt 0.960938 0.333333
vt 0.960937 0.625000
vt 0.964843 0.000000
vt 0.960937 0.916667
vt 0.960937 0.291666
vt 0.960938 0.583333
vt 0.960937 0.875000
vt 0.960937 0.250000
vt 0.960937 0.541667
vt 0.960937 0.833334
vt 0.960937 0.208333
vt 0.960937 0.500000
vt 0.960937 0.791667
vt 0.960937 0.166666
vt 0.960937 0.458333
vt 0.953125 0.166666
vt 0.953125 0.125000
vt 0.953125 0.458333
vt 0.953125 0.416667
vt 0.953125 0.750000
vt 0.953125 0.708334
vt 0.953125 0.083333
vt 0.953125 0.375000
vt 0.953125 0.666667
vt 0.953124 0.041667
vt 0.957031 1.000000
vt 0.953124 0.958334
vt 0.953125 0.333333
vt 0.953125 0.625000
vt 0.957030 0.000000
vt 0.953125 0.916667
vt 0.953125 0.291666
vt 0.953125 0.583333
vt 0.953125 0.875000
vt 0.953125 0.250000
vt 0.953125 0.541667
vt 0.953125 0.833334
vt 0.953125 0.208333
vt 0.953125 0.500000
vt 0.953125 0.791667
vt 0.945312 0.666667
vt 0.945312 0.625000
vt 0.949218 0.000000
vt 0.945312 0.041667
vt 0.945312 0.958333
vt 0.945312 0.916667
vt 0.945312 0.333333
vt 0.945312 0.291666
vt 0.945312 0.583333
vt 0.945312 0.875000
vt 0.945312 0.250000
vt 0.945312 0.541667
vt 0.945312 0.833334
vt 0.945312 0.208333
vt 0.945312 0.500000
vt 0.945312 0.791667
vt 0.945312 0.166666
vt 0.945312 0.458333
vt 0.945312 0.750000
vt 0.945312 0.125000
vt 0.945312 0.416667
vt 0.945312 0.708334
vt 0.945312 0.083333
vt 0.945312 0.375000
vt 0.949218 1.000000
vt 0.937500 0.541667
vt 0.937500 0.500000
vt 0.937500 0.833334
vt 0.937500 0.791667
vt 0.937500 0.208333
vt 0.937500 0.166666
vt 0.937500 0.458333
vt 0.937500 0.750000
vt 0.937500 0.125000
vt 0.937500 0.416667
vt 0.937500 0.708334
vt 0.937500 0.083333
vt 0.937500 0.375000
vt 0.937500 0.666667
vt 0.937499 0.041667
vt 0.941406 1.000000
vt 0.937500 0.958333
vt 0.937500 0.333333
vt 0.937500 0.625000
vt 0.941405 0.000000
vt 0.937500 0.916667
vt 0.937500 0.291666
vt 0.937500 0.583333
vt 0.937500 0.875000
vt 0.937500 0.250000
vt 0.929687 0.125000
vt 0.929687 0.083333
vt 0.929687 0.416667
vt 0.929687 0.375000
vt 0.929687 0.708334
vt 0.929687 0.666667
vt 0.929687 0.041667
vt 0.933593 1.000000
vt 0.929687 0.958333
vt 0.929687 0.333333
vt 0.929687 0.625000
vt 0.933593 0.000000
vt 0.929687 0.916667
vt 0.929687 0.291666
vt 0.929687 0.583333
vt 0.929687 0.875000
vt 0.929687 0.250000
vt 0.929687 0.541667
vt 0.929687 0.833334
vt 0.929687 0.208333
vt 0.929687 0.500000
vt 0.929687 0.791667
vt 0.929687 0.166666
vt 0.929687 0.458333
vt 0.929687 0.750000
vt 0.921875 0.625000
vt 0.921875 0.583333
vt 0.921875 0.916667
vt 0.921875 0.875000
vt 0.921875 0.291666
vt 0.921875 0.250000
vt 0.921875 0.541667
vt 0.921875 0.833334
vt 0.921875 0.208333
vt 0.921875 0.500000
vt 0.921875 0.791667
vt 0.921875 0.166666
vt 0.921875 0.458333
vt 0.921875 0.750000
vt 0.921875 0.125000
vt 0.921875 0.416667
vt 0.921875 0.708334
vt 0.921875 0.083333
vt 0.921875 0.375000
vt 0.921875 0.666667
vt 0.921874 0.041667
vt 0.925781 1.000000
vt 0.921874 0.958333
vt 0.921875 0.333333
vt 0.925781 0.000000
vt 0.914062 0.500000
vt 0.914062 0.458333
vt 0.914062 0.791667
vt 0.914062 0.750000
vt 0.914062 0.166666
vt 0.914062 0.125000
vt 0.914062 0.416667
vt 0.914062 0.708334
vt 0.914062 0.083333
vt 0.914062 0.375000
vt 0.914062 0.666667
vt 0.914062 0.041667
vt 0.917968 1.000000
vt 0.914062 0.958333
vt 0.914062 0.333333
vt 0.914062 0.625000
vt 0.917968 0.000000
vt 0.914062 0.916667
vt 0.914062 0.291666
vt 0.914062 0.583333
vt 0.914062 0.875000
vt 0.914062 0.250000
vt 0.914062 0.541667
vt 0.914062 0.833334
vt 0.914062 0.208333
vt 0.906250 0.083333
vt 0.906250 0.041667
vt 0.910156 1.000000
vt 0.906250 0.958333
vt 0.906250 0.375000
vt 0.906250 0.333333
vt 0.906250 0.666667
vt 0.906250 0.625000
vt 0.910156 0.000000
vt 0.906250 0.916667
vt 0.906250 0.291666
vt 0.906250 0.583333
vt 0.906250 0.875000
vt 0.906250 0.250000
vt 0.906250 0.541667
vt 0.906250 0.833334
vt 0.906250 0.208333
vt 0.906250 0.500000
vt 0.906250 0.791667
vt 0.906250 0.166666
vt 0.906250 0.458333
vt 0.906250 0.750000
vt 0.906250 0.125000
vt 0.906250 0.416667
vt 0.906250 0.708334
vt 0.898437 0.583333
vt 0.898437 0.541667
vt 0.898437 0.875000
vt 0.898437 0.833334
vt 0.898437 0.250000
vt 0.898437 0.208333
vt 0.898437 0.500000
vt 0.898437 0.791667
vt 0.898437 0.166666
vt 0.898437 0.458333
vt 0.898437 0.750000
vt 0.898437 0.125000
vt 0.898437 0.416667
vt 0.898437 0.708334
vt 0.898437 0.083333
vt 0.898437 0.375000
vt 0.898437 0.666667
vt 0.898437 0.041667
vt 0.902343 1.000000
vt 0.898437 0.958333
vt 0.898438 0.333333
vt 0.898437 0.625000
vt 0.902343 0.000000
vt 0.898437 0.916667
vt 0.898437 0.291666
vt 0.890625 0.458333
vt 0.890625 0.416667
vt 0.890625 0.750000
vt 0.890625 0.708334
vt 0.890625 0.125000
vt 0.890625 0.083333
vt 0.890625 0.375000
vt 0.890625 0.666667
vt 0.890625 0.041667
vt 0.894531 1.000000
vt 0.890625 0.958333
vt 0.890625 0.333333
vt 0.890625 0.625000
vt 0.894531 0.000000
vt 0.890625 0.916667
vt 0.890625 0.291666
vt 0.890625 0.583333
vt 0.890625 0.875000
vt 0.890625 0.250000
vt 0.890625 0.541667
vt 0.890625 0.833334
vt 0.890625 0.208333
vt 0.890625 0.500000
vt 0.890625 0.791667
vt 0.890625 0.166666
vt 0.886718 0.000000
vt 0.882812 0.041667
vt 0.882812 0.958333
vt 0.882812 0.916667
vt 0.882812 0.333333
vt 0.882812 0.291666
vt 0.882812 0.625000
vt 0.882812 0.583333
vt 0.882812 0.875000
vt 0.882812 0.250000
vt 0.882812 0.541667
vt 0.882812 0.833334
vt 0.882812 0.208333
vt 0.882812 0.500000
vt 0.882812 0.791667
vt 0.882812 0.166666
vt 0.882812 0.458333
vt 0.882812 0.750000
vt 0.882812 0.125000
vt 0.882812 0.416667
vt 0.882812 0.708334
vt 0.882812 0.083333
vt 0.882812 0.375000
vt 0.882812 0.666667
vt 0.886718 1.000000
vt 0.875000 0.541667
vt 0.875000 0.500000
vt 0.875000 0.833334
vt 0.875000 0.791667
vt 0.875000 0.208333
vt 0.875000 0.166666
vt 0.875000 0.458333
vt 0.875000 0.750000
vt 0.875000 0.125000
vt 0.875000 0.416667
vt 0.875000 0.708334
vt 0.875000 0.083333
vt 0.875000 0.375000
vt 0.875000 0.666667
vt 0.875000 0.041667
vt 0.878906 1.000000
vt 0.875000 0.958333
vt 0.875000 0.333333
vt 0.875000 0.625000
vt 0.878906 0.000000
vt 0.875000 0.916667
vt 0.875000 0.291666
vt 0.875000 0.583333
vt 0.875000 0.875000
vt 0.875000 0.250000
vt 0.867187 0.416667
vt 0.867187 0.375000
vt 0.867187 0.708334
vt 0.867187 0.666667
vt 0.867187 0.083333
vt 0.867187 0.041667
vt 0.871093 1.000000
vt 0.867187 0.958333
vt 0.867188 0.333333
vt 0.867187 0.625000
vt 0.871093 0.000000
vt 0.867187 0.916667
vt 0.867187 0.291666
vt 0.867187 0.583333
vt 0.867187 0.875000
vt 0.867187 0.250000
vt 0.867187 0.541667
vt 0.867187 0.833334
vt 0.867187 0.208333
vt 0.867187 0.500000
vt 0.867187 0.791667
vt 0.867187 0.166666
vt 0.867187 0.458333
vt 0.867187 0.750000
vt 0.867187 0.125000
vt 0.859375 0.916667
vt 0.859375 0.875000
vt 0.859375 0.291666
vt 0.859375 0.250000
vt 0.859375 0.583333
vt 0.859375 0.541667
vt 0.859375 0.833334
vt 0.859375 0.208333
vt 0.859375 0.500000
vt 0.859375 0.791667
vt 0.859375 0.166666
vt 0.859375 0.458333
vt 0.859375 0.750000
vt 0.859375 0.125000
vt 0.859375 0.416667
vt 0.859375 0.708334
vt 0.859375 0.083333
vt 0.859375 0.375000
vt 0.859375 0.666667
vt 0.859375 0.041667
vt 0.863281 1.000000
vt 0.859375 0.958333
vt 0.859375 0.333333
vt 0.859375 0.625000
vt 0.863281 0.000000
vt 0.851562 0.500000
vt 0.851562 0.458333
vt 0.851562 0.791667
vt 0.851562 0.750000
vt 0.851562 0.166666
vt 0.851562 0.125000
vt 0.851562 0.416667
vt 0.851562 0.708334
vt 0.851562 0.083333
vt 0.851562 0.375000
vt 0.851562 0.666667
vt 0.851562 0.041667
vt 0.855468 1.000000
vt 0.851562 0.958333
vt 0.851562 0.333333
vt 0.851562 0.625000
vt 0.855468 0.000000
vt 0.851562 0.916667
vt 0.851562 0.291666
vt 0.851562 0.583333
vt 0.851562 0.875000
vt 0.851562 0.250000
vt 0.851562 0.541667
vt 0.851562 0.833334
vt 0.851562 0.208333
vt 0.847656 1.000000
vt 0.843750 0.958333
vt 0.843750 0.375000
vt 0.843750 0.333333
vt 0.843750 0.666667
vt 0.843750 0.625000
vt 0.847656 0.000000
vt 0.843750 0.041667
vt 0.843750 0.916667
vt 0.843750 0.291666
vt 0.843750 0.583333
vt 0.843750 0.875000
vt 0.843750 0.250000
vt 0.843750 0.541667
vt 0.843750 0.833334
vt 0.843750 0.208333
vt 0.843750 0.500000
vt 0.843750 0.791667
vt 0.843750 0.166666
vt 0.843750 0.458333
vt 0.843750 0.750000
vt 0.843750 0.125000
vt 0.843750 0.416667
vt 0.843750 0.708334
vt 0.843750 0.083333
vt 0.835937 0.875000
vt 0.835937 0.833334
vt 0.835937 0.250000
vt 0.835937 0.208333
vt 0.835937 0.541667
vt 0.835937 0.500000
vt 0.835937 0.791667
vt 0.835937 0.166666
vt 0.835937 0.458333
vt 0.835937 0.750000
vt 0.835937 0.125000
vt 0.835937 0.416667
vt 0.835937 0.708334
vt 0.835937 0.083333
vt 0.835937 0.375000
vt 0.835938 0.666667
vt 0.835937 0.041667
vt 0.839844 1.000000
vt 0.835937 0.958333
vt 0.835938 0.333333
vt 0.835937 0.625000
vt 0.839843 0.000000
vt 0.835937 0.916667
vt 0.835937 0.291666
vt 0.835938 0.583333
vt 0.828125 0.458333
vt 0.828125 0.416667
vt 0.828125 0.750000
vt 0.828125 0.708334
vt 0.828125 0.125000
vt 0.828125 0.083333
vt 0.828125 0.375000
vt 0.828125 0.666667
vt 0.828125 0.041667
vt 0.832031 1.000000
vt 0.828125 0.958333
vt 0.828125 0.333333
vt 0.828125 0.625000
vt 0.832031 0.000000
vt 0.828125 0.916667
vt 0.828125 0.291666
vt 0.828125 0.583333
vt 0.828125 0.875000
vt 0.828125 0.250000
vt 0.828125 0.541667
vt 0.828125 0.833334
vt 0.828125 0.208333
vt 0.828125 0.500000
vt 0.828125 0.791667
vt 0.828125 0.166666
vt 0.820312 0.958333
vt 0.820312 0.916667
vt 0.820312 0.333333
vt 0.820312 0.291666
vt 0.820312 0.625000
vt 0.820312 0.583333
vt 0.820312 0.875000
vt 0.820312 0.250000
vt 0.820312 0.541667
vt 0.820312 0.833334
vt 0.820312 0.208333
vt 0.820312 0.500000
vt 0.820312 0.791667
vt 0.820312 0.166666
vt 0.820312 0.458333
vt 0.820312 0.750000
vt 0.820312 0.125000
vt 0.820312 0.416667
vt 0.820312 0.708334
vt 0.820312 0.083333
vt 0.820312 0.375000
vt 0.820312 0.666667
vt 0.820312 0.041667
vt 0.824219 1.000000
vt 0.824218 0.000000
vt 0.812500 0.833334
vt 0.812500 0.791667
vt 0.812500 0.208333
vt 0.812500 0.166666
vt 0.812500 0.500000
vt 0.812500 0.458333
vt 0.812500 0.750000
vt 0.812500 0.125000
vt 0.812500 0.416667
vt 0.812500 0.708334
vt 0.812500 0.083333
vt 0.812500 0.375000
vt 0.812500 0.666667
vt 0.812500 0.041667
vt 0.816406 1.000000
vt 0.812500 0.958333
vt 0.812500 0.333333
vt 0.812500 0.625000
vt 0.816406 0.000000
vt 0.812500 0.916667
vt 0.812500 0.291666
vt 0.812500 0.583333
vt 0.812500 0.875000
vt 0.812500 0.250000
vt 0.812500 0.541667
vt 0.804687 0.416667
vt 0.804687 0.375000
vt 0.804687 0.708334
vt 0.804688 0.666667
vt 0.804687 0.083333
vt 0.804687 0.041667
vt 0.808594 1.000000
vt 0.804687 0.958333
vt 0.804688 0.333333
vt 0.804687 0.625000
vt 0.808593 0.000000
vt 0.804687 0.916667
vt 0.804687 0.291666
vt 0.804688 0.583333
vt 0.804687 0.875000
vt 0.804687 0.250000
vt 0.804687 0.541667
vt 0.804687 0.833334
vt 0.804687 0.208333
vt 0.804687 0.500000
vt 0.804688 0.791667
vt 0.804687 0.166666
vt 0.804687 0.458333
vt 0.804687 0.750000
vt 0.804687 0.125000
vt 0.796875 0.916667
vt 0.796875 0.875000
vt 0.796875 0.291666
vt 0.796875 0.250000
vt 0.796875 0.583333
vt 0.796875 0.541667
vt 0.796875 0.833334
vt 0.796875 0.208333
vt 0.796875 0.500000
vt 0.796875 0.791667
vt 0.796875 0.166666
vt 0.796875 0.458333
vt 0.796875 0.750000
vt 0.796875 0.125000
vt 0.796875 0.416667
vt 0.796875 0.708334
vt 0.796875 0.083333
vt 0.796875 0.375000
vt 0.796875 0.666667
vt 0.796875 0.041667
vt 0.800781 1.000000
vt 0.796875 0.958333
vt 0.796875 0.333333
vt 0.796875 0.625000
vt 0.800781 0.000000
vt 0.789062 0.791667
vt 0.789062 0.750000
vt 0.789062 0.166666
vt 0.789062 0.125000
vt 0.789062 0.458333
vt 0.789062 0.416667
vt 0.789062 0.708334
vt 0.789062 0.083333
vt 0.789062 0.375000
vt 0.789062 0.666667
vt 0.789062 0.041667
vt 0.792969 1.000000
vt 0.789062 0.958333
vt 0.789062 0.333333
vt 0.789062 0.625000
vt 0.792969 0.000000
vt 0.789062 0.916667
vt 0.789062 0.291666
vt 0.789062 0.583333
vt 0.789062 0.875000
vt 0.789062 0.250000
vt 0.789062 0.541667
vt 0.789062 0.833334
vt 0.789062 0.208333
vt 0.789062 0.500000
vt 0.781250 0.375000
vt 0.781250 0.333333
vt 0.781250 0.666667
vt 0.781250 0.625000
vt 0.785156 0.000000
vt 0.781250 0.041667
vt 0.781250 0.958333
vt 0.781250 0.916667
vt 0.781250 0.291666
vt 0.781250 0.583333
vt 0.781250 0.875000
vt 0.781250 0.250000
vt 0.781250 0.541667
vt 0.781250 0.833334
vt 0.781250 0.208333
vt 0.781250 0.500000
vt 0.781250 0.791667
vt 0.781250 0.166666
vt 0.781250 0.458333
vt 0.781250 0.750000
vt 0.781250 0.125000
vt 0.781250 0.416667
vt 0.781250 0.708334
vt 0.781250 0.083333
vt 0.785156 1.000000
vt 0.773437 0.875000
vt 0.773438 0.833334
vt 0.773437 0.250000
vt 0.773437 0.208333
vt 0.773437 0.541667
vt 0.773437 0.500000
vt 0.773438 0.791667
vt 0.773437 0.166666
vt 0.773437 0.458333
vt 0.773437 0.750000
vt 0.773437 0.125000
vt 0.773437 0.416667
vt 0.773437 0.708334
vt 0.773437 0.083333
vt 0.773437 0.375000
vt 0.773438 0.666667
vt 0.773437 0.041667
vt 0.777344 1.000000
vt 0.773437 0.958333
vt 0.773438 0.333333
vt 0.773437 0.625000
vt 0.777344 0.000000
vt 0.773437 0.916667
vt 0.773437 0.291666
vt 0.773438 0.583333
vt 0.765625 0.750000
vt 0.765625 0.708334
vt 0.765625 0.125000
vt 0.765625 0.083333
vt 0.765625 0.416667
vt 0.765625 0.375000
vt 0.765625 0.666667
vt 0.765625 0.041667
vt 0.769531 1.000000
vt 0.765625 0.958333
vt 0.765625 0.333333
vt 0.765625 0.625000
vt 0.769531 0.000000
vt 0.765625 0.916667
vt 0.765625 0.291666
vt 0.765625 0.583333
vt 0.765625 0.875000
vt 0.765625 0.250000
vt 0.765625 0.541667
vt 0.765625 0.833334
vt 0.765625 0.208333
vt 0.765625 0.500000
vt 0.765625 0.791667
vt 0.765625 0.166666
vt 0.765625 0.458333
vt 0.757812 0.333333
vt 0.757812 0.291666
vt 0.757812 0.625000
vt 0.757812 0.583333
vt 0.757812 0.916667
vt 0.757812 0.875000
vt 0.757812 0.250000
vt 0.757812 0.541667
vt 0.757812 0.833334
vt 0.757812 0.208333
vt 0.757812 0.500000
vt 0.757812 0.791667
vt 0.757812 0.166666
vt 0.757812 0.458333
vt 0.757812 0.750000
vt 0.757812 0.125000
vt 0.757812 0.416667
vt 0.757812 0.708334
vt 0.757812 0.083333
vt 0.757812 0.375000
vt 0.757812 0.666667
vt 0.757812 0.041667
vt 0.761719 1.000000
vt 0.757812 0.958333
vt 0.761719 0.000000
vt 0.753906 1.000000
vt 0.753906 0.000000
vn -0.0000 -0.3823 0.9240
vn -0.0000 -0.4996 0.8663
vn 0.0425 -0.4996 0.8652
vn 0.0453 -0.3823 0.9229
vn 0.0000 1.0000 -0.0000
vn -0.0000 0.9913 0.1315
vn 0.0065 0.9913 0.1314
vn -0.0000 -0.9657 0.2598
vn 0.0000 -0.9913 0.1315
vn 0.0065 -0.9913 0.1314
vn 0.0127 -0.9657 0.2595
vn -0.0000 0.6083 0.7937
vn -0.0000 0.4996 0.8663
vn 0.0425 0.4996 0.8652
vn 0.0389 0.6083 0.7928
vn -0.0000 -0.2586 0.9660
vn 0.0474 -0.2586 0.9648
vn -0.0000 -0.9235 0.3836
vn 0.0188 -0.9235 0.3831
vn -0.0000 0.7066 0.7076
vn 0.0347 0.7066 0.7068
vn -0.0000 -0.1304 0.9915
vn 0.0486 -0.1304 0.9903
vn -0.0000 -0.8656 0.5008
vn 0.0246 -0.8656 0.5002
vn -0.0000 0.7929 0.6094
vn 0.0299 0.7929 0.6087
vn -0.0000 0.0000 1.0000
vn 0.0491 0.0000 0.9988
vn -0.0000 -0.7929 0.6094
vn 0.0299 -0.7929 0.6087
vn -0.0000 0.8656 0.5008
vn 0.0246 0.8656 0.5002
vn -0.0000 0.1304 0.9915
vn 0.0486 0.1304 0.9903
vn -0.0000 -0.7066 0.7076
vn 0.0347 -0.7066 0.7068
vn -0.0000 0.9235 0.3836
vn 0.0188 0.9235 0.3831
vn -0.0000 0.2586 0.9660
vn 0.0474 0.2586 0.9648
vn -0.0000 -0.6083 0.7937
vn 0.0389 -0.6083 0.7928
vn -0.0000 0.9657 0.2598
vn 0.0127 0.9657 0.2595
vn -0.0000 0.3823 0.9240
vn 0.0453 0.3823 0.9229
vn 0.0000 -1.0000 -0.0000
vn 0.0376 0.9235 0.3817
vn 0.0255 0.9657 0.2585
vn 0.0947 0.2586 0.9613
vn 0.0906 0.3823 0.9196
vn 0.0778 -0.6083 0.7899
vn 0.0849 -0.4996 0.8621
vn 0.0129 0.9913 0.1309
vn 0.0129 -0.9913 0.1309
vn 0.0849 0.4996 0.8621
vn 0.0906 -0.3823 0.9196
vn 0.0255 -0.9657 0.2585
vn 0.0778 0.6083 0.7899
vn 0.0947 -0.2586 0.9613
vn 0.0376 -0.9235 0.3817
vn 0.0694 0.7066 0.7042
vn 0.0972 -0.1304 0.9867
vn 0.0491 -0.8656 0.4984
vn 0.0597 0.7929 0.6065
vn 0.0980 -0.0000 0.9952
vn 0.0597 -0.7929 0.6065
vn 0.0491 0.8656 0.4984
vn 0.0972 0.1304 0.9867
vn 0.0694 -0.7066 0.7042
vn 0.1356 -0.3823 0.9140
vn 0.1417 -0.2586 0.9555
vn 0.0381 -0.9657 0.2570
vn 0.0563 -0.9235 0.3794
vn 0.1165 0.6083 0.7851
vn 0.1038 0.7066 0.7000
vn 0.1455 -0.1304 0.9807
vn 0.0735 -0.8656 0.4953
vn 0.0894 0.7929 0.6028
vn 0.1467 -0.0000 0.9892
vn 0.0894 -0.7929 0.6028
vn 0.0735 0.8656 0.4953
vn 0.1455 0.1304 0.9807
vn 0.1038 -0.7066 0.7000
vn 0.0563 0.9235 0.3794
vn 0.1417 0.2586 0.9555
vn 0.1165 -0.6083 0.7851
vn 0.0381 0.9657 0.2570
vn 0.1356 0.3823 0.9140
vn 0.1271 -0.4996 0.8569
vn 0.0193 0.9913 0.1301
vn 0.0193 -0.9913 0.1301
vn 0.1271 0.4996 0.8569
vn 0.1951 -0.0000 0.9808
vn 0.1934 0.1304 0.9724
vn 0.1189 -0.7929 0.5977
vn 0.1381 -0.7066 0.6940
vn 0.0977 0.8656 0.4911
vn 0.0748 0.9235 0.3762
vn 0.1885 0.2586 0.9474
vn 0.1548 -0.6083 0.7785
vn 0.0507 0.9657 0.2548
vn 0.1803 0.3823 0.9063
vn 0.1690 -0.4996 0.8496
vn 0.0257 0.9913 0.1290
vn 0.0257 -0.9913 0.1290
vn 0.1690 0.4996 0.8496
vn 0.1803 -0.3823 0.9063
vn 0.0507 -0.9657 0.2548
vn 0.1548 0.6083 0.7785
vn 0.1885 -0.2586 0.9474
vn 0.0748 -0.9235 0.3762
vn 0.1380 0.7066 0.6940
vn 0.1934 -0.1304 0.9724
vn 0.0977 -0.8656 0.4911
vn 0.1189 0.7929 0.5977
vn 0.0631 0.9657 0.2520
vn 0.0320 0.9913 0.1276
vn 0.0320 -0.9913 0.1276
vn 0.2245 0.3823 0.8963
vn 0.2105 0.4996 0.8403
vn 0.2105 -0.4996 0.8403
vn 0.2245 -0.3823 0.8963
vn 0.0631 -0.9657 0.2520
vn 0.1929 0.6083 0.7699
vn 0.2347 -0.2586 0.9370
vn 0.0932 -0.9235 0.3721
vn 0.1719 0.7066 0.6864
vn 0.2409 -0.1304 0.9617
vn 0.1217 -0.8656 0.4858
vn 0.1481 0.7929 0.5911
vn 0.2430 -0.0000 0.9700
vn 0.1481 -0.7929 0.5911
vn 0.1217 0.8656 0.4858
vn 0.2409 0.1304 0.9617
vn 0.1719 -0.7066 0.6864
vn 0.0932 0.9235 0.3721
vn 0.2347 0.2586 0.9370
vn 0.1929 -0.6083 0.7699
vn 0.2804 -0.2586 0.9244
vn 0.2878 -0.1304 0.9488
vn 0.1113 -0.9235 0.3670
vn 0.1454 -0.8656 0.4792
vn 0.2054 0.7066 0.6771
vn 0.1769 0.7929 0.5832
vn 0.2903 -0.0000 0.9569
vn 0.1769 -0.7929 0.5832
vn 0.1454 0.8656 0.4792
vn 0.2878 0.1304 0.9488
vn 0.2054 -0.7066 0.6771
vn 0.1113 0.9235 0.3670
vn 0.2804 0.2586 0.9244
vn 0.2304 -0.6083 0.7596
vn 0.0754 0.9657 0.2486
vn 0.2682 0.3823 0.8842
vn 0.2515 -0.4996 0.8290
vn 0.0382 0.9913 0.1259
vn 0.0382 -0.9913 0.1259
vn 0.2515 0.4996 0.8290
vn 0.2682 -0.3823 0.8842
vn 0.0754 -0.9657 0.2486
vn 0.2304 0.6083 0.7596
vn 0.3340 0.1304 0.9335
vn 0.3254 0.2586 0.9095
vn 0.2384 -0.7066 0.6663
vn 0.2674 -0.6083 0.7473
vn 0.1292 0.9235 0.3611
vn 0.0875 0.9657 0.2446
vn 0.3113 0.3823 0.8700
vn 0.2918 -0.4996 0.8156
vn 0.0443 0.9913 0.1238
vn 0.0443 -0.9913 0.1238
vn 0.2918 0.4996 0.8156
vn 0.3113 -0.3823 0.8700
vn 0.0875 -0.9657 0.2446
vn 0.2674 0.6083 0.7473
vn 0.3254 -0.2586 0.9095
vn 0.1292 -0.9235 0.3611
vn 0.2384 0.7066 0.6663
vn 0.3340 -0.1304 0.9335
vn 0.1687 -0.8656 0.4715
vn 0.2053 0.7929 0.5738
vn 0.3369 -0.0000 0.9415
vn 0.2053 -0.7929 0.5738
vn 0.1687 0.8656 0.4715
vn 0.0503 0.9913 0.1215
vn 0.0503 -0.9913 0.1215
vn 0.0994 -0.9657 0.2400
vn 0.3315 0.4996 0.8003
vn 0.3037 0.6083 0.7333
vn 0.3536 -0.3823 0.8537
vn 0.3697 -0.2586 0.8925
vn 0.1468 -0.9235 0.3544
vn 0.2708 0.7066 0.6538
vn 0.3794 -0.1304 0.9160
vn 0.1916 -0.8656 0.4626
vn 0.2332 0.7929 0.5630
vn 0.3827 -0.0000 0.9239
vn 0.2332 -0.7929 0.5630
vn 0.1916 0.8656 0.4626
vn 0.3794 0.1304 0.9160
vn 0.2708 -0.7066 0.6538
vn 0.1468 0.9235 0.3544
vn 0.3697 0.2586 0.8925
vn 0.3037 -0.6083 0.7333
vn 0.0994 0.9657 0.2400
vn 0.3536 0.3823 0.8537
vn 0.3315 -0.4996 0.8003
vn 0.4239 -0.1304 0.8963
vn 0.4276 -0.0000 0.9040
vn 0.2141 -0.8656 0.4527
vn 0.2606 -0.7929 0.5509
vn 0.2605 0.7929 0.5509
vn 0.2141 0.8656 0.4527
vn 0.4239 0.1304 0.8963
vn 0.3025 -0.7066 0.6397
vn 0.1640 0.9235 0.3467
vn 0.4130 0.2586 0.8732
vn 0.3394 -0.6083 0.7175
vn 0.1111 0.9657 0.2348
vn 0.3951 0.3823 0.8353
vn 0.3704 -0.4996 0.7831
vn 0.0562 0.9913 0.1189
vn 0.0562 -0.9913 0.1189
vn 0.3704 0.4996 0.7831
vn 0.3951 -0.3823 0.8353
vn 0.1111 -0.9657 0.2348
vn 0.3394 0.6083 0.7175
vn 0.4130 -0.2586 0.8732
vn 0.1640 -0.9235 0.3467
vn 0.3025 0.7066 0.6397
vn 0.4554 0.2586 0.8519
vn 0.4356 0.3823 0.8149
vn 0.3742 -0.6083 0.7000
vn 0.4084 -0.4996 0.7640
vn 0.1225 0.9657 0.2291
vn 0.0620 0.9913 0.1160
vn 0.0620 -0.9913 0.1160
vn 0.4084 0.4996 0.7640
vn 0.4356 -0.3823 0.8149
vn 0.1225 -0.9657 0.2291
vn 0.3742 0.6083 0.7000
vn 0.4554 -0.2586 0.8519
vn 0.1808 -0.9235 0.3383
vn 0.3336 0.7066 0.6241
vn 0.4674 -0.1304 0.8744
vn 0.2361 -0.8656 0.4416
vn 0.2873 0.7929 0.5374
vn 0.4714 -0.0000 0.8819
vn 0.2873 -0.7929 0.5374
vn 0.2361 0.8656 0.4416
vn 0.4674 0.1304 0.8744
vn 0.3336 -0.7066 0.6241
vn 0.1808 0.9235 0.3383
vn 0.1336 -0.9657 0.2228
vn 0.1972 -0.9235 0.3290
vn 0.4081 0.6083 0.6808
vn 0.3638 0.7066 0.6069
vn 0.4966 -0.2586 0.8286
vn 0.5097 -0.1304 0.8504
vn 0.2574 -0.8656 0.4295
vn 0.3133 0.7929 0.5227
vn 0.5141 0.0000 0.8577
vn 0.3133 -0.7929 0.5227
vn 0.2574 0.8656 0.4295
vn 0.5097 0.1304 0.8504
vn 0.3638 -0.7066 0.6069
vn 0.1972 0.9235 0.3290
vn 0.4966 0.2586 0.8286
vn 0.4081 -0.6083 0.6808
vn 0.1336 0.9657 0.2228
vn 0.4750 0.3823 0.7926
vn 0.4454 -0.4996 0.7430
vn 0.0676 0.9913 0.1128
vn 0.0676 -0.9913 0.1128
vn 0.4454 0.4996 0.7430
vn 0.4750 -0.3823 0.7926
vn 0.5556 0.0000 0.8315
vn 0.5508 0.1304 0.8244
vn 0.3386 -0.7929 0.5067
vn 0.3931 -0.7066 0.5884
vn 0.2782 0.8656 0.4164
vn 0.2131 0.9235 0.3189
vn 0.5367 0.2586 0.8032
vn 0.4410 -0.6083 0.6600
vn 0.1443 0.9657 0.2160
vn 0.5134 0.3823 0.7683
vn 0.4813 -0.4996 0.7203
vn 0.0731 0.9913 0.1094
vn 0.0731 -0.9913 0.1094
vn 0.4813 0.4996 0.7203
vn 0.5134 -0.3823 0.7683
vn 0.1443 -0.9657 0.2160
vn 0.4410 0.6083 0.6600
vn 0.5367 -0.2586 0.8032
vn 0.2131 -0.9235 0.3189
vn 0.3931 0.7066 0.5884
vn 0.5508 -0.1304 0.8244
vn 0.2782 -0.8656 0.4164
vn 0.3386 0.7929 0.5067
vn 0.0784 -0.9913 0.1056
vn 0.5504 0.3823 0.7422
vn 0.5160 0.4996 0.6958
vn 0.5160 -0.4996 0.6958
vn 0.5504 -0.3823 0.7422
vn 0.0784 0.9913 0.1056
vn 0.1547 -0.9657 0.2087
vn 0.4728 0.6083 0.6375
vn 0.5754 -0.2586 0.7759
vn 0.2285 -0.9235 0.3081
vn 0.4215 0.7066 0.5684
vn 0.5906 -0.1304 0.7964
vn 0.2983 -0.8656 0.4022
vn 0.3630 0.7929 0.4895
vn 0.5957 -0.0000 0.8032
vn 0.3630 -0.7929 0.4895
vn 0.2983 0.8656 0.4022
vn 0.5906 0.1304 0.7964
vn 0.4215 -0.7066 0.5684
vn 0.2285 0.9235 0.3081
vn 0.5754 0.2586 0.7759
vn 0.4728 -0.6083 0.6375
vn 0.1547 0.9657 0.2087
vn 0.2433 -0.9235 0.2965
vn 0.3177 -0.8656 0.3871
vn 0.4489 0.7066 0.5470
vn 0.3866 0.7929 0.4711
vn 0.6290 -0.1304 0.7664
vn 0.6344 -0.0000 0.7730
vn 0.3866 -0.7929 0.4711
vn 0.3177 0.8656 0.3871
vn 0.6290 0.1304 0.7664
vn 0.4489 -0.7066 0.5470
vn 0.2433 0.9235 0.2965
vn 0.6128 0.2586 0.7467
vn 0.5035 -0.6083 0.6136
vn 0.1648 0.9657 0.2008
vn 0.5862 0.3823 0.7143
vn 0.5496 -0.4996 0.6696
vn 0.0834 0.9913 0.1017
vn 0.0834 -0.9913 0.1017
vn 0.5496 0.4996 0.6696
vn 0.5862 -0.3823 0.7143
vn 0.1648 -0.9657 0.2008
vn 0.5035 0.6083 0.6136
vn 0.6128 -0.2586 0.7467
vn 0.6658 0.1304 0.7346
vn 0.6487 0.2586 0.7158
vn 0.4752 -0.7066 0.5243
vn 0.5330 -0.6083 0.5881
vn 0.2576 0.9235 0.2842
vn 0.1745 0.9657 0.1925
vn 0.6205 0.3823 0.6847
vn 0.5818 -0.4996 0.6419
vn 0.0883 0.9913 0.0975
vn 0.0883 -0.9913 0.0975
vn 0.5818 0.4996 0.6419
vn 0.6205 -0.3823 0.6847
vn 0.1745 -0.9657 0.1925
vn 0.5330 0.6083 0.5881
vn 0.6487 -0.2586 0.7158
vn 0.2576 -0.9235 0.2842
vn 0.4752 0.7066 0.5243
vn 0.6658 -0.1304 0.7346
vn 0.3363 -0.8656 0.3710
vn 0.4093 0.7929 0.4515
vn 0.6716 -0.0000 0.7410
vn 0.4092 -0.7929 0.4515
vn 0.3363 0.8656 0.3710
vn 0.0930 -0.9913 0.0930
vn 0.1837 -0.9657 0.1837
vn 0.6126 0.4996 0.6126
vn 0.5613 0.6083 0.5613
vn 0.6534 -0.3823 0.6534
vn 0.6831 -0.2586 0.6831
vn 0.2712 -0.9235 0.2712
vn 0.5004 0.7066 0.5004
vn 0.7011 -0.1304 0.7011
vn 0.3541 -0.8656 0.3541
vn 0.4309 0.7929 0.4309
vn 0.7071 -0.0000 0.7071
vn 0.4309 -0.7929 0.4309
vn 0.3541 0.8656 0.3541
vn 0.7011 0.1304 0.7011
vn 0.5004 -0.7066 0.5004
vn 0.2712 0.9235 0.2712
vn 0.6831 0.2586 0.6831
vn 0.5613 -0.6083 0.5613
vn 0.1837 0.9657 0.1837
vn 0.6534 0.3823 0.6534
vn 0.6126 -0.4996 0.6126
vn 0.0930 0.9913 0.0930
vn 0.3710 -0.8656 0.3363
vn 0.4515 -0.7929 0.4092
vn 0.4515 0.7929 0.4093
vn 0.3710 0.8656 0.3363
vn 0.7410 0.0000 0.6716
vn 0.7346 0.1304 0.6658
vn 0.5243 -0.7066 0.4752
vn 0.2842 0.9235 0.2576
vn 0.7158 0.2586 0.6487
vn 0.5881 -0.6083 0.5330
vn 0.1925 0.9657 0.1745
vn 0.6847 0.3823 0.6205
vn 0.6419 -0.4996 0.5818
vn 0.0975 0.9913 0.0883
vn 0.0975 -0.9913 0.0883
vn 0.6419 0.4996 0.5818
vn 0.6847 -0.3823 0.6205
vn 0.1925 -0.9657 0.1745
vn 0.5881 0.6083 0.5330
vn 0.7158 -0.2586 0.6487
vn 0.2842 -0.9235 0.2576
vn 0.5243 0.7066 0.4752
vn 0.7346 -0.1304 0.6658
vn 0.7467 0.2586 0.6128
vn 0.7143 0.3823 0.5862
vn 0.6136 -0.6083 0.5035
vn 0.6696 -0.4996 0.5496
vn 0.2008 0.9657 0.1648
vn 0.1017 0.9913 0.0834
vn 0.1017 -0.9913 0.0834
vn 0.6696 0.4996 0.5496
vn 0.7143 -0.3823 0.5862
vn 0.2008 -0.9657 0.1648
vn 0.6136 0.6083 0.5035
vn 0.7467 -0.2586 0.6128
vn 0.2965 -0.9235 0.2433
vn 0.5470 0.7066 0.4489
vn 0.7664 -0.1304 0.6290
vn 0.3871 -0.8656 0.3177
vn 0.4711 0.7929 0.3866
vn 0.7730 -0.0000 0.6344
vn 0.4711 -0.7929 0.3866
vn 0.3871 0.8656 0.3177
vn 0.7664 0.1304 0.6290
vn 0.5470 -0.7066 0.4489
vn 0.2965 0.9235 0.2433
vn 0.2087 -0.9657 0.1547
vn 0.3081 -0.9235 0.2285
vn 0.6375 0.6083 0.4728
vn 0.5684 0.7066 0.4215
vn 0.7759 -0.2586 0.5754
vn 0.7964 -0.1304 0.5906
vn 0.4022 -0.8656 0.2983
vn 0.4895 0.7929 0.3630
vn 0.8032 -0.0000 0.5957
vn 0.4895 -0.7929 0.3630
vn 0.4022 0.8656 0.2983
vn 0.7964 0.1304 0.5906
vn 0.5684 -0.7066 0.4215
vn 0.3081 0.9235 0.2285
vn 0.7759 0.2586 0.5754
vn 0.6375 -0.6083 0.4728
vn 0.2087 0.9657 0.1547
vn 0.7422 0.3823 0.5504
vn 0.6958 -0.4996 0.5160
vn 0.1057 0.9913 0.0784
vn 0.1056 -0.9913 0.0784
vn 0.6958 0.4996 0.5160
vn 0.7422 -0.3823 0.5504
vn 0.5067 -0.7929 0.3386
vn 0.5884 -0.7066 0.3931
vn 0.4164 0.8656 0.2782
vn 0.3189 0.9235 0.2131
vn 0.8244 0.1304 0.5508
vn 0.8032 0.2586 0.5367
vn 0.6600 -0.6083 0.4410
vn 0.2160 0.9657 0.1443
vn 0.7683 0.3823 0.5134
vn 0.7203 -0.4996 0.4813
vn 0.1094 0.9913 0.0731
vn 0.1094 -0.9913 0.0731
vn 0.7203 0.4996 0.4813
vn 0.7683 -0.3823 0.5134
vn 0.2160 -0.9657 0.1443
vn 0.6600 0.6083 0.4410
vn 0.8032 -0.2586 0.5367
vn 0.3189 -0.9235 0.2131
vn 0.5884 0.7066 0.3931
vn 0.8244 -0.1304 0.5508
vn 0.4164 -0.8656 0.2782
vn 0.5067 0.7929 0.3386
vn 0.8315 0.0000 0.5556
vn 0.7926 0.3823 0.4750
vn 0.7430 0.4996 0.4454
vn 0.7430 -0.4996 0.4454
vn 0.7926 -0.3823 0.4750
vn 0.1128 0.9913 0.0676
vn 0.1128 -0.9913 0.0676
vn 0.2228 -0.9657 0.1336
vn 0.6808 0.6083 0.4081
vn 0.8286 -0.2586 0.4966
vn 0.3290 -0.9235 0.1972
vn 0.6069 0.7066 0.3638
vn 0.8504 -0.1304 0.5097
vn 0.4295 -0.8656 0.2575
vn 0.5227 0.7929 0.3133
vn 0.8577 0.0000 0.5141
vn 0.5227 -0.7929 0.3133
vn 0.4295 0.8656 0.2574
vn 0.8504 0.1304 0.5097
vn 0.6069 -0.7066 0.3638
vn 0.3290 0.9235 0.1972
vn 0.8286 0.2586 0.4966
vn 0.6808 -0.6083 0.4081
vn 0.2228 0.9657 0.1336
vn 0.3383 -0.9235 0.1808
vn 0.4416 -0.8656 0.2361
vn 0.6241 0.7066 0.3336
vn 0.5374 0.7929 0.2873
vn 0.8744 -0.1304 0.4674
vn 0.8819 0.0000 0.4714
vn 0.5374 -0.7929 0.2873
vn 0.4416 0.8656 0.2361
vn 0.8744 0.1304 0.4674
vn 0.6241 -0.7066 0.3336
vn 0.3383 0.9235 0.1808
vn 0.8519 0.2586 0.4554
vn 0.7000 -0.6083 0.3742
vn 0.2291 0.9657 0.1225
vn 0.8149 0.3823 0.4356
vn 0.7640 -0.4996 0.4084
vn 0.1160 0.9913 0.0620
vn 0.1160 -0.9913 0.0620
vn 0.7640 0.4996 0.4084
vn 0.8149 -0.3823 0.4356
vn 0.2291 -0.9657 0.1225
vn 0.7000 0.6083 0.3742
vn 0.8519 -0.2586 0.4554
vn 0.6397 -0.7066 0.3025
vn 0.7175 -0.6083 0.3394
vn 0.3467 0.9235 0.1640
vn 0.2348 0.9657 0.1111
vn 0.8732 0.2586 0.4130
vn 0.8353 0.3823 0.3951
vn 0.7831 -0.4996 0.3704
vn 0.1189 0.9913 0.0562
vn 0.1189 -0.9913 0.0562
vn 0.7831 0.4996 0.3704
vn 0.8353 -0.3823 0.3951
vn 0.2348 -0.9657 0.1111
vn 0.7175 0.6083 0.3394
vn 0.8732 -0.2586 0.4130
vn 0.3467 -0.9235 0.1640
vn 0.6397 0.7066 0.3025
vn 0.8963 -0.1304 0.4239
vn 0.4527 -0.8656 0.2141
vn 0.5509 0.7929 0.2606
vn 0.9040 -0.0000 0.4276
vn 0.5509 -0.7929 0.2606
vn 0.4527 0.8656 0.2141
vn 0.8963 0.1304 0.4239
vn 0.8003 0.4996 0.3315
vn 0.7333 0.6083 0.3037
vn 0.8537 -0.3823 0.3536
vn 0.8925 -0.2586 0.3697
vn 0.2400 -0.9657 0.0994
vn 0.3544 -0.9235 0.1468
vn 0.6538 0.7066 0.2708
vn 0.9160 -0.1304 0.3794
vn 0.4626 -0.8656 0.1916
vn 0.5630 0.7929 0.2332
vn 0.9239 0.0000 0.3827
vn 0.5630 -0.7929 0.2332
vn 0.4626 0.8656 0.1916
vn 0.9160 0.1304 0.3794
vn 0.6538 -0.7066 0.2708
vn 0.3544 0.9235 0.1468
vn 0.8925 0.2586 0.3697
vn 0.7333 -0.6083 0.3038
vn 0.2400 0.9657 0.0994
vn 0.8537 0.3823 0.3536
vn 0.8003 -0.4996 0.3315
vn 0.1215 0.9913 0.0503
vn 0.1215 -0.9913 0.0503
vn 0.4715 -0.8656 0.1687
vn 0.5738 -0.7929 0.2053
vn 0.5738 0.7929 0.2053
vn 0.4715 0.8656 0.1687
vn 0.9415 0.0000 0.3369
vn 0.9335 0.1304 0.3340
vn 0.6663 -0.7066 0.2384
vn 0.3611 0.9235 0.1292
vn 0.9095 0.2586 0.3254
vn 0.7473 -0.6083 0.2674
vn 0.2446 0.9657 0.0875
vn 0.8700 0.3823 0.3113
vn 0.8156 -0.4996 0.2918
vn 0.1238 0.9913 0.0443
vn 0.1238 -0.9913 0.0443
vn 0.8156 0.4996 0.2918
vn 0.8700 -0.3823 0.3113
vn 0.2446 -0.9657 0.0875
vn 0.7473 0.6083 0.2674
vn 0.9095 -0.2586 0.3254
vn 0.3611 -0.9235 0.1292
vn 0.6663 0.7066 0.2384
vn 0.9335 -0.1304 0.3340
vn 0.7596 -0.6083 0.2304
vn 0.8290 -0.4996 0.2515
vn 0.2486 0.9657 0.0754
vn 0.1259 0.9913 0.0382
vn 0.1259 -0.9913 0.0382
vn 0.8842 0.3823 0.2682
vn 0.8290 0.4996 0.2515
vn 0.8842 -0.3823 0.2682
vn 0.2486 -0.9657 0.0754
vn 0.7596 0.6083 0.2304
vn 0.9244 -0.2586 0.2804
vn 0.3670 -0.9235 0.1113
vn 0.6771 0.7066 0.2054
vn 0.9488 -0.1304 0.2878
vn 0.4792 -0.8656 0.1454
vn 0.5832 0.7929 0.1769
vn 0.9569 -0.0000 0.2903
vn 0.5832 -0.7929 0.1769
vn 0.4792 0.8656 0.1454
vn 0.9488 0.1304 0.2878
vn 0.6771 -0.7066 0.2054
vn 0.3670 0.9235 0.1113
vn 0.9244 0.2586 0.2804
vn 0.7699 0.6083 0.1929
vn 0.6864 0.7066 0.1719
vn 0.9370 -0.2586 0.2347
vn 0.9617 -0.1304 0.2409
vn 0.3721 -0.9235 0.0932
vn 0.4858 -0.8656 0.1217
vn 0.5911 0.7929 0.1481
vn 0.9700 0.0000 0.2430
vn 0.5911 -0.7929 0.1481
vn 0.4858 0.8656 0.1217
vn 0.9617 0.1304 0.2409
vn 0.6864 -0.7066 0.1719
vn 0.3721 0.9235 0.0932
vn 0.9370 0.2586 0.2347
vn 0.7699 -0.6083 0.1929
vn 0.2520 0.9657 0.0631
vn 0.8963 0.3823 0.2245
vn 0.8403 -0.4996 0.2105
vn 0.1276 0.9913 0.0320
vn 0.1276 -0.9913 0.0320
vn 0.8403 0.4996 0.2105
vn 0.8963 -0.3823 0.2245
vn 0.2520 -0.9657 0.0631
vn 0.5977 -0.7929 0.1189
vn 0.6940 -0.7066 0.1381
vn 0.4911 0.8656 0.0977
vn 0.3762 0.9235 0.0748
vn 0.9724 0.1304 0.1934
vn 0.9474 0.2586 0.1885
vn 0.7785 -0.6083 0.1549
vn 0.2548 0.9657 0.0507
vn 0.9063 0.3823 0.1803
vn 0.8496 -0.4996 0.1690
vn 0.1290 0.9913 0.0257
vn 0.1290 -0.9913 0.0257
vn 0.8496 0.4996 0.1690
vn 0.9063 -0.3823 0.1803
vn 0.2548 -0.9657 0.0507
vn 0.7785 0.6083 0.1549
vn 0.9474 -0.2586 0.1885
vn 0.3762 -0.9235 0.0748
vn 0.6940 0.7066 0.1380
vn 0.9724 -0.1304 0.1934
vn 0.4911 -0.8656 0.0977
vn 0.5977 0.7929 0.1189
vn 0.9808 0.0000 0.1951
vn 0.8569 -0.4996 0.1271
vn 0.9140 -0.3823 0.1356
vn 0.1301 0.9913 0.0193
vn 0.1301 -0.9913 0.0193
vn 0.2570 -0.9657 0.0381
vn 0.8569 0.4996 0.1271
vn 0.7851 0.6083 0.1165
vn 0.9555 -0.2586 0.1417
vn 0.3794 -0.9235 0.0563
vn 0.7000 0.7066 0.1038
vn 0.9807 -0.1304 0.1455
vn 0.4953 -0.8656 0.0735
vn 0.6028 0.7929 0.0894
vn 0.9892 0.0000 0.1467
vn 0.6028 -0.7929 0.0894
vn 0.4953 0.8656 0.0735
vn 0.9807 0.1304 0.1455
vn 0.7000 -0.7066 0.1038
vn 0.3794 0.9235 0.0563
vn 0.9555 0.2586 0.1417
vn 0.7851 -0.6083 0.1165
vn 0.2570 0.9657 0.0381
vn 0.9140 0.3823 0.1356
vn 0.7042 0.7066 0.0694
vn 0.6065 0.7929 0.0597
vn 0.9867 -0.1304 0.0972
vn 0.9952 -0.0000 0.0980
vn 0.4984 -0.8656 0.0491
vn 0.6065 -0.7929 0.0597
vn 0.4984 0.8656 0.0491
vn 0.9867 0.1304 0.0972
vn 0.7042 -0.7066 0.0694
vn 0.3817 0.9235 0.0376
vn 0.9613 0.2586 0.0947
vn 0.7899 -0.6083 0.0778
vn 0.2585 0.9657 0.0255
vn 0.9196 0.3823 0.0906
vn 0.8621 -0.4996 0.0849
vn 0.1309 0.9913 0.0129
vn 0.1309 -0.9913 0.0129
vn 0.8621 0.4996 0.0849
vn 0.9196 -0.3823 0.0906
vn 0.2585 -0.9657 0.0255
vn 0.7899 0.6083 0.0778
vn 0.9613 -0.2586 0.0947
vn 0.3817 -0.9235 0.0376
vn 0.7068 -0.7066 0.0347
vn 0.7928 -0.6083 0.0389
vn 0.3831 0.9235 0.0188
vn 0.2595 0.9657 0.0127
vn 0.9648 0.2586 0.0474
vn 0.9229 0.3823 0.0453
vn 0.8652 -0.4996 0.0425
vn 0.1314 0.9913 0.0065
vn 0.1314 -0.9913 0.0065
vn 0.8652 0.4996 0.0425
vn 0.9229 -0.3823 0.0453
vn 0.2595 -0.9657 0.0128
vn 0.7928 0.6083 0.0389
vn 0.9648 -0.2586 0.0474
vn 0.3831 -0.9235 0.0188
vn 0.7068 0.7066 0.0347
vn 0.9903 -0.1304 0.0486
vn 0.5002 -0.8656 0.0246
vn 0.6087 0.7929 0.0299
vn 0.9988 -0.0000 0.0491
vn 0.6087 -0.7929 0.0299
vn 0.5002 0.8656 0.0246
vn 0.9903 0.1304 0.0486
vn 0.9240 -0.3823 -0.0000
vn 0.9660 -0.2586 -0.0000
vn 0.2598 -0.9657 0.0000
vn 0.3836 -0.9235 0.0000
vn 0.7937 0.6083 -0.0000
vn 0.7076 0.7066 -0.0000
vn 0.9915 -0.1304 -0.0000
vn 0.5008 -0.8656 0.0000
vn 0.6094 0.7929 -0.0000
vn 1.0000 -0.0000 0.0000
vn 0.6094 -0.7929 0.0000
vn 0.5008 0.8656 -0.0000
vn 0.9915 0.1304 -0.0000
vn 0.7076 -0.7066 0.0000
vn 0.3836 0.9235 -0.0000
vn 0.9660 0.2586 -0.0000
vn 0.7937 -0.6083 -0.0000
vn 0.2598 0.9657 -0.0000
vn 0.9240 0.3823 -0.0000
vn 0.8663 -0.4996 -0.0000
vn 0.1315 0.9913 -0.0000
vn 0.1315 -0.9913 0.0000
vn 0.8663 0.4996 -0.0000
vn 0.6087 0.7929 -0.0299
vn 0.5002 0.8656 -0.0246
vn 0.9988 -0.0000 -0.0491
vn 0.9903 0.1304 -0.0486
vn 0.6087 -0.7929 -0.0299
vn 0.7068 -0.7066 -0.0347
vn 0.3831 0.9235 -0.0188
vn 0.9648 0.2586 -0.0474
vn 0.7928 -0.6083 -0.0390
vn 0.2595 0.9657 -0.0127
vn 0.9229 0.3823 -0.0453
vn 0.8652 -0.4996 -0.0425
vn 0.1314 0.9913 -0.0065
vn 0.1314 -0.9913 -0.0065
vn 0.8652 0.4996 -0.0425
vn 0.9229 -0.3823 -0.0453
vn 0.2595 -0.9657 -0.0128
vn 0.7928 0.6083 -0.0389
vn 0.9648 -0.2586 -0.0474
vn 0.3831 -0.9235 -0.0188
vn 0.7068 0.7066 -0.0347
vn 0.9903 -0.1304 -0.0486
vn 0.5002 -0.8656 -0.0246
vn 0.7899 -0.6083 -0.0778
vn 0.8621 -0.4996 -0.0849
vn 0.2585 0.9657 -0.0255
vn 0.1309 0.9913 -0.0129
vn 0.1309 -0.9913 -0.0129
vn 0.9196 0.3823 -0.0906
vn 0.8621 0.4996 -0.0849
vn 0.9196 -0.3823 -0.0906
vn 0.2585 -0.9657 -0.0255
vn 0.7899 0.6083 -0.0778
vn 0.9613 -0.2586 -0.0947
vn 0.3817 -0.9235 -0.0376
vn 0.7042 0.7066 -0.0694
vn 0.9867 -0.1304 -0.0972
vn 0.4984 -0.8656 -0.0491
vn 0.6065 0.7929 -0.0597
vn 0.9952 -0.0000 -0.0980
vn 0.6065 -0.7929 -0.0597
vn 0.4984 0.8656 -0.0491
vn 0.9867 0.1304 -0.0972
vn 0.7042 -0.7066 -0.0694
vn 0.3817 0.9235 -0.0376
vn 0.9613 0.2586 -0.0947
vn 0.2570 -0.9657 -0.0381
vn 0.3794 -0.9235 -0.0563
vn 0.7851 0.6083 -0.1165
vn 0.7000 0.7066 -0.1038
vn 0.9555 -0.2586 -0.1417
vn 0.9807 -0.1304 -0.1455
vn 0.4953 -0.8656 -0.0735
vn 0.6028 0.7929 -0.0894
vn 0.9892 -0.0000 -0.1467
vn 0.6028 -0.7929 -0.0894
vn 0.4953 0.8656 -0.0735
vn 0.9807 0.1304 -0.1455
vn 0.7000 -0.7066 -0.1038
vn 0.3794 0.9235 -0.0563
vn 0.9555 0.2586 -0.1417
vn 0.7851 -0.6083 -0.1165
vn 0.2570 0.9657 -0.0381
vn 0.9140 0.3823 -0.1356
vn 0.8569 -0.4996 -0.1271
vn 0.1301 0.9913 -0.0193
vn 0.1301 -0.9913 -0.0193
vn 0.8569 0.4996 -0.1271
vn 0.9140 -0.3823 -0.1356
vn 0.5977 -0.7929 -0.1189
vn 0.6940 -0.7066 -0.1380
vn 0.4911 0.8656 -0.0977
vn 0.3762 0.9235 -0.0748
vn 0.9724 0.1304 -0.1934
vn 0.9474 0.2586 -0.1885
vn 0.7785 -0.6083 -0.1548
vn 0.2548 0.9657 -0.0507
vn 0.9063 0.3823 -0.1803
vn 0.8496 -0.4996 -0.1690
vn 0.1290 0.9913 -0.0257
vn 0.1290 -0.9913 -0.0257
vn 0.8496 0.4996 -0.1690
vn 0.9063 -0.3823 -0.1803
vn 0.2548 -0.9657 -0.0507
vn 0.7785 0.6083 -0.1548
vn 0.9474 -0.2586 -0.1885
vn 0.3762 -0.9235 -0.0748
vn 0.6940 0.7066 -0.1380
vn 0.9724 -0.1304 -0.1934
vn 0.4911 -0.8656 -0.0977
vn 0.5977 0.7929 -0.1189
vn 0.9808 -0.0000 -0.1951
vn 0.8963 0.3823 -0.2245
vn 0.8403 0.4996 -0.2105
vn 0.8403 -0.4996 -0.2105
vn 0.8963 -0.3823 -0.2245
vn 0.1276 0.9913 -0.0320
vn 0.1276 -0.9913 -0.0320
vn 0.2520 -0.9657 -0.0631
vn 0.7699 0.6083 -0.1929
vn 0.9370 -0.2586 -0.2347
vn 0.3721 -0.9235 -0.0932
vn 0.6864 0.7066 -0.1719
vn 0.9617 -0.1304 -0.2409
vn 0.4858 -0.8656 -0.1217
vn 0.5911 0.7929 -0.1481
vn 0.9700 0.0000 -0.2430
vn 0.5911 -0.7929 -0.1481
vn 0.4858 0.8656 -0.1217
vn 0.9617 0.1304 -0.2409
vn 0.6864 -0.7066 -0.1719
vn 0.3721 0.9235 -0.0932
vn 0.9370 0.2586 -0.2347
vn 0.7699 -0.6083 -0.1929
vn 0.2520 0.9657 -0.0631
vn 0.3670 -0.9235 -0.1113
vn 0.4792 -0.8656 -0.1454
vn 0.6771 0.7066 -0.2054
vn 0.5832 0.7929 -0.1769
vn 0.9488 -0.1304 -0.2878
vn 0.9569 -0.0000 -0.2903
vn 0.5832 -0.7929 -0.1769
vn 0.4792 0.8656 -0.1454
vn 0.9488 0.1304 -0.2878
vn 0.6771 -0.7066 -0.2054
vn 0.3670 0.9235 -0.1113
vn 0.9244 0.2586 -0.2804
vn 0.7596 -0.6083 -0.2304
vn 0.2486 0.9657 -0.0754
vn 0.8842 0.3823 -0.2682
vn 0.8290 -0.4996 -0.2515
vn 0.1259 0.9913 -0.0382
vn 0.1259 -0.9913 -0.0382
vn 0.8290 0.4996 -0.2515
vn 0.8842 -0.3823 -0.2682
vn 0.2486 -0.9657 -0.0754
vn 0.7596 0.6083 -0.2304
vn 0.9244 -0.2586 -0.2804
vn 0.6663 -0.7066 -0.2384
vn 0.7473 -0.6083 -0.2674
vn 0.3611 0.9235 -0.1292
vn 0.2446 0.9657 -0.0875
vn 0.9095 0.2586 -0.3254
vn 0.8700 0.3823 -0.3113
vn 0.8156 -0.4996 -0.2918
vn 0.1238 0.9913 -0.0443
vn 0.1238 -0.9913 -0.0443
vn 0.8156 0.4996 -0.2918
vn 0.8700 -0.3823 -0.3113
vn 0.2446 -0.9657 -0.0875
vn 0.7473 0.6083 -0.2674
vn 0.9095 -0.2586 -0.3254
vn 0.3611 -0.9235 -0.1292
vn 0.6663 0.7066 -0.2384
vn 0.9335 -0.1304 -0.3340
vn 0.4715 -0.8656 -0.1687
vn 0.5738 0.7929 -0.2053
vn 0.9415 0.0000 -0.3369
vn 0.5738 -0.7929 -0.2053
vn 0.4715 0.8656 -0.1687
vn 0.9335 0.1304 -0.3340
vn 0.8003 0.4996 -0.3315
vn 0.7333 0.6083 -0.3038
vn 0.8537 -0.3823 -0.3536
vn 0.8925 -0.2586 -0.3697
vn 0.2400 -0.9657 -0.0994
vn 0.3544 -0.9235 -0.1468
vn 0.6538 0.7066 -0.2708
vn 0.9160 -0.1304 -0.3794
vn 0.4626 -0.8656 -0.1916
vn 0.5630 0.7929 -0.2332
vn 0.9239 0.0000 -0.3827
vn 0.5630 -0.7929 -0.2332
vn 0.4626 0.8656 -0.1916
vn 0.9160 0.1304 -0.3794
vn 0.6538 -0.7066 -0.2708
vn 0.3544 0.9235 -0.1468
vn 0.8925 0.2586 -0.3697
vn 0.7333 -0.6083 -0.3037
vn 0.2400 0.9657 -0.0994
vn 0.8537 0.3823 -0.3536
vn 0.8003 -0.4996 -0.3315
vn 0.1215 0.9913 -0.0503
vn 0.1215 -0.9913 -0.0503
vn 0.4527 -0.8656 -0.2141
vn 0.5509 -0.7929 -0.2605
vn 0.5509 0.7929 -0.2605
vn 0.4527 0.8656 -0.2141
vn 0.9040 0.0000 -0.4276
vn 0.8963 0.1304 -0.4239
vn 0.6397 -0.7066 -0.3025
vn 0.3467 0.9235 -0.1640
vn 0.8733 0.2586 -0.4130
vn 0.7175 -0.6083 -0.3394
vn 0.2348 0.9657 -0.1111
vn 0.8353 0.3823 -0.3951
vn 0.7831 -0.4996 -0.3704
vn 0.1189 0.9913 -0.0562
vn 0.1189 -0.9913 -0.0562
vn 0.7831 0.4996 -0.3704
vn 0.8353 -0.3823 -0.3951
vn 0.2348 -0.9657 -0.1111
vn 0.7175 0.6083 -0.3394
vn 0.8733 -0.2586 -0.4130
vn 0.3467 -0.9235 -0.1640
vn 0.6397 0.7066 -0.3025
vn 0.8963 -0.1304 -0.4239
vn 0.7000 -0.6083 -0.3742
vn 0.7640 -0.4996 -0.4084
vn 0.2291 0.9657 -0.1225
vn 0.1160 0.9913 -0.0620
vn 0.1160 -0.9913 -0.0620
vn 0.8149 0.3823 -0.4356
vn 0.7640 0.4996 -0.4084
vn 0.8149 -0.3823 -0.4356
vn 0.2291 -0.9657 -0.1225
vn 0.7000 0.6083 -0.3742
vn 0.8519 -0.2586 -0.4554
vn 0.3383 -0.9235 -0.1808
vn 0.6241 0.7066 -0.3336
vn 0.8744 -0.1304 -0.4674
vn 0.4416 -0.8656 -0.2361
vn 0.5374 0.7929 -0.2873
vn 0.8819 -0.0000 -0.4714
vn 0.5374 -0.7929 -0.2873
vn 0.4416 0.8656 -0.2361
vn 0.8744 0.1304 -0.4674
vn 0.6241 -0.7066 -0.3336
vn 0.3383 0.9235 -0.1808
vn 0.8519 0.2586 -0.4554
vn 0.6808 0.6083 -0.4081
vn 0.6069 0.7066 -0.3638
vn 0.8286 -0.2586 -0.4966
vn 0.8504 -0.1304 -0.5097
vn 0.3290 -0.9235 -0.1972
vn 0.4295 -0.8656 -0.2574
vn 0.5227 0.7929 -0.3133
vn 0.8577 -0.0000 -0.5141
vn 0.5227 -0.7929 -0.3133
vn 0.4295 0.8656 -0.2574
vn 0.8504 0.1304 -0.5097
vn 0.6069 -0.7066 -0.3638
vn 0.3290 0.9235 -0.1972
vn 0.8286 0.2586 -0.4966
vn 0.6808 -0.6083 -0.4081
vn 0.2228 0.9657 -0.1335
vn 0.7926 0.3823 -0.4750
vn 0.7430 -0.4996 -0.4454
vn 0.1128 0.9913 -0.0676
vn 0.1128 -0.9913 -0.0676
vn 0.7430 0.4996 -0.4454
vn 0.7926 -0.3823 -0.4750
vn 0.2228 -0.9657 -0.1336
vn 0.5067 -0.7929 -0.3386
vn 0.5884 -0.7066 -0.3931
vn 0.4164 0.8656 -0.2782
vn 0.3189 0.9235 -0.2131
vn 0.8244 0.1304 -0.5508
vn 0.8032 0.2586 -0.5367
vn 0.6600 -0.6083 -0.4410
vn 0.2160 0.9657 -0.1443
vn 0.7683 0.3823 -0.5134
vn 0.7203 -0.4996 -0.4813
vn 0.1094 0.9913 -0.0731
vn 0.1094 -0.9913 -0.0731
vn 0.7203 0.4996 -0.4813
vn 0.7683 -0.3823 -0.5134
vn 0.2160 -0.9657 -0.1443
vn 0.6600 0.6083 -0.4410
vn 0.8032 -0.2586 -0.5367
vn 0.3189 -0.9235 -0.2131
vn 0.5884 0.7066 -0.3931
vn 0.8244 -0.1304 -0.5508
vn 0.4164 -0.8656 -0.2782
vn 0.5067 0.7929 -0.3386
vn 0.8315 0.0000 -0.5556
vn 0.6958 -0.4996 -0.5160
vn 0.7422 -0.3823 -0.5504
vn 0.1056 0.9913 -0.0784
vn 0.1056 -0.9913 -0.0784
vn 0.2087 -0.9657 -0.1547
vn 0.6958 0.4996 -0.5160
vn 0.6375 0.6083 -0.4728
vn 0.7759 -0.2586 -0.5754
vn 0.3081 -0.9235 -0.2285
vn 0.5684 0.7066 -0.4215
vn 0.7964 -0.1304 -0.5906
vn 0.4022 -0.8656 -0.2983
vn 0.4895 0.7929 -0.3630
vn 0.8032 0.0000 -0.5957
vn 0.4895 -0.7929 -0.3630
vn 0.4022 0.8656 -0.2983
vn 0.7964 0.1304 -0.5906
vn 0.5684 -0.7066 -0.4215
vn 0.3081 0.9235 -0.2285
vn 0.7759 0.2586 -0.5754
vn 0.6375 -0.6083 -0.4728
vn 0.2087 0.9657 -0.1547
vn 0.7422 0.3823 -0.5504
vn 0.5470 0.7066 -0.4489
vn 0.4711 0.7929 -0.3866
vn 0.7664 -0.1304 -0.6290
vn 0.7730 -0.0000 -0.6344
vn 0.3871 -0.8656 -0.3177
vn 0.4711 -0.7929 -0.3866
vn 0.3871 0.8656 -0.3177
vn 0.7664 0.1304 -0.6290
vn 0.5470 -0.7066 -0.4489
vn 0.2965 0.9235 -0.2433
vn 0.7467 0.2586 -0.6128
vn 0.6136 -0.6083 -0.5035
vn 0.2008 0.9657 -0.1648
vn 0.7143 0.3823 -0.5862
vn 0.6696 -0.4996 -0.5496
vn 0.1017 0.9913 -0.0834
vn 0.1017 -0.9913 -0.0834
vn 0.6696 0.4996 -0.5496
vn 0.7143 -0.3823 -0.5862
vn 0.2008 -0.9657 -0.1648
vn 0.6136 0.6083 -0.5035
vn 0.7467 -0.2586 -0.6128
vn 0.2965 -0.9235 -0.2433
vn 0.5243 -0.7066 -0.4752
vn 0.5881 -0.6083 -0.5330
vn 0.2842 0.9235 -0.2576
vn 0.1925 0.9657 -0.1745
vn 0.7158 0.2586 -0.6487
vn 0.6847 0.3823 -0.6205
vn 0.6419 -0.4996 -0.5818
vn 0.0975 0.9913 -0.0883
vn 0.0975 -0.9913 -0.0883
vn 0.6419 0.4996 -0.5818
vn 0.6847 -0.3823 -0.6205
vn 0.1925 -0.9657 -0.1745
vn 0.5881 0.6083 -0.5330
vn 0.7158 -0.2586 -0.6487
vn 0.2842 -0.9235 -0.2576
vn 0.5243 0.7066 -0.4752
vn 0.7346 -0.1304 -0.6658
vn 0.3710 -0.8656 -0.3363
vn 0.4515 0.7929 -0.4093
vn 0.7409 0.0000 -0.6716
vn 0.4515 -0.7929 -0.4092
vn 0.3710 0.8656 -0.3363
vn 0.7346 0.1304 -0.6658
vn 0.6534 -0.3823 -0.6534
vn 0.6831 -0.2586 -0.6831
vn 0.1837 -0.9657 -0.1837
vn 0.2712 -0.9235 -0.2712
vn 0.5613 0.6083 -0.5613
vn 0.5004 0.7066 -0.5004
vn 0.7011 -0.1304 -0.7011
vn 0.3541 -0.8656 -0.3541
vn 0.4309 0.7929 -0.4309
vn 0.7071 -0.0000 -0.7071
vn 0.4309 -0.7929 -0.4309
vn 0.3541 0.8656 -0.3541
vn 0.7011 0.1304 -0.7011
vn 0.5004 -0.7066 -0.5004
vn 0.2712 0.9235 -0.2712
vn 0.6831 0.2586 -0.6831
vn 0.5613 -0.6083 -0.5613
vn 0.1837 0.9657 -0.1837
vn 0.6534 0.3823 -0.6534
vn 0.6126 -0.4996 -0.6126
vn 0.0930 0.9913 -0.0930
vn 0.0930 -0.9913 -0.0930
vn 0.6125 0.4996 -0.6126
vn 0.4092 0.7929 -0.4515
vn 0.3363 0.8656 -0.3710
vn 0.6716 -0.0000 -0.7409
vn 0.6658 0.1304 -0.7346
vn 0.4092 -0.7929 -0.4515
vn 0.4752 -0.7066 -0.5243
vn 0.2576 0.9235 -0.2842
vn 0.6487 0.2586 -0.7158
vn 0.5330 -0.6083 -0.5881
vn 0.1745 0.9657 -0.1925
vn 0.6205 0.3823 -0.6847
vn 0.5818 -0.4996 -0.6419
vn 0.0883 0.9913 -0.0975
vn 0.0883 -0.9913 -0.0975
vn 0.5818 0.4996 -0.6419
vn 0.6205 -0.3823 -0.6847
vn 0.1745 -0.9657 -0.1925
vn 0.5330 0.6083 -0.5881
vn 0.6487 -0.2586 -0.7158
vn 0.2576 -0.9235 -0.2842
vn 0.4752 0.7066 -0.5243
vn 0.6658 -0.1304 -0.7346
vn 0.3363 -0.8656 -0.3710
vn 0.5035 -0.6083 -0.6136
vn 0.5496 -0.4996 -0.6696
vn 0.1648 0.9657 -0.2008
vn 0.0834 0.9913 -0.1017
vn 0.0834 -0.9913 -0.1017
vn 0.5862 0.3823 -0.7143
vn 0.5496 0.4996 -0.6696
vn 0.5862 -0.3823 -0.7143
vn 0.1648 -0.9657 -0.2008
vn 0.5035 0.6083 -0.6136
vn 0.6128 -0.2586 -0.7467
vn 0.2433 -0.9235 -0.2965
vn 0.4489 0.7066 -0.5470
vn 0.6290 -0.1304 -0.7664
vn 0.3177 -0.8656 -0.3871
vn 0.3866 0.7929 -0.4711
vn 0.6344 -0.0000 -0.7730
vn 0.3866 -0.7929 -0.4711
vn 0.3177 0.8656 -0.3871
vn 0.6290 0.1304 -0.7664
vn 0.4489 -0.7066 -0.5470
vn 0.2433 0.9235 -0.2965
vn 0.6128 0.2586 -0.7467
vn 0.5754 -0.2586 -0.7759
vn 0.5906 -0.1304 -0.7963
vn 0.2285 -0.9235 -0.3081
vn 0.2983 -0.8656 -0.4022
vn 0.4215 0.7066 -0.5684
vn 0.3630 0.7929 -0.4895
vn 0.5957 -0.0000 -0.8032
vn 0.3630 -0.7929 -0.4895
vn 0.2983 0.8656 -0.4022
vn 0.5906 0.1304 -0.7964
vn 0.4215 -0.7066 -0.5684
vn 0.2285 0.9235 -0.3081
vn 0.5754 0.2586 -0.7759
vn 0.4728 -0.6083 -0.6375
vn 0.1547 0.9657 -0.2087
vn 0.5504 0.3823 -0.7422
vn 0.5160 -0.4996 -0.6958
vn 0.0783 0.9913 -0.1056
vn 0.0784 -0.9913 -0.1056
vn 0.5160 0.4996 -0.6958
vn 0.5504 -0.3823 -0.7422
vn 0.1547 -0.9657 -0.2086
vn 0.4728 0.6083 -0.6375
vn 0.2782 0.8656 -0.4164
vn 0.2131 0.9235 -0.3189
vn 0.5508 0.1304 -0.8244
vn 0.5367 0.2586 -0.8032
vn 0.3931 -0.7066 -0.5884
vn 0.4410 -0.6083 -0.6600
vn 0.1443 0.9657 -0.2160
vn 0.5134 0.3823 -0.7683
vn 0.4813 -0.4996 -0.7203
vn 0.0731 0.9913 -0.1094
vn 0.0731 -0.9913 -0.1094
vn 0.4813 0.4996 -0.7203
vn 0.5134 -0.3823 -0.7683
vn 0.1443 -0.9657 -0.2160
vn 0.4410 0.6083 -0.6600
vn 0.5367 -0.2586 -0.8032
vn 0.2131 -0.9235 -0.3189
vn 0.3931 0.7066 -0.5884
vn 0.5508 -0.1304 -0.8244
vn 0.2782 -0.8656 -0.4164
vn 0.3386 0.7929 -0.5067
vn 0.5556 -0.0000 -0.8315
vn 0.3386 -0.7929 -0.5067
vn 0.4454 -0.4996 -0.7430
vn 0.4750 -0.3823 -0.7926
vn 0.0676 0.9913 -0.1128
vn 0.0676 -0.9913 -0.1128
vn 0.1335 -0.9657 -0.2228
vn 0.4454 0.4996 -0.7430
vn 0.4081 0.6083 -0.6808
vn 0.4966 -0.2586 -0.8286
vn 0.1972 -0.9235 -0.3290
vn 0.3638 0.7066 -0.6069
vn 0.5097 -0.1304 -0.8504
vn 0.2574 -0.8656 -0.4295
vn 0.3133 0.7929 -0.5227
vn 0.5141 0.0000 -0.8577
vn 0.3133 -0.7929 -0.5227
vn 0.2574 0.8656 -0.4295
vn 0.5097 0.1304 -0.8504
vn 0.3638 -0.7066 -0.6069
vn 0.1972 0.9235 -0.3290
vn 0.4966 0.2586 -0.8286
vn 0.4081 -0.6083 -0.6808
vn 0.1336 0.9657 -0.2228
vn 0.4750 0.3823 -0.7926
vn 0.4674 -0.1304 -0.8744
vn 0.4714 0.0000 -0.8819
vn 0.2361 -0.8656 -0.4416
vn 0.2873 -0.7929 -0.5374
vn 0.2873 0.7929 -0.5374
vn 0.2361 0.8656 -0.4416
vn 0.4674 0.1304 -0.8744
vn 0.3336 -0.7066 -0.6241
vn 0.1808 0.9235 -0.3383
vn 0.4554 0.2586 -0.8519
vn 0.3742 -0.6083 -0.7000
vn 0.1225 0.9657 -0.2291
vn 0.4356 0.3823 -0.8149
vn 0.4084 -0.4996 -0.7640
vn 0.0620 0.9913 -0.1160
vn 0.0620 -0.9913 -0.1160
vn 0.4084 0.4996 -0.7640
vn 0.4356 -0.3823 -0.8149
vn 0.1225 -0.9657 -0.2291
vn 0.3742 0.6083 -0.7000
vn 0.4554 -0.2586 -0.8519
vn 0.1808 -0.9235 -0.3383
vn 0.3336 0.7066 -0.6241
vn 0.1640 0.9235 -0.3467
vn 0.1111 0.9657 -0.2348
vn 0.4130 0.2586 -0.8733
vn 0.3951 0.3823 -0.8353
vn 0.3394 -0.6083 -0.7175
vn 0.3704 -0.4996 -0.7831
vn 0.0562 0.9913 -0.1189
vn 0.0562 -0.9913 -0.1189
vn 0.3704 0.4996 -0.7831
vn 0.3951 -0.3823 -0.8353
vn 0.1111 -0.9657 -0.2348
vn 0.3394 0.6083 -0.7175
vn 0.4130 -0.2586 -0.8732
vn 0.1640 -0.9235 -0.3467
vn 0.3025 0.7066 -0.6397
vn 0.4239 -0.1304 -0.8963
vn 0.2141 -0.8656 -0.4527
vn 0.2606 0.7929 -0.5509
vn 0.4276 0.0000 -0.9040
vn 0.2606 -0.7929 -0.5509
vn 0.2141 0.8656 -0.4527
vn 0.4239 0.1304 -0.8963
vn 0.3025 -0.7066 -0.6397
vn 0.3536 -0.3823 -0.8537
vn 0.3697 -0.2586 -0.8925
vn 0.0994 -0.9657 -0.2400
vn 0.1468 -0.9235 -0.3544
vn 0.3037 0.6083 -0.7333
vn 0.2708 0.7066 -0.6538
vn 0.3794 -0.1304 -0.9160
vn 0.1916 -0.8656 -0.4626
vn 0.2332 0.7929 -0.5630
vn 0.3827 0.0000 -0.9239
vn 0.2332 -0.7929 -0.5630
vn 0.1916 0.8656 -0.4626
vn 0.3794 0.1304 -0.9160
vn 0.2708 -0.7066 -0.6538
vn 0.1468 0.9235 -0.3544
vn 0.3697 0.2586 -0.8925
vn 0.3037 -0.6083 -0.7333
vn 0.0994 0.9657 -0.2400
vn 0.3536 0.3823 -0.8537
vn 0.3315 -0.4996 -0.8003
vn 0.0503 0.9913 -0.1215
vn 0.0503 -0.9913 -0.1215
vn 0.3315 0.4996 -0.8003
vn 0.3369 0.0000 -0.9415
vn 0.3340 0.1304 -0.9335
vn 0.2053 -0.7929 -0.5738
vn 0.2384 -0.7066 -0.6663
vn 0.1687 0.8656 -0.4715
vn 0.1292 0.9235 -0.3611
vn 0.3254 0.2586 -0.9095
vn 0.2674 -0.6083 -0.7473
vn 0.0875 0.9657 -0.2446
vn 0.3113 0.3823 -0.8700
vn 0.2918 -0.4996 -0.8156
vn 0.0443 0.9913 -0.1238
vn 0.0443 -0.9913 -0.1238
vn 0.2918 0.4996 -0.8156
vn 0.3113 -0.3823 -0.8700
vn 0.0875 -0.9657 -0.2446
vn 0.2674 0.6083 -0.7473
vn 0.3254 -0.2586 -0.9095
vn 0.1292 -0.9235 -0.3611
vn 0.2384 0.7066 -0.6663
vn 0.3340 -0.1304 -0.9335
vn 0.1687 -0.8656 -0.4715
vn 0.2053 0.7929 -0.5738
vn 0.0754 0.9657 -0.2486
vn 0.0382 0.9913 -0.1259
vn 0.0382 -0.9913 -0.1259
vn 0.2682 0.3823 -0.8842
vn 0.2515 0.4996 -0.8290
vn 0.2515 -0.4996 -0.8290
vn 0.2682 -0.3823 -0.8842
vn 0.0754 -0.9657 -0.2486
vn 0.2304 0.6083 -0.7596
vn 0.2804 -0.2586 -0.9244
vn 0.1113 -0.9235 -0.3670
vn 0.2054 0.7066 -0.6771
vn 0.2878 -0.1304 -0.9488
vn 0.1454 -0.8656 -0.4792
vn 0.1769 0.7929 -0.5832
vn 0.2903 0.0000 -0.9569
vn 0.1769 -0.7929 -0.5832
vn 0.1454 0.8656 -0.4792
vn 0.2878 0.1304 -0.9488
vn 0.2054 -0.7066 -0.6771
vn 0.1113 0.9235 -0.3670
vn 0.2804 0.2586 -0.9244
vn 0.2304 -0.6083 -0.7596
vn 0.2347 -0.2586 -0.9370
vn 0.2409 -0.1304 -0.9617
vn 0.0932 -0.9235 -0.3721
vn 0.1217 -0.8656 -0.4858
vn 0.1719 0.7066 -0.6864
vn 0.1481 0.7929 -0.5911
vn 0.2430 0.0000 -0.9700
vn 0.1481 -0.7929 -0.5911
vn 0.1217 0.8656 -0.4858
vn 0.2409 0.1304 -0.9618
vn 0.1719 -0.7066 -0.6864
vn 0.0932 0.9235 -0.3721
vn 0.2347 0.2586 -0.9370
vn 0.1929 -0.6083 -0.7699
vn 0.0631 0.9657 -0.2520
vn 0.2245 0.3823 -0.8963
vn 0.2105 -0.4996 -0.8403
vn 0.0320 0.9913 -0.1276
vn 0.0320 -0.9913 -0.1276
vn 0.2105 0.4996 -0.8403
vn 0.2245 -0.3823 -0.8963
vn 0.0631 -0.9657 -0.2520
vn 0.1929 0.6083 -0.7699
vn 0.1934 0.1304 -0.9724
vn 0.1885 0.2586 -0.9474
vn 0.1381 -0.7066 -0.6940
vn 0.1549 -0.6083 -0.7785
vn 0.0748 0.9235 -0.3762
vn 0.0507 0.9657 -0.2548
vn 0.1803 0.3823 -0.9063
vn 0.1690 -0.4996 -0.8496
vn 0.0257 0.9913 -0.1290
vn 0.0257 -0.9913 -0.1290
vn 0.1690 0.4996 -0.8496
vn 0.1803 -0.3823 -0.9063
vn 0.0507 -0.9657 -0.2548
vn 0.1548 0.6083 -0.7785
vn 0.1885 -0.2586 -0.9474
vn 0.0748 -0.9235 -0.3762
vn 0.1381 0.7066 -0.6940
vn 0.1934 -0.1304 -0.9724
vn 0.0977 -0.8656 -0.4911
vn 0.1189 0.7929 -0.5977
vn 0.1951 0.0000 -0.9808
vn 0.1189 -0.7929 -0.5977
vn 0.0977 0.8656 -0.4911
vn 0.0193 0.9913 -0.1301
vn 0.0193 -0.9913 -0.1301
vn 0.0381 -0.9657 -0.2570
vn 0.1271 0.4996 -0.8569
vn 0.1165 0.6083 -0.7851
vn 0.1356 -0.3823 -0.9140
vn 0.1417 -0.2586 -0.9555
vn 0.0563 -0.9235 -0.3794
vn 0.1038 0.7066 -0.7000
vn 0.1455 -0.1304 -0.9807
vn 0.0735 -0.8656 -0.4953
vn 0.0894 0.7929 -0.6028
vn 0.1467 0.0000 -0.9892
vn 0.0894 -0.7929 -0.6028
vn 0.0735 0.8656 -0.4953
vn 0.1455 0.1304 -0.9807
vn 0.1038 -0.7066 -0.7000
vn 0.0563 0.9235 -0.3794
vn 0.1417 0.2586 -0.9555
vn 0.1165 -0.6083 -0.7851
vn 0.0381 0.9657 -0.2570
vn 0.1356 0.3823 -0.9140
vn 0.1271 -0.4996 -0.8569
vn 0.0972 -0.1304 -0.9867
vn 0.0980 0.0000 -0.9952
vn 0.0491 -0.8656 -0.4984
vn 0.0597 -0.7929 -0.6065
vn 0.0597 0.7929 -0.6065
vn 0.0491 0.8656 -0.4984
vn 0.0972 0.1304 -0.9867
vn 0.0694 -0.7066 -0.7042
vn 0.0376 0.9235 -0.3817
vn 0.0947 0.2586 -0.9613
vn 0.0778 -0.6083 -0.7899
vn 0.0255 0.9657 -0.2585
vn 0.0906 0.3823 -0.9196
vn 0.0849 -0.4996 -0.8621
vn 0.0129 0.9913 -0.1309
vn 0.0129 -0.9913 -0.1309
vn 0.0849 0.4996 -0.8621
vn 0.0906 -0.3823 -0.9196
vn 0.0255 -0.9657 -0.2585
vn 0.0778 0.6083 -0.7899
vn 0.0947 -0.2586 -0.9613
vn 0.0376 -0.9235 -0.3817
vn 0.0694 0.7066 -0.7042
vn 0.0474 0.2586 -0.9648
vn 0.0453 0.3823 -0.9229
vn 0.0389 -0.6083 -0.7928
vn 0.0425 -0.4996 -0.8652
vn 0.0128 0.9657 -0.2595
vn 0.0065 0.9913 -0.1314
vn 0.0065 -0.9913 -0.1314
vn 0.0425 0.4996 -0.8652
vn 0.0453 -0.3823 -0.9229
vn 0.0127 -0.9657 -0.2595
vn 0.0389 0.6083 -0.7928
vn 0.0474 -0.2586 -0.9648
vn 0.0188 -0.9235 -0.3831
vn 0.0347 0.7066 -0.7068
vn 0.0486 -0.1304 -0.9903
vn 0.0246 -0.8656 -0.5002
vn 0.0299 0.7929 -0.6087
vn 0.0491 0.0000 -0.9988
vn 0.0299 -0.7929 -0.6087
vn 0.0246 0.8656 -0.5002
vn 0.0486 0.1304 -0.9903
vn 0.0347 -0.7066 -0.7068
vn 0.0188 0.9235 -0.3831
vn -0.0000 -0.9657 -0.2598
vn -0.0000 -0.9235 -0.3836
vn -0.0000 0.6083 -0.7937
vn 0.0000 0.7066 -0.7076
vn 0.0000 -0.2586 -0.9660
vn 0.0000 -0.1304 -0.9915
vn -0.0000 -0.8656 -0.5008
vn 0.0000 0.7929 -0.6094
vn 0.0000 0.0000 -1.0000
vn -0.0000 -0.7929 -0.6094
vn 0.0000 0.8656 -0.5008
vn 0.0000 0.1304 -0.9915
vn -0.0000 -0.7066 -0.7076
vn 0.0000 0.9235 -0.3836
vn 0.0000 0.2586 -0.9660
vn -0.0000 -0.6083 -0.7937
vn 0.0000 0.9657 -0.2598
vn 0.0000 0.3823 -0.9240
vn -0.0000 -0.4996 -0.8663
vn 0.0000 0.9913 -0.1315
vn 0.0000 -0.9913 -0.1315
vn 0.0000 0.4996 -0.8663
vn 0.0000 -0.3823 -0.9240
vn -0.0491 0.0000 -0.9988
vn -0.0487 0.1304 -0.9903
vn -0.0299 -0.7929 -0.6087
vn -0.0347 -0.7066 -0.7068
vn -0.0246 0.8656 -0.5002
vn -0.0188 0.9235 -0.3831
vn -0.0474 0.2586 -0.9648
vn -0.0389 -0.6083 -0.7928
vn -0.0128 0.9657 -0.2595
vn -0.0453 0.3823 -0.9229
vn -0.0425 -0.4996 -0.8652
vn -0.0065 0.9913 -0.1314
vn -0.0065 -0.9913 -0.1314
vn -0.0425 0.4996 -0.8652
vn -0.0453 -0.3823 -0.9229
vn -0.0127 -0.9657 -0.2595
vn -0.0389 0.6083 -0.7928
vn -0.0474 -0.2586 -0.9648
vn -0.0188 -0.9235 -0.3831
vn -0.0347 0.7066 -0.7068
vn -0.0487 -0.1304 -0.9903
vn -0.0246 -0.8656 -0.5002
vn -0.0299 0.7929 -0.6087
vn -0.0129 -0.9913 -0.1309
vn -0.0906 0.3823 -0.9196
vn -0.0849 0.4996 -0.8621
vn -0.0849 -0.4996 -0.8621
vn -0.0906 -0.3823 -0.9196
vn -0.0129 0.9913 -0.1309
vn -0.0255 -0.9657 -0.2585
vn -0.0778 0.6083 -0.7899
vn -0.0947 -0.2586 -0.9613
vn -0.0376 -0.9235 -0.3817
vn -0.0694 0.7066 -0.7042
vn -0.0972 -0.1304 -0.9867
vn -0.0491 -0.8656 -0.4984
vn -0.0597 0.7929 -0.6065
vn -0.0980 0.0000 -0.9952
vn -0.0597 -0.7929 -0.6065
vn -0.0491 0.8656 -0.4984
vn -0.0972 0.1304 -0.9867
vn -0.0694 -0.7066 -0.7042
vn -0.0376 0.9235 -0.3817
vn -0.0947 0.2586 -0.9613
vn -0.0778 -0.6083 -0.7899
vn -0.0255 0.9657 -0.2585
vn -0.0563 -0.9235 -0.3794
vn -0.0735 -0.8656 -0.4953
vn -0.1038 0.7066 -0.7000
vn -0.0894 0.7929 -0.6028
vn -0.1455 -0.1304 -0.9807
vn -0.1467 0.0000 -0.9892
vn -0.0894 -0.7929 -0.6028
vn -0.0735 0.8656 -0.4953
vn -0.1455 0.1304 -0.9807
vn -0.1038 -0.7066 -0.7000
vn -0.0563 0.9235 -0.3794
vn -0.1417 0.2586 -0.9555
vn -0.1165 -0.6083 -0.7851
vn -0.0381 0.9657 -0.2570
vn -0.1356 0.3823 -0.9140
vn -0.1271 -0.4996 -0.8569
vn -0.0193 0.9913 -0.1301
vn -0.0193 -0.9913 -0.1301
vn -0.1271 0.4996 -0.8569
vn -0.1356 -0.3823 -0.9140
vn -0.0381 -0.9657 -0.2570
vn -0.1165 0.6083 -0.7851
vn -0.1417 -0.2586 -0.9555
vn -0.1934 0.1304 -0.9724
vn -0.1885 0.2586 -0.9474
vn -0.1381 -0.7066 -0.6940
vn -0.1549 -0.6083 -0.7785
vn -0.1381 0.7066 -0.6940
vn -0.1189 0.7929 -0.5977
vn -0.1803 0.3823 -0.9063
vn -0.1690 -0.4996 -0.8496
vn -0.0257 -0.9913 -0.1290
vn -0.0977 0.8656 -0.4911
vn -0.1690 0.4996 -0.8496
vn -0.1803 -0.3823 -0.9063
vn -0.0507 -0.9657 -0.2548
vn -0.0748 0.9235 -0.3762
vn -0.1548 0.6083 -0.7785
vn -0.1885 -0.2586 -0.9474
vn -0.0748 -0.9235 -0.3762
vn -0.0507 0.9657 -0.2548
vn -0.1934 -0.1304 -0.9724
vn -0.0977 -0.8656 -0.4911
vn -0.0257 0.9913 -0.1290
vn -0.1951 0.0000 -0.9808
vn -0.1189 -0.7929 -0.5977
vn -0.1481 -0.7929 -0.5911
vn -0.1719 -0.7066 -0.6864
vn -0.1217 0.8656 -0.4858
vn -0.0932 0.9235 -0.3721
vn -0.2409 0.1304 -0.9618
vn -0.2347 0.2586 -0.9370
vn -0.1929 -0.6083 -0.7699
vn -0.0631 0.9657 -0.2520
vn -0.2245 0.3823 -0.8963
vn -0.2105 -0.4996 -0.8403
vn -0.0320 0.9913 -0.1276
vn -0.0320 -0.9913 -0.1276
vn -0.2105 0.4996 -0.8403
vn -0.2245 -0.3823 -0.8963
vn -0.0631 -0.9657 -0.2520
vn -0.1929 0.6083 -0.7699
vn -0.2347 -0.2586 -0.9370
vn -0.0932 -0.9235 -0.3721
vn -0.1719 0.7066 -0.6864
vn -0.2409 -0.1304 -0.9617
vn -0.1217 -0.8656 -0.4858
vn -0.1481 0.7929 -0.5911
vn -0.2430 0.0000 -0.9700
vn -0.2515 -0.4996 -0.8290
vn -0.2682 -0.3823 -0.8842
vn -0.0382 0.9913 -0.1259
vn -0.0382 -0.9913 -0.1259
vn -0.0754 -0.9657 -0.2486
vn -0.2515 0.4996 -0.8290
vn -0.2304 0.6083 -0.7596
vn -0.2804 -0.2586 -0.9244
vn -0.1113 -0.9235 -0.3670
vn -0.2054 0.7066 -0.6771
vn -0.2878 -0.1304 -0.9488
vn -0.1454 -0.8656 -0.4792
vn -0.1769 0.7929 -0.5832
vn -0.2903 0.0000 -0.9569
vn -0.1769 -0.7929 -0.5832
vn -0.1454 0.8656 -0.4792
vn -0.2878 0.1304 -0.9488
vn -0.2054 -0.7066 -0.6771
vn -0.1113 0.9235 -0.3670
vn -0.2804 0.2586 -0.9244
vn -0.2304 -0.6083 -0.7596
vn -0.0754 0.9657 -0.2486
vn -0.2682 0.3823 -0.8842
vn -0.2384 0.7066 -0.6663
vn -0.2053 0.7929 -0.5738
vn -0.3340 -0.1304 -0.9335
vn -0.3369 0.0000 -0.9415
vn -0.1687 -0.8656 -0.4715
vn -0.2053 -0.7929 -0.5738
vn -0.1687 0.8656 -0.4715
vn -0.3340 0.1304 -0.9335
vn -0.2384 -0.7066 -0.6663
vn -0.1292 0.9235 -0.3611
vn -0.3254 0.2586 -0.9095
vn -0.2674 -0.6083 -0.7473
vn -0.0875 0.9657 -0.2446
vn -0.3113 0.3823 -0.8700
vn -0.2918 -0.4996 -0.8156
vn -0.0443 0.9913 -0.1238
vn -0.0443 -0.9913 -0.1238
vn -0.2918 0.4996 -0.8156
vn -0.3113 -0.3823 -0.8700
vn -0.0875 -0.9657 -0.2446
vn -0.2674 0.6083 -0.7473
vn -0.3254 -0.2586 -0.9095
vn -0.1292 -0.9235 -0.3611
vn -0.2708 -0.7066 -0.6538
vn -0.3037 -0.6083 -0.7333
vn -0.1468 0.9235 -0.3544
vn -0.0994 0.9657 -0.2400
vn -0.3697 0.2586 -0.8925
vn -0.3536 0.3823 -0.8537
vn -0.3315 -0.4996 -0.8003
vn -0.0503 0.9913 -0.1215
vn -0.0503 -0.9913 -0.1215
vn -0.3315 0.4996 -0.8003
vn -0.3536 -0.3823 -0.8537
vn -0.0994 -0.9657 -0.2400
vn -0.3037 0.6083 -0.7333
vn -0.3697 -0.2586 -0.8925
vn -0.1468 -0.9235 -0.3544
vn -0.2708 0.7066 -0.6538
vn -0.3794 -0.1304 -0.9160
vn -0.1916 -0.8656 -0.4626
vn -0.2332 0.7929 -0.5630
vn -0.3827 0.0000 -0.9239
vn -0.2332 -0.7929 -0.5630
vn -0.1916 0.8656 -0.4626
vn -0.3794 0.1304 -0.9160
vn -0.3951 -0.3823 -0.8353
vn -0.4130 -0.2586 -0.8732
vn -0.1111 -0.9657 -0.2348
vn -0.1640 -0.9235 -0.3467
vn -0.3394 0.6083 -0.7175
vn -0.3025 0.7066 -0.6397
vn -0.4239 -0.1304 -0.8963
vn -0.2141 -0.8656 -0.4527
vn -0.2606 0.7929 -0.5509
vn -0.4276 0.0000 -0.9040
vn -0.2606 -0.7929 -0.5509
vn -0.2141 0.8656 -0.4527
vn -0.4239 0.1304 -0.8963
vn -0.3025 -0.7066 -0.6397
vn -0.1640 0.9235 -0.3467
vn -0.4130 0.2586 -0.8733
vn -0.3394 -0.6083 -0.7175
vn -0.1111 0.9657 -0.2348
vn -0.3951 0.3823 -0.8353
vn -0.3704 -0.4996 -0.7831
vn -0.0562 0.9913 -0.1189
vn -0.0562 -0.9913 -0.1189
vn -0.3704 0.4996 -0.7831
vn -0.2873 0.7929 -0.5374
vn -0.2361 0.8656 -0.4416
vn -0.4714 0.0000 -0.8819
vn -0.4674 0.1304 -0.8744
vn -0.2873 -0.7929 -0.5374
vn -0.3336 -0.7066 -0.6241
vn -0.1808 0.9235 -0.3383
vn -0.4554 0.2586 -0.8519
vn -0.3742 -0.6083 -0.7000
vn -0.1225 0.9657 -0.2291
vn -0.4356 0.3823 -0.8149
vn -0.4084 -0.4996 -0.7640
vn -0.0620 0.9913 -0.1160
vn -0.0620 -0.9913 -0.1160
vn -0.4084 0.4996 -0.7640
vn -0.4356 -0.3823 -0.8149
vn -0.1225 -0.9657 -0.2291
vn -0.3742 0.6083 -0.7000
vn -0.4554 -0.2586 -0.8519
vn -0.1808 -0.9235 -0.3383
vn -0.3336 0.7066 -0.6241
vn -0.4674 -0.1304 -0.8744
vn -0.2361 -0.8656 -0.4416
vn -0.4081 -0.6083 -0.6808
vn -0.4454 -0.4996 -0.7430
vn -0.1336 0.9657 -0.2228
vn -0.0676 0.9913 -0.1128
vn -0.0676 -0.9913 -0.1128
vn -0.4751 0.3823 -0.7926
vn -0.4454 0.4996 -0.7430
vn -0.4750 -0.3823 -0.7926
vn -0.1335 -0.9657 -0.2228
vn -0.4081 0.6083 -0.6808
vn -0.4966 -0.2586 -0.8286
vn -0.1972 -0.9235 -0.3290
vn -0.3638 0.7066 -0.6069
vn -0.5097 -0.1304 -0.8504
vn -0.2574 -0.8656 -0.4295
vn -0.3133 0.7929 -0.5227
vn -0.5141 0.0000 -0.8577
vn -0.3133 -0.7929 -0.5227
vn -0.2574 0.8656 -0.4295
vn -0.5097 0.1304 -0.8504
vn -0.3638 -0.7066 -0.6069
vn -0.1972 0.9235 -0.3290
vn -0.4966 0.2586 -0.8286
vn -0.5367 -0.2586 -0.8032
vn -0.5508 -0.1304 -0.8244
vn -0.2131 -0.9235 -0.3189
vn -0.2782 -0.8656 -0.4164
vn -0.3931 0.7066 -0.5884
vn -0.3386 0.7929 -0.5067
vn -0.5556 -0.0000 -0.8315
vn -0.3386 -0.7929 -0.5067
vn -0.2782 0.8656 -0.4164
vn -0.5508 0.1304 -0.8244
vn -0.3931 -0.7066 -0.5884
vn -0.2131 0.9235 -0.3189
vn -0.5367 0.2586 -0.8032
vn -0.4410 -0.6083 -0.6600
vn -0.1443 0.9657 -0.2160
vn -0.5134 0.3823 -0.7683
vn -0.4813 -0.4996 -0.7203
vn -0.0731 0.9913 -0.1094
vn -0.0731 -0.9913 -0.1094
vn -0.4813 0.4996 -0.7203
vn -0.5134 -0.3823 -0.7683
vn -0.1443 -0.9657 -0.2160
vn -0.4410 0.6083 -0.6600
vn -0.2983 0.8656 -0.4022
vn -0.2285 0.9235 -0.3081
vn -0.5906 0.1304 -0.7963
vn -0.5754 0.2586 -0.7759
vn -0.4215 -0.7066 -0.5684
vn -0.4728 -0.6083 -0.6375
vn -0.1547 0.9657 -0.2087
vn -0.5504 0.3823 -0.7422
vn -0.5160 -0.4996 -0.6958
vn -0.0783 0.9913 -0.1056
vn -0.0784 -0.9913 -0.1056
vn -0.5160 0.4996 -0.6958
vn -0.5504 -0.3823 -0.7422
vn -0.1547 -0.9657 -0.2087
vn -0.4728 0.6083 -0.6375
vn -0.5754 -0.2586 -0.7759
vn -0.2285 -0.9235 -0.3081
vn -0.4215 0.7066 -0.5684
vn -0.5906 -0.1304 -0.7963
vn -0.2983 -0.8656 -0.4022
vn -0.3630 0.7929 -0.4895
vn -0.5957 0.0000 -0.8032
vn -0.3630 -0.7929 -0.4895
vn -0.5496 -0.4996 -0.6696
vn -0.5862 -0.3823 -0.7143
vn -0.0834 0.9913 -0.1017
vn -0.0834 -0.9913 -0.1017
vn -0.1648 -0.9657 -0.2008
vn -0.5496 0.4996 -0.6696
vn -0.5035 0.6083 -0.6136
vn -0.6128 -0.2586 -0.7467
vn -0.2433 -0.9235 -0.2965
vn -0.4489 0.7066 -0.5470
vn -0.6290 -0.1304 -0.7664
vn -0.3177 -0.8656 -0.3871
vn -0.3866 0.7929 -0.4711
vn -0.6344 -0.0000 -0.7730
vn -0.3866 -0.7929 -0.4711
vn -0.3177 0.8656 -0.3871
vn -0.6290 0.1304 -0.7664
vn -0.4489 -0.7066 -0.5470
vn -0.2433 0.9235 -0.2965
vn -0.6128 0.2586 -0.7467
vn -0.5035 -0.6083 -0.6136
vn -0.1648 0.9657 -0.2008
vn -0.5862 0.3823 -0.7143
vn -0.6658 -0.1304 -0.7346
vn -0.6716 -0.0000 -0.7410
vn -0.3363 -0.8656 -0.3710
vn -0.4092 -0.7929 -0.4515
vn -0.4093 0.7929 -0.4515
vn -0.3363 0.8656 -0.3710
vn -0.6658 0.1304 -0.7346
vn -0.4752 -0.7066 -0.5243
vn -0.2576 0.9235 -0.2842
vn -0.6487 0.2586 -0.7158
vn -0.5330 -0.6083 -0.5881
vn -0.1745 0.9657 -0.1925
vn -0.6205 0.3823 -0.6847
vn -0.5818 -0.4996 -0.6419
vn -0.0883 0.9913 -0.0975
vn -0.0883 -0.9913 -0.0975
vn -0.5818 0.4996 -0.6419
vn -0.6205 -0.3823 -0.6847
vn -0.1745 -0.9657 -0.1925
vn -0.5330 0.6083 -0.5881
vn -0.6487 -0.2586 -0.7158
vn -0.2576 -0.9235 -0.2842
vn -0.4752 0.7066 -0.5243
vn -0.2712 0.9235 -0.2712
vn -0.1837 0.9657 -0.1837
vn -0.6831 0.2586 -0.6831
vn -0.6534 0.3823 -0.6534
vn -0.5613 -0.6083 -0.5612
vn -0.6126 -0.4996 -0.6126
vn -0.0930 0.9913 -0.0930
vn -0.0930 -0.9913 -0.0930
vn -0.6126 0.4996 -0.6126
vn -0.6534 -0.3823 -0.6534
vn -0.1837 -0.9657 -0.1837
vn -0.5612 0.6083 -0.5613
vn -0.6831 -0.2586 -0.6831
vn -0.2712 -0.9235 -0.2712
vn -0.5004 0.7066 -0.5004
vn -0.7011 -0.1304 -0.7011
vn -0.3541 -0.8656 -0.3541
vn -0.4309 0.7929 -0.4309
vn -0.7071 -0.0000 -0.7071
vn -0.4309 -0.7929 -0.4309
vn -0.3541 0.8656 -0.3541
vn -0.7011 0.1304 -0.7011
vn -0.5004 -0.7066 -0.5004
vn -0.6847 -0.3823 -0.6205
vn -0.7158 -0.2586 -0.6487
vn -0.1925 -0.9657 -0.1745
vn -0.2842 -0.9235 -0.2576
vn -0.5881 0.6083 -0.5330
vn -0.5243 0.7066 -0.4752
vn -0.7346 -0.1304 -0.6658
vn -0.3710 -0.8656 -0.3363
vn -0.4515 0.7929 -0.4093
vn -0.7410 0.0000 -0.6716
vn -0.4515 -0.7929 -0.4092
vn -0.3710 0.8656 -0.3363
vn -0.7346 0.1304 -0.6658
vn -0.5243 -0.7066 -0.4752
vn -0.2842 0.9235 -0.2576
vn -0.7158 0.2586 -0.6487
vn -0.5881 -0.6083 -0.5330
vn -0.1925 0.9657 -0.1745
vn -0.6847 0.3823 -0.6205
vn -0.6419 -0.4996 -0.5818
vn -0.0975 0.9913 -0.0883
vn -0.0975 -0.9913 -0.0883
vn -0.6419 0.4996 -0.5818
vn -0.7730 -0.0000 -0.6344
vn -0.7664 0.1304 -0.6290
vn -0.4711 -0.7929 -0.3866
vn -0.5470 -0.7066 -0.4489
vn -0.3871 0.8656 -0.3177
vn -0.2965 0.9235 -0.2433
vn -0.7467 0.2586 -0.6128
vn -0.6136 -0.6083 -0.5035
vn -0.2008 0.9657 -0.1648
vn -0.7143 0.3823 -0.5862
vn -0.6696 -0.4996 -0.5496
vn -0.1017 0.9913 -0.0834
vn -0.1017 -0.9913 -0.0834
vn -0.6696 0.4996 -0.5496
vn -0.7143 -0.3823 -0.5862
vn -0.2008 -0.9657 -0.1648
vn -0.6136 0.6083 -0.5035
vn -0.7467 -0.2586 -0.6128
vn -0.2965 -0.9235 -0.2433
vn -0.5470 0.7066 -0.4489
vn -0.7664 -0.1304 -0.6290
vn -0.3871 -0.8656 -0.3177
vn -0.4711 0.7929 -0.3866
vn -0.2087 0.9657 -0.1547
vn -0.1056 0.9913 -0.0784
vn -0.1056 -0.9913 -0.0784
vn -0.7422 0.3823 -0.5504
vn -0.6958 0.4996 -0.5160
vn -0.6958 -0.4996 -0.5160
vn -0.7422 -0.3823 -0.5504
vn -0.2086 -0.9657 -0.1547
vn -0.6375 0.6083 -0.4728
vn -0.7759 -0.2586 -0.5754
vn -0.3081 -0.9235 -0.2285
vn -0.5684 0.7066 -0.4215
vn -0.7964 -0.1304 -0.5906
vn -0.4022 -0.8656 -0.2983
vn -0.4895 0.7929 -0.3630
vn -0.8032 -0.0000 -0.5957
vn -0.4895 -0.7929 -0.3630
vn -0.4022 0.8656 -0.2983
vn -0.7963 0.1304 -0.5906
vn -0.5684 -0.7066 -0.4215
vn -0.3081 0.9235 -0.2285
vn -0.7759 0.2586 -0.5754
vn -0.6375 -0.6083 -0.4728
vn -0.8032 -0.2586 -0.5367
vn -0.8244 -0.1304 -0.5508
vn -0.3189 -0.9235 -0.2131
vn -0.4164 -0.8656 -0.2782
vn -0.5884 0.7066 -0.3931
vn -0.5067 0.7929 -0.3386
vn -0.8315 -0.0000 -0.5556
vn -0.5067 -0.7929 -0.3386
vn -0.4164 0.8656 -0.2782
vn -0.8244 0.1304 -0.5508
vn -0.5884 -0.7066 -0.3931
vn -0.3189 0.9235 -0.2131
vn -0.8032 0.2586 -0.5367
vn -0.6600 -0.6083 -0.4410
vn -0.2160 0.9657 -0.1443
vn -0.7683 0.3823 -0.5134
vn -0.7203 -0.4996 -0.4813
vn -0.1094 0.9913 -0.0731
vn -0.1094 -0.9913 -0.0731
vn -0.7203 0.4996 -0.4813
vn -0.7683 -0.3823 -0.5134
vn -0.2160 -0.9657 -0.1443
vn -0.6600 0.6083 -0.4410
vn -0.8504 0.1304 -0.5097
vn -0.8286 0.2586 -0.4966
vn -0.6069 -0.7066 -0.3638
vn -0.6808 -0.6083 -0.4081
vn -0.3290 0.9235 -0.1972
vn -0.2228 0.9657 -0.1335
vn -0.7926 0.3823 -0.4750
vn -0.7430 -0.4996 -0.4454
vn -0.1128 0.9913 -0.0676
vn -0.1128 -0.9913 -0.0676
vn -0.7430 0.4996 -0.4454
vn -0.7926 -0.3823 -0.4750
vn -0.2228 -0.9657 -0.1336
vn -0.6808 0.6083 -0.4081
vn -0.8286 -0.2586 -0.4966
vn -0.3290 -0.9235 -0.1972
vn -0.6069 0.7066 -0.3638
vn -0.8504 -0.1304 -0.5097
vn -0.4295 -0.8656 -0.2574
vn -0.5227 0.7929 -0.3133
vn -0.8577 -0.0000 -0.5141
vn -0.5227 -0.7929 -0.3133
vn -0.4295 0.8656 -0.2574
vn -0.1160 0.9913 -0.0620
vn -0.1160 -0.9913 -0.0620
vn -0.2291 -0.9657 -0.1225
vn -0.7640 0.4996 -0.4084
vn -0.7000 0.6083 -0.3742
vn -0.8149 -0.3823 -0.4356
vn -0.8519 -0.2586 -0.4554
vn -0.3383 -0.9235 -0.1808
vn -0.6241 0.7066 -0.3336
vn -0.8744 -0.1304 -0.4674
vn -0.4416 -0.8656 -0.2361
vn -0.5374 0.7929 -0.2873
vn -0.8819 -0.0000 -0.4714
vn -0.5374 -0.7929 -0.2873
vn -0.4416 0.8656 -0.2361
vn -0.8744 0.1304 -0.4674
vn -0.6241 -0.7066 -0.3336
vn -0.3383 0.9235 -0.1808
vn -0.8519 0.2586 -0.4554
vn -0.7000 -0.6083 -0.3742
vn -0.2291 0.9657 -0.1225
vn -0.8149 0.3823 -0.4356
vn -0.7640 -0.4996 -0.4084
vn -0.8963 -0.1304 -0.4239
vn -0.9040 -0.0000 -0.4276
vn -0.4527 -0.8656 -0.2141
vn -0.5509 -0.7929 -0.2605
vn -0.5509 0.7929 -0.2605
vn -0.4527 0.8656 -0.2141
vn -0.8963 0.1304 -0.4239
vn -0.6397 -0.7066 -0.3025
vn -0.3467 0.9235 -0.1640
vn -0.8732 0.2586 -0.4130
vn -0.7175 -0.6083 -0.3394
vn -0.2348 0.9657 -0.1111
vn -0.8353 0.3823 -0.3951
vn -0.7831 -0.4996 -0.3704
vn -0.1189 0.9913 -0.0562
vn -0.1189 -0.9913 -0.0562
vn -0.7831 0.4996 -0.3704
vn -0.8353 -0.3823 -0.3951
vn -0.2348 -0.9657 -0.1111
vn -0.7175 0.6083 -0.3394
vn -0.8732 -0.2586 -0.4130
vn -0.3467 -0.9235 -0.1640
vn -0.6397 0.7066 -0.3025
vn -0.8925 0.2586 -0.3697
vn -0.8537 0.3823 -0.3536
vn -0.7333 -0.6083 -0.3037
vn -0.8003 -0.4996 -0.3315
vn -0.2400 0.9657 -0.0994
vn -0.1215 0.9913 -0.0503
vn -0.1215 -0.9913 -0.0503
vn -0.8003 0.4996 -0.3315
vn -0.8537 -0.3823 -0.3536
vn -0.2400 -0.9657 -0.0994
vn -0.7333 0.6083 -0.3037
vn -0.8925 -0.2586 -0.3697
vn -0.3544 -0.9235 -0.1468
vn -0.6538 0.7066 -0.2708
vn -0.9160 -0.1304 -0.3794
vn -0.4626 -0.8656 -0.1916
vn -0.5630 0.7929 -0.2332
vn -0.9239 -0.0000 -0.3827
vn -0.5630 -0.7929 -0.2332
vn -0.4626 0.8656 -0.1916
vn -0.9160 0.1304 -0.3794
vn -0.6538 -0.7066 -0.2708
vn -0.3544 0.9235 -0.1468
vn -0.2446 -0.9657 -0.0875
vn -0.3611 -0.9235 -0.1292
vn -0.7473 0.6083 -0.2674
vn -0.6663 0.7066 -0.2384
vn -0.9095 -0.2586 -0.3254
vn -0.9335 -0.1304 -0.3340
vn -0.4715 -0.8656 -0.1687
vn -0.5738 0.7929 -0.2053
vn -0.9415 -0.0000 -0.3369
vn -0.5738 -0.7929 -0.2053
vn -0.4715 0.8656 -0.1687
vn -0.9335 0.1304 -0.3340
vn -0.6663 -0.7066 -0.2384
vn -0.3611 0.9235 -0.1292
vn -0.9095 0.2586 -0.3254
vn -0.7473 -0.6083 -0.2674
vn -0.2446 0.9657 -0.0875
vn -0.8700 0.3823 -0.3113
vn -0.8156 -0.4996 -0.2918
vn -0.1238 0.9913 -0.0443
vn -0.1238 -0.9913 -0.0443
vn -0.8156 0.4996 -0.2918
vn -0.8700 -0.3823 -0.3113
vn -0.9569 -0.0000 -0.2903
vn -0.9488 0.1304 -0.2878
vn -0.5832 -0.7929 -0.1769
vn -0.6771 -0.7066 -0.2054
vn -0.4792 0.8656 -0.1454
vn -0.3670 0.9235 -0.1113
vn -0.9244 0.2586 -0.2804
vn -0.7596 -0.6083 -0.2304
vn -0.2486 0.9657 -0.0754
vn -0.8842 0.3823 -0.2682
vn -0.8290 -0.4996 -0.2515
vn -0.1259 0.9913 -0.0382
vn -0.1259 -0.9913 -0.0382
vn -0.8290 0.4996 -0.2515
vn -0.8842 -0.3823 -0.2682
vn -0.2486 -0.9657 -0.0754
vn -0.7596 0.6083 -0.2304
vn -0.9244 -0.2586 -0.2804
vn -0.3670 -0.9235 -0.1113
vn -0.6771 0.7066 -0.2054
vn -0.9488 -0.1304 -0.2878
vn -0.4792 -0.8656 -0.1454
vn -0.5832 0.7929 -0.1769
vn -0.1276 -0.9913 -0.0320
vn -0.8963 0.3823 -0.2245
vn -0.8403 0.4996 -0.2105
vn -0.8403 -0.4996 -0.2105
vn -0.8963 -0.3823 -0.2245
vn -0.1276 0.9913 -0.0320
vn -0.2520 -0.9657 -0.0631
vn -0.7699 0.6083 -0.1929
vn -0.9370 -0.2586 -0.2347
vn -0.3721 -0.9235 -0.0932
vn -0.6864 0.7066 -0.1719
vn -0.9618 -0.1304 -0.2409
vn -0.4858 -0.8656 -0.1217
vn -0.5911 0.7929 -0.1481
vn -0.9700 -0.0000 -0.2430
vn -0.5911 -0.7929 -0.1481
vn -0.4858 0.8656 -0.1217
vn -0.9618 0.1304 -0.2409
vn -0.6864 -0.7066 -0.1719
vn -0.3721 0.9235 -0.0932
vn -0.9370 0.2586 -0.2347
vn -0.7699 -0.6083 -0.1929
vn -0.2520 0.9657 -0.0631
vn -0.3762 -0.9235 -0.0748
vn -0.4911 -0.8656 -0.0977
vn -0.6940 0.7066 -0.1380
vn -0.5977 0.7929 -0.1189
vn -0.9724 -0.1304 -0.1934
vn -0.9808 -0.0000 -0.1951
vn -0.5977 -0.7929 -0.1189
vn -0.4911 0.8656 -0.0977
vn -0.9724 0.1304 -0.1934
vn -0.6940 -0.7066 -0.1380
vn -0.3762 0.9235 -0.0748
vn -0.9474 0.2586 -0.1885
vn -0.7785 -0.6083 -0.1548
vn -0.2548 0.9657 -0.0507
vn -0.9063 0.3823 -0.1803
vn -0.8496 -0.4996 -0.1690
vn -0.1290 0.9913 -0.0257
vn -0.1290 -0.9913 -0.0257
vn -0.8496 0.4996 -0.1690
vn -0.9063 -0.3823 -0.1803
vn -0.2548 -0.9657 -0.0507
vn -0.7785 0.6083 -0.1548
vn -0.9474 -0.2586 -0.1885
vn -0.9807 0.1304 -0.1455
vn -0.9555 0.2586 -0.1417
vn -0.7000 -0.7066 -0.1038
vn -0.7851 -0.6083 -0.1165
vn -0.3794 0.9235 -0.0563
vn -0.2570 0.9657 -0.0381
vn -0.9140 0.3823 -0.1356
vn -0.8569 -0.4996 -0.1271
vn -0.1301 0.9913 -0.0193
vn -0.1301 -0.9913 -0.0193
vn -0.8569 0.4996 -0.1271
vn -0.9140 -0.3823 -0.1356
vn -0.2570 -0.9657 -0.0381
vn -0.7851 0.6083 -0.1165
vn -0.9555 -0.2586 -0.1417
vn -0.3794 -0.9235 -0.0563
vn -0.7000 0.7066 -0.1038
vn -0.9807 -0.1304 -0.1455
vn -0.4953 -0.8656 -0.0735
vn -0.6028 0.7929 -0.0894
vn -0.9892 -0.0000 -0.1467
vn -0.6028 -0.7929 -0.0894
vn -0.4953 0.8656 -0.0735
vn -0.1309 -0.9913 -0.0129
vn -0.2585 -0.9657 -0.0255
vn -0.8621 0.4996 -0.0849
vn -0.7899 0.6083 -0.0778
vn -0.9196 -0.3823 -0.0906
vn -0.9613 -0.2586 -0.0947
vn -0.3817 -0.9235 -0.0376
vn -0.7042 0.7066 -0.0694
vn -0.9867 -0.1304 -0.0972
vn -0.4984 -0.8656 -0.0491
vn -0.6065 0.7929 -0.0597
vn -0.9952 -0.0000 -0.0980
vn -0.6065 -0.7929 -0.0597
vn -0.4984 0.8656 -0.0491
vn -0.9867 0.1304 -0.0972
vn -0.7042 -0.7066 -0.0694
vn -0.3817 0.9235 -0.0376
vn -0.9613 0.2586 -0.0947
vn -0.7899 -0.6083 -0.0778
vn -0.2585 0.9657 -0.0255
vn -0.9196 0.3823 -0.0906
vn -0.8621 -0.4996 -0.0849
vn -0.1309 0.9913 -0.0129
vn -0.5002 -0.8656 -0.0246
vn -0.6087 -0.7929 -0.0299
vn -0.6087 0.7929 -0.0299
vn -0.5002 0.8656 -0.0246
vn -0.9988 -0.0000 -0.0491
vn -0.9903 0.1304 -0.0486
vn -0.7068 -0.7066 -0.0347
vn -0.3831 0.9235 -0.0188
vn -0.9648 0.2586 -0.0474
vn -0.7928 -0.6083 -0.0389
vn -0.2595 0.9657 -0.0127
vn -0.9229 0.3823 -0.0453
vn -0.8652 -0.4996 -0.0425
vn -0.1314 0.9913 -0.0065
vn -0.1314 -0.9913 -0.0065
vn -0.8652 0.4996 -0.0425
vn -0.9229 -0.3823 -0.0453
vn -0.2595 -0.9657 -0.0128
vn -0.7928 0.6083 -0.0389
vn -0.9648 -0.2586 -0.0474
vn -0.3831 -0.9235 -0.0188
vn -0.7068 0.7066 -0.0347
vn -0.9903 -0.1304 -0.0486
vn -0.9660 0.2586 -0.0000
vn -0.9240 0.3823 -0.0000
vn -0.7937 -0.6083 -0.0000
vn -0.8663 -0.4996 -0.0000
vn -0.2598 0.9657 -0.0000
vn -0.1315 0.9913 -0.0000
vn -0.1315 -0.9913 0.0000
vn -0.8663 0.4996 0.0000
vn -0.9240 -0.3823 -0.0000
vn -0.2598 -0.9657 0.0000
vn -0.7937 0.6083 0.0000
vn -0.9660 -0.2586 -0.0000
vn -0.3836 -0.9235 0.0000
vn -0.7076 0.7066 0.0000
vn -0.9915 -0.1304 -0.0000
vn -0.5008 -0.8656 0.0000
vn -0.6094 0.7929 -0.0000
vn -1.0000 -0.0000 -0.0000
vn -0.6094 -0.7929 0.0000
vn -0.5008 0.8656 -0.0000
vn -0.9915 0.1304 0.0000
vn -0.7076 -0.7066 0.0000
vn -0.3836 0.9235 -0.0000
vn -0.2595 -0.9657 0.0128
vn -0.3831 -0.9235 0.0188
vn -0.7928 0.6083 0.0389
vn -0.7068 0.7066 0.0347
vn -0.9648 -0.2586 0.0474
vn -0.9903 -0.1304 0.0486
vn -0.5002 -0.8656 0.0246
vn -0.6087 0.7929 0.0299
vn -0.9988 -0.0000 0.0491
vn -0.6087 -0.7929 0.0299
vn -0.5002 0.8656 0.0246
vn -0.9903 0.1304 0.0486
vn -0.7068 -0.7066 0.0347
vn -0.3831 0.9235 0.0188
vn -0.9648 0.2586 0.0474
vn -0.7928 -0.6083 0.0389
vn -0.2595 0.9657 0.0127
vn -0.9229 0.3823 0.0453
vn -0.8652 -0.4996 0.0425
vn -0.1314 0.9913 0.0065
vn -0.1314 -0.9913 0.0065
vn -0.8652 0.4996 0.0425
vn -0.9229 -0.3823 0.0453
vn -0.6065 -0.7929 0.0597
vn -0.7042 -0.7066 0.0694
vn -0.4984 0.8656 0.0491
vn -0.3817 0.9235 0.0376
vn -0.9867 0.1304 0.0972
vn -0.9613 0.2586 0.0947
vn -0.7899 -0.6083 0.0778
vn -0.2585 0.9657 0.0255
vn -0.9196 0.3823 0.0906
vn -0.8621 -0.4996 0.0849
vn -0.1309 0.9913 0.0129
vn -0.1309 -0.9913 0.0129
vn -0.8621 0.4996 0.0849
vn -0.9196 -0.3823 0.0906
vn -0.2585 -0.9657 0.0255
vn -0.7899 0.6083 0.0778
vn -0.9613 -0.2586 0.0947
vn -0.3817 -0.9235 0.0376
vn -0.7042 0.7066 0.0694
vn -0.9867 -0.1304 0.0972
vn -0.4984 -0.8656 0.0491
vn -0.6065 0.7929 0.0597
vn -0.9952 -0.0000 0.0980
vn -0.9140 0.3823 0.1356
vn -0.8569 0.4996 0.1271
vn -0.8569 -0.4996 0.1271
vn -0.9140 -0.3823 0.1356
vn -0.1301 0.9913 0.0193
vn -0.1301 -0.9913 0.0193
vn -0.2570 -0.9657 0.0381
vn -0.7851 0.6083 0.1165
vn -0.9555 -0.2586 0.1417
vn -0.3794 -0.9235 0.0563
vn -0.7000 0.7066 0.1038
vn -0.9807 -0.1304 0.1455
vn -0.4953 -0.8656 0.0735
vn -0.6028 0.7929 0.0894
vn -0.9892 0.0000 0.1467
vn -0.6028 -0.7929 0.0894
vn -0.4953 0.8656 0.0735
vn -0.9807 0.1304 0.1455
vn -0.7000 -0.7066 0.1038
vn -0.3794 0.9235 0.0563
vn -0.9555 0.2586 0.1417
vn -0.7851 -0.6083 0.1165
vn -0.2570 0.9657 0.0381
vn -0.3762 -0.9235 0.0748
vn -0.4911 -0.8656 0.0977
vn -0.6940 0.7066 0.1381
vn -0.5977 0.7929 0.1189
vn -0.9724 -0.1304 0.1934
vn -0.9808 0.0000 0.1951
vn -0.5977 -0.7929 0.1189
vn -0.4911 0.8656 0.0977
vn -0.9724 0.1304 0.1934
vn -0.6940 -0.7066 0.1380
vn -0.3762 0.9235 0.0748
vn -0.9474 0.2586 0.1885
vn -0.7785 -0.6083 0.1549
vn -0.2548 0.9657 0.0507
vn -0.9063 0.3823 0.1803
vn -0.8496 -0.4996 0.1690
vn -0.1290 0.9913 0.0257
vn -0.1290 -0.9913 0.0257
vn -0.8496 0.4996 0.1690
vn -0.9063 -0.3823 0.1803
vn -0.2548 -0.9657 0.0507
vn -0.7785 0.6083 0.1549
vn -0.9474 -0.2586 0.1885
vn -0.6864 -0.7066 0.1719
vn -0.7699 -0.6083 0.1929
vn -0.3721 0.9235 0.0932
vn -0.2520 0.9657 0.0631
vn -0.9370 0.2586 0.2347
vn -0.8963 0.3823 0.2245
vn -0.8403 -0.4996 0.2105
vn -0.1276 0.9913 0.0320
vn -0.1276 -0.9913 0.0320
vn -0.8403 0.4996 0.2105
vn -0.8963 -0.3823 0.2245
vn -0.2520 -0.9657 0.0631
vn -0.7699 0.6083 0.1929
vn -0.9370 -0.2586 0.2347
vn -0.3721 -0.9235 0.0932
vn -0.6864 0.7066 0.1719
vn -0.9618 -0.1304 0.2409
vn -0.4858 -0.8656 0.1217
vn -0.5911 0.7929 0.1481
vn -0.9700 0.0000 0.2430
vn -0.5911 -0.7929 0.1481
vn -0.4858 0.8656 0.1217
vn -0.9618 0.1304 0.2409
vn -0.4792 0.8656 0.1454
vn -0.3670 0.9235 0.1113
vn -0.9488 0.1304 0.2878
vn -0.9244 0.2586 0.2804
vn -0.6771 -0.7066 0.2054
vn -0.7596 -0.6083 0.2304
vn -0.2486 0.9657 0.0754
vn -0.8842 0.3823 0.2682
vn -0.8290 -0.4996 0.2515
vn -0.1259 0.9913 0.0382
vn -0.1259 -0.9913 0.0382
vn -0.8290 0.4996 0.2515
vn -0.8842 -0.3823 0.2682
vn -0.2486 -0.9657 0.0754
vn -0.7596 0.6083 0.2304
vn -0.9244 -0.2586 0.2804
vn -0.3670 -0.9235 0.1113
vn -0.6771 0.7066 0.2054
vn -0.9488 -0.1304 0.2878
vn -0.4792 -0.8656 0.1454
vn -0.5832 0.7929 0.1769
vn -0.9569 0.0000 0.2903
vn -0.5832 -0.7929 0.1769
vn -0.8156 -0.4996 0.2918
vn -0.8700 -0.3823 0.3113
vn -0.1238 0.9913 0.0443
vn -0.1238 -0.9913 0.0443
vn -0.2446 -0.9657 0.0875
vn -0.8156 0.4996 0.2918
vn -0.7473 0.6083 0.2674
vn -0.9095 -0.2586 0.3254
vn -0.3611 -0.9235 0.1292
vn -0.6663 0.7066 0.2384
vn -0.9335 -0.1304 0.3340
vn -0.4715 -0.8656 0.1687
vn -0.5738 0.7929 0.2053
vn -0.9415 0.0000 0.3369
vn -0.5738 -0.7929 0.2053
vn -0.4715 0.8656 0.1687
vn -0.9335 0.1304 0.3340
vn -0.6663 -0.7066 0.2384
vn -0.3611 0.9235 0.1292
vn -0.9095 0.2586 0.3254
vn -0.7473 -0.6083 0.2674
vn -0.2446 0.9657 0.0875
vn -0.8700 0.3823 0.3113
vn -0.9160 -0.1304 0.3794
vn -0.9239 0.0000 0.3827
vn -0.4626 -0.8656 0.1916
vn -0.5630 -0.7929 0.2332
vn -0.5630 0.7929 0.2332
vn -0.4626 0.8656 0.1916
vn -0.9160 0.1304 0.3794
vn -0.6538 -0.7066 0.2708
vn -0.3544 0.9235 0.1468
vn -0.8925 0.2586 0.3697
vn -0.7333 -0.6083 0.3038
vn -0.2400 0.9657 0.0994
vn -0.8537 0.3823 0.3536
vn -0.8003 -0.4996 0.3315
vn -0.1215 0.9913 0.0503
vn -0.1215 -0.9913 0.0503
vn -0.8003 0.4996 0.3315
vn -0.8537 -0.3823 0.3536
vn -0.2400 -0.9657 0.0994
vn -0.7333 0.6083 0.3037
vn -0.8925 -0.2586 0.3697
vn -0.3544 -0.9235 0.1468
vn -0.6538 0.7066 0.2708
vn -0.3467 0.9235 0.1640
vn -0.2348 0.9657 0.1111
vn -0.8732 0.2586 0.4130
vn -0.8353 0.3823 0.3951
vn -0.7175 -0.6083 0.3394
vn -0.7831 -0.4996 0.3704
vn -0.1189 0.9913 0.0562
vn -0.1189 -0.9913 0.0562
vn -0.7831 0.4996 0.3704
vn -0.8353 -0.3823 0.3951
vn -0.2348 -0.9657 0.1111
vn -0.7175 0.6083 0.3394
vn -0.8732 -0.2586 0.4130
vn -0.3467 -0.9235 0.1640
vn -0.6397 0.7066 0.3025
vn -0.8963 -0.1304 0.4239
vn -0.4527 -0.8656 0.2141
vn -0.5509 0.7929 0.2606
vn -0.9040 -0.0000 0.4276
vn -0.5509 -0.7929 0.2606
vn -0.4527 0.8656 0.2141
vn -0.8963 0.1304 0.4239
vn -0.6397 -0.7066 0.3025
vn -0.8149 -0.3823 0.4356
vn -0.8519 -0.2586 0.4554
vn -0.2291 -0.9657 0.1225
vn -0.3383 -0.9235 0.1808
vn -0.7000 0.6083 0.3742
vn -0.6241 0.7066 0.3336
vn -0.8744 -0.1304 0.4674
vn -0.4416 -0.8656 0.2361
vn -0.5374 0.7929 0.2873
vn -0.8819 -0.0000 0.4714
vn -0.5374 -0.7929 0.2873
vn -0.4416 0.8656 0.2361
vn -0.8744 0.1304 0.4674
vn -0.6241 -0.7066 0.3336
vn -0.3383 0.9235 0.1808
vn -0.8519 0.2586 0.4554
vn -0.7000 -0.6083 0.3742
vn -0.2291 0.9657 0.1225
vn -0.8149 0.3823 0.4356
vn -0.7640 -0.4996 0.4084
vn -0.1160 0.9913 0.0620
vn -0.1160 -0.9913 0.0620
vn -0.7640 0.4996 0.4084
vn -0.8577 -0.0000 0.5141
vn -0.8504 0.1304 0.5097
vn -0.5227 -0.7929 0.3133
vn -0.6069 -0.7066 0.3638
vn -0.4295 0.8656 0.2574
vn -0.3290 0.9235 0.1972
vn -0.8286 0.2586 0.4966
vn -0.6808 -0.6083 0.4081
vn -0.2228 0.9657 0.1336
vn -0.7926 0.3823 0.4750
vn -0.7430 -0.4996 0.4454
vn -0.1128 0.9913 0.0676
vn -0.1128 -0.9913 0.0676
vn -0.7430 0.4996 0.4454
vn -0.7926 -0.3823 0.4750
vn -0.2228 -0.9657 0.1336
vn -0.6808 0.6083 0.4081
vn -0.8286 -0.2586 0.4966
vn -0.3290 -0.9235 0.1972
vn -0.6069 0.7066 0.3638
vn -0.8504 -0.1304 0.5097
vn -0.4295 -0.8656 0.2574
vn -0.5227 0.7929 0.3133
vn -0.2160 0.9657 0.1443
vn -0.1094 0.9913 0.0731
vn -0.1094 -0.9913 0.0731
vn -0.7683 0.3823 0.5134
vn -0.7203 0.4996 0.4813
vn -0.7203 -0.4996 0.4813
vn -0.7683 -0.3823 0.5134
vn -0.2160 -0.9657 0.1443
vn -0.6600 0.6083 0.4410
vn -0.8032 -0.2586 0.5367
vn -0.3189 -0.9235 0.2131
vn -0.5884 0.7066 0.3931
vn -0.8244 -0.1304 0.5508
vn -0.4164 -0.8656 0.2782
vn -0.5067 0.7929 0.3386
vn -0.8315 -0.0000 0.5556
vn -0.5067 -0.7929 0.3386
vn -0.4164 0.8656 0.2782
vn -0.8244 0.1304 0.5508
vn -0.5884 -0.7066 0.3931
vn -0.3189 0.9235 0.2131
vn -0.8032 0.2586 0.5367
vn -0.6600 -0.6083 0.4410
vn -0.7759 -0.2586 0.5754
vn -0.7963 -0.1304 0.5906
vn -0.3081 -0.9235 0.2285
vn -0.4022 -0.8656 0.2983
vn -0.5684 0.7066 0.4215
vn -0.4895 0.7929 0.3630
vn -0.8032 -0.0000 0.5957
vn -0.4895 -0.7929 0.3630
vn -0.4022 0.8656 0.2983
vn -0.7964 0.1304 0.5906
vn -0.5684 -0.7066 0.4215
vn -0.3081 0.9235 0.2285
vn -0.7759 0.2586 0.5754
vn -0.6375 -0.6083 0.4728
vn -0.2087 0.9657 0.1547
vn -0.7422 0.3823 0.5504
vn -0.6958 -0.4996 0.5160
vn -0.1057 0.9913 0.0784
vn -0.1056 -0.9913 0.0784
vn -0.6958 0.4996 0.5160
vn -0.7422 -0.3823 0.5504
vn -0.2087 -0.9657 0.1548
vn -0.6375 0.6083 0.4728
vn -0.7664 0.1304 0.6290
vn -0.7467 0.2586 0.6128
vn -0.5470 -0.7066 0.4489
vn -0.6136 -0.6083 0.5035
vn -0.2965 0.9235 0.2433
vn -0.2008 0.9657 0.1648
vn -0.7143 0.3823 0.5862
vn -0.6696 -0.4996 0.5496
vn -0.1017 0.9913 0.0834
vn -0.1017 -0.9913 0.0834
vn -0.6696 0.4996 0.5496
vn -0.7143 -0.3823 0.5862
vn -0.2008 -0.9657 0.1648
vn -0.6136 0.6083 0.5035
vn -0.7467 -0.2586 0.6128
vn -0.2965 -0.9235 0.2433
vn -0.5470 0.7066 0.4489
vn -0.7664 -0.1304 0.6290
vn -0.3871 -0.8656 0.3177
vn -0.4711 0.7929 0.3866
vn -0.7730 -0.0000 0.6344
vn -0.4711 -0.7929 0.3866
vn -0.3871 0.8656 0.3177
vn -0.0975 0.9913 0.0883
vn -0.0975 -0.9913 0.0883
vn -0.1925 -0.9657 0.1745
vn -0.6419 0.4996 0.5818
vn -0.5881 0.6083 0.5330
vn -0.6847 -0.3823 0.6205
vn -0.7158 -0.2586 0.6487
vn -0.2842 -0.9235 0.2576
vn -0.5243 0.7066 0.4752
vn -0.7346 -0.1304 0.6658
vn -0.3710 -0.8656 0.3363
vn -0.4515 0.7929 0.4092
vn -0.7409 -0.0000 0.6716
vn -0.4515 -0.7929 0.4092
vn -0.3710 0.8656 0.3363
vn -0.7346 0.1304 0.6658
vn -0.5243 -0.7066 0.4752
vn -0.2842 0.9235 0.2576
vn -0.7158 0.2586 0.6487
vn -0.5881 -0.6083 0.5330
vn -0.1925 0.9657 0.1745
vn -0.6847 0.3823 0.6205
vn -0.6419 -0.4996 0.5818
vn -0.7011 -0.1304 0.7011
vn -0.7071 -0.0000 0.7071
vn -0.3541 -0.8656 0.3541
vn -0.4309 -0.7929 0.4309
vn -0.4309 0.7929 0.4309
vn -0.3541 0.8656 0.3541
vn -0.7011 0.1304 0.7011
vn -0.5004 -0.7066 0.5004
vn -0.2712 0.9235 0.2712
vn -0.6831 0.2586 0.6831
vn -0.5613 -0.6083 0.5613
vn -0.1837 0.9657 0.1837
vn -0.6534 0.3823 0.6534
vn -0.6126 -0.4996 0.6125
vn -0.0930 0.9913 0.0930
vn -0.0930 -0.9913 0.0930
vn -0.6126 0.4996 0.6126
vn -0.6534 -0.3823 0.6534
vn -0.1837 -0.9657 0.1837
vn -0.5612 0.6083 0.5613
vn -0.6831 -0.2586 0.6831
vn -0.2712 -0.9235 0.2712
vn -0.5004 0.7066 0.5004
vn -0.6487 0.2586 0.7158
vn -0.6205 0.3823 0.6847
vn -0.5330 -0.6083 0.5881
vn -0.5818 -0.4996 0.6419
vn -0.1745 0.9657 0.1925
vn -0.0883 0.9913 0.0975
vn -0.0883 -0.9913 0.0975
vn -0.5818 0.4996 0.6419
vn -0.6205 -0.3823 0.6847
vn -0.1745 -0.9657 0.1925
vn -0.5330 0.6083 0.5881
vn -0.6487 -0.2586 0.7158
vn -0.2576 -0.9235 0.2842
vn -0.4752 0.7066 0.5243
vn -0.6658 -0.1304 0.7346
vn -0.3363 -0.8656 0.3710
vn -0.4093 0.7929 0.4515
vn -0.6716 -0.0000 0.7410
vn -0.4093 -0.7929 0.4515
vn -0.3363 0.8656 0.3710
vn -0.6658 0.1304 0.7346
vn -0.4752 -0.7066 0.5243
vn -0.2576 0.9235 0.2842
vn -0.1648 -0.9657 0.2008
vn -0.2433 -0.9235 0.2965
vn -0.5035 0.6083 0.6136
vn -0.4489 0.7066 0.5470
vn -0.6128 -0.2586 0.7467
vn -0.6290 -0.1304 0.7664
vn -0.3177 -0.8656 0.3871
vn -0.3866 0.7929 0.4711
vn -0.6344 0.0000 0.7730
vn -0.3866 -0.7929 0.4711
vn -0.3177 0.8656 0.3871
vn -0.6290 0.1304 0.7664
vn -0.4489 -0.7066 0.5470
vn -0.2433 0.9235 0.2965
vn -0.6128 0.2586 0.7467
vn -0.5035 -0.6083 0.6136
vn -0.1648 0.9657 0.2008
vn -0.5862 0.3823 0.7143
vn -0.5496 -0.4996 0.6696
vn -0.0834 0.9913 0.1017
vn -0.0834 -0.9913 0.1017
vn -0.5496 0.4996 0.6696
vn -0.5862 -0.3823 0.7143
vn -0.5957 -0.0000 0.8032
vn -0.5906 0.1304 0.7964
vn -0.3630 -0.7929 0.4895
vn -0.4215 -0.7066 0.5684
vn -0.2983 0.8656 0.4022
vn -0.2285 0.9235 0.3081
vn -0.5754 0.2586 0.7759
vn -0.4728 -0.6083 0.6375
vn -0.1547 0.9657 0.2087
vn -0.5504 0.3823 0.7422
vn -0.5160 -0.4996 0.6958
vn -0.0784 0.9913 0.1056
vn -0.0784 -0.9913 0.1056
vn -0.5160 0.4996 0.6958
vn -0.5504 -0.3823 0.7422
vn -0.1547 -0.9657 0.2087
vn -0.4728 0.6083 0.6375
vn -0.5754 -0.2586 0.7759
vn -0.2285 -0.9235 0.3081
vn -0.4215 0.7066 0.5684
vn -0.5906 -0.1304 0.7964
vn -0.2983 -0.8656 0.4022
vn -0.3630 0.7929 0.4895
vn -0.0731 -0.9913 0.1094
vn -0.5134 0.3823 0.7683
vn -0.4813 0.4996 0.7203
vn -0.4813 -0.4996 0.7203
vn -0.5134 -0.3823 0.7683
vn -0.0731 0.9913 0.1094
vn -0.1443 -0.9657 0.2160
vn -0.4410 0.6083 0.6600
vn -0.5367 -0.2586 0.8032
vn -0.2131 -0.9235 0.3189
vn -0.3931 0.7066 0.5884
vn -0.5508 -0.1304 0.8244
vn -0.2782 -0.8656 0.4164
vn -0.3386 0.7929 0.5067
vn -0.5556 0.0000 0.8315
vn -0.3386 -0.7929 0.5067
vn -0.2782 0.8656 0.4164
vn -0.5508 0.1304 0.8244
vn -0.3931 -0.7066 0.5884
vn -0.2131 0.9235 0.3189
vn -0.5367 0.2586 0.8032
vn -0.4410 -0.6083 0.6600
vn -0.1443 0.9657 0.2160
vn -0.1972 -0.9235 0.3290
vn -0.2574 -0.8656 0.4295
vn -0.3638 0.7066 0.6069
vn -0.3133 0.7929 0.5227
vn -0.5097 -0.1304 0.8504
vn -0.5141 0.0000 0.8577
vn -0.3133 -0.7929 0.5227
vn -0.2574 0.8656 0.4295
vn -0.5097 0.1304 0.8504
vn -0.3638 -0.7066 0.6069
vn -0.1972 0.9235 0.3290
vn -0.4966 0.2586 0.8286
vn -0.4081 -0.6083 0.6808
vn -0.1336 0.9657 0.2228
vn -0.4750 0.3823 0.7926
vn -0.4454 -0.4996 0.7430
vn -0.0676 0.9913 0.1128
vn -0.0676 -0.9913 0.1128
vn -0.4454 0.4996 0.7430
vn -0.4750 -0.3823 0.7926
vn -0.1336 -0.9657 0.2228
vn -0.4081 0.6083 0.6808
vn -0.4966 -0.2586 0.8286
vn -0.4674 0.1304 0.8744
vn -0.4554 0.2586 0.8519
vn -0.3336 -0.7066 0.6241
vn -0.3742 -0.6083 0.7000
vn -0.1808 0.9235 0.3383
vn -0.1225 0.9657 0.2291
vn -0.4356 0.3823 0.8149
vn -0.4084 -0.4996 0.7640
vn -0.0620 0.9913 0.1160
vn -0.0620 -0.9913 0.1160
vn -0.4084 0.4996 0.7640
vn -0.4356 -0.3823 0.8149
vn -0.1225 -0.9657 0.2291
vn -0.3742 0.6083 0.7000
vn -0.4554 -0.2586 0.8519
vn -0.1808 -0.9235 0.3383
vn -0.3336 0.7066 0.6241
vn -0.4674 -0.1304 0.8744
vn -0.2361 -0.8656 0.4416
vn -0.2873 0.7929 0.5374
vn -0.4714 -0.0000 0.8819
vn -0.2873 -0.7929 0.5374
vn -0.2361 0.8656 0.4416
vn -0.0562 -0.9913 0.1189
vn -0.1111 -0.9657 0.2348
vn -0.3704 0.4996 0.7831
vn -0.3394 0.6083 0.7175
vn -0.3951 -0.3823 0.8353
vn -0.4130 -0.2586 0.8732
vn -0.1640 -0.9235 0.3467
vn -0.3025 0.7066 0.6397
vn -0.4239 -0.1304 0.8963
vn -0.2141 -0.8656 0.4527
vn -0.2606 0.7929 0.5509
vn -0.4276 -0.0000 0.9040
vn -0.2606 -0.7929 0.5509
vn -0.2141 0.8656 0.4527
vn -0.4239 0.1304 0.8963
vn -0.3025 -0.7066 0.6397
vn -0.1640 0.9235 0.3467
vn -0.4130 0.2586 0.8732
vn -0.3394 -0.6083 0.7175
vn -0.1111 0.9657 0.2348
vn -0.3951 0.3823 0.8353
vn -0.3704 -0.4996 0.7831
vn -0.0562 0.9913 0.1189
vn -0.1916 -0.8656 0.4626
vn -0.2332 -0.7929 0.5630
vn -0.2332 0.7929 0.5630
vn -0.1916 0.8656 0.4626
vn -0.3827 -0.0000 0.9239
vn -0.3794 0.1304 0.9160
vn -0.2708 -0.7066 0.6538
vn -0.1468 0.9235 0.3544
vn -0.3697 0.2586 0.8925
vn -0.3037 -0.6083 0.7333
vn -0.0994 0.9657 0.2400
vn -0.3536 0.3823 0.8537
vn -0.3315 -0.4996 0.8003
vn -0.0503 0.9913 0.1215
vn -0.0503 -0.9913 0.1215
vn -0.3315 0.4996 0.8003
vn -0.3536 -0.3823 0.8537
vn -0.0994 -0.9657 0.2400
vn -0.3037 0.6083 0.7333
vn -0.3697 -0.2586 0.8925
vn -0.1468 -0.9235 0.3544
vn -0.2708 0.7066 0.6538
vn -0.3794 -0.1304 0.9160
vn -0.3254 0.2586 0.9095
vn -0.3113 0.3823 0.8700
vn -0.2674 -0.6083 0.7473
vn -0.2918 -0.4996 0.8156
vn -0.0875 0.9657 0.2446
vn -0.0443 0.9913 0.1238
vn -0.0443 -0.9913 0.1238
vn -0.2918 0.4996 0.8156
vn -0.3113 -0.3823 0.8700
vn -0.0875 -0.9657 0.2446
vn -0.2674 0.6083 0.7473
vn -0.3254 -0.2586 0.9095
vn -0.1292 -0.9235 0.3611
vn -0.2384 0.7066 0.6663
vn -0.3340 -0.1304 0.9335
vn -0.1687 -0.8656 0.4715
vn -0.2053 0.7929 0.5738
vn -0.3369 -0.0000 0.9415
vn -0.2053 -0.7929 0.5738
vn -0.1687 0.8656 0.4715
vn -0.3340 0.1304 0.9335
vn -0.2384 -0.7066 0.6663
vn -0.1292 0.9235 0.3611
vn -0.0754 -0.9657 0.2486
vn -0.1113 -0.9235 0.3670
vn -0.2304 0.6083 0.7596
vn -0.2054 0.7066 0.6772
vn -0.2804 -0.2586 0.9244
vn -0.2878 -0.1304 0.9488
vn -0.1454 -0.8656 0.4792
vn -0.1769 0.7929 0.5832
vn -0.2903 -0.0000 0.9569
vn -0.1769 -0.7929 0.5832
vn -0.1454 0.8656 0.4792
vn -0.2878 0.1304 0.9488
vn -0.2054 -0.7066 0.6772
vn -0.1113 0.9235 0.3670
vn -0.2804 0.2586 0.9244
vn -0.2304 -0.6083 0.7596
vn -0.0754 0.9657 0.2486
vn -0.2682 0.3823 0.8842
vn -0.2515 -0.4996 0.8290
vn -0.0382 0.9913 0.1259
vn -0.0382 -0.9913 0.1259
vn -0.2515 0.4996 0.8290
vn -0.2682 -0.3823 0.8842
vn -0.1481 -0.7929 0.5911
vn -0.1719 -0.7066 0.6864
vn -0.1217 0.8656 0.4858
vn -0.0932 0.9235 0.3721
vn -0.2409 0.1304 0.9618
vn -0.2347 0.2586 0.9370
vn -0.1929 -0.6083 0.7699
vn -0.0631 0.9657 0.2520
vn -0.2245 0.3823 0.8963
vn -0.2105 -0.4996 0.8403
vn -0.0320 0.9913 0.1276
vn -0.0320 -0.9913 0.1276
vn -0.2105 0.4996 0.8403
vn -0.2245 -0.3823 0.8963
vn -0.0631 -0.9657 0.2520
vn -0.1929 0.6083 0.7699
vn -0.2347 -0.2586 0.9370
vn -0.0932 -0.9235 0.3721
vn -0.1719 0.7066 0.6864
vn -0.2409 -0.1304 0.9618
vn -0.1217 -0.8656 0.4858
vn -0.1481 0.7929 0.5911
vn -0.2430 -0.0000 0.9700
vn -0.1803 0.3823 0.9063
vn -0.1690 0.4996 0.8496
vn -0.1690 -0.4996 0.8496
vn -0.1803 -0.3823 0.9063
vn -0.0257 0.9913 0.1290
vn -0.0257 -0.9913 0.1290
vn -0.0507 -0.9657 0.2548
vn -0.1549 0.6083 0.7785
vn -0.1885 -0.2586 0.9474
vn -0.0748 -0.9235 0.3762
vn -0.1381 0.7066 0.6940
vn -0.1934 -0.1304 0.9724
vn -0.0977 -0.8656 0.4911
vn -0.1189 0.7929 0.5977
vn -0.1951 -0.0000 0.9808
vn -0.1189 -0.7929 0.5977
vn -0.0977 0.8656 0.4911
vn -0.1934 0.1304 0.9724
vn -0.1381 -0.7066 0.6940
vn -0.0748 0.9235 0.3762
vn -0.1885 0.2586 0.9474
vn -0.1548 -0.6083 0.7785
vn -0.0507 0.9657 0.2548
vn -0.0563 -0.9235 0.3794
vn -0.0735 -0.8656 0.4953
vn -0.1038 0.7066 0.7000
vn -0.0894 0.7929 0.6028
vn -0.1455 -0.1304 0.9807
vn -0.1467 -0.0000 0.9892
vn -0.0894 -0.7929 0.6028
vn -0.0735 0.8656 0.4953
vn -0.1455 0.1304 0.9807
vn -0.1038 -0.7066 0.7000
vn -0.0563 0.9235 0.3794
vn -0.1417 0.2586 0.9555
vn -0.1165 -0.6083 0.7851
vn -0.0381 0.9657 0.2570
vn -0.1356 0.3823 0.9140
vn -0.1271 -0.4996 0.8569
vn -0.0193 0.9913 0.1301
vn -0.0193 -0.9913 0.1301
vn -0.1271 0.4996 0.8569
vn -0.1356 -0.3823 0.9140
vn -0.0381 -0.9657 0.2570
vn -0.1165 0.6083 0.7851
vn -0.1417 -0.2586 0.9555
vn -0.0694 -0.7066 0.7042
vn -0.0778 -0.6083 0.7899
vn -0.0376 0.9235 0.3817
vn -0.0255 0.9657 0.2585
vn -0.0947 0.2586 0.9613
vn -0.0906 0.3823 0.9196
vn -0.0849 -0.4996 0.8621
vn -0.0129 0.9913 0.1309
vn -0.0129 -0.9913 0.1309
vn -0.0849 0.4996 0.8621
vn -0.0906 -0.3823 0.9196
vn -0.0255 -0.9657 0.2585
vn -0.0778 0.6083 0.7899
vn -0.0947 -0.2586 0.9613
vn -0.0376 -0.9235 0.3817
vn -0.0694 0.7066 0.7042
vn -0.0972 -0.1304 0.9867
vn -0.0491 -0.8656 0.4984
vn -0.0597 0.7929 0.6065
vn -0.0980 -0.0000 0.9952
vn -0.0597 -0.7929 0.6065
vn -0.0491 0.8656 0.4984
vn -0.0972 0.1304 0.9867
vn -0.0425 0.4996 0.8652
vn -0.0390 0.6083 0.7928
vn -0.0453 -0.3823 0.9229
vn -0.0474 -0.2586 0.9648
vn -0.0127 -0.9657 0.2595
vn -0.0188 -0.9235 0.3831
vn -0.0347 0.7066 0.7068
vn -0.0487 -0.1304 0.9903
vn -0.0246 -0.8656 0.5002
vn -0.0299 0.7929 0.6087
vn -0.0491 -0.0000 0.9988
vn -0.0299 -0.7929 0.6087
vn -0.0246 0.8656 0.5002
vn -0.0487 0.1304 0.9903
vn -0.0347 -0.7066 0.7068
vn -0.0188 0.9235 0.3831
vn -0.0474 0.2586 0.9648
vn -0.0389 -0.6083 0.7928
vn -0.0127 0.9657 0.2595
vn -0.0453 0.3823 0.9229
vn -0.0425 -0.4996 0.8652
vn -0.0065 0.9913 0.1314
vn -0.0065 -0.9913 0.1314
usemtl Material.002
s 1
f 1/1/1 2/2/2 3/3/3 4/4/4
f 5/5/5 6/6/6 7/7/7
f 8/8/8 9/9/9 10/10/10 11/11/11
f 12/12/12 13/13/13 14/14/14 15/15/15
f 16/16/16 1/1/1 4/4/4 17/17/17
f 18/18/18 8/8/8 11/11/11 19/19/19
f 20/20/20 12/12/12 15/15/15 21/21/21
f 22/22/22 16/16/16 17/17/17 23/23/23
f 24/24/24 18/18/18 19/19/19 25/25/25
f 26/26/26 20/20/20 21/21/21 27/27/27
f 28/28/28 22/22/22 23/23/23 29/29/29
f 30/30/30 24/24/24 25/25/25 31/31/31
f 32/32/32 26/26/26 27/27/27 33/33/33
f 34/34/34 28/28/28 29/29/29 35/35/35
f 36/36/36 30/30/30 31/31/31 37/37/37
f 38/38/38 32/32/32 33/33/33 39/39/39
f 40/40/40 34/34/34 35/35/35 41/41/41
f 42/42/42 36/36/36 37/37/37 43/43/43
f 44/44/44 38/38/38 39/39/39 45/45/45
f 46/46/46 40/40/40 41/41/41 47/47/47
f 2/2/2 42/42/42 43/43/43 3/3/3
f 6/6/6 44/44/44 45/45/45 7/7/7
f 9/9/9 48/48/48 10/10/10
f 13/13/13 46/46/46 47/47/47 14/14/14
f 45/45/45 39/39/39 49/49/49 50/50/50
f 47/47/47 41/41/41 51/51/51 52/52/52
f 3/3/3 43/43/43 53/53/53 54/54/54
f 7/7/7 45/45/45 50/50/50 55/55/55
f 10/10/10 48/56/48 56/57/56
f 14/14/14 47/47/47 52/52/52 57/58/57
f 4/4/4 3/3/3 54/54/54 58/59/58
f 5/60/5 7/7/7 55/55/55
f 11/11/11 10/10/10 56/57/56 59/61/59
f 15/15/15 14/14/14 57/58/57 60/62/60
f 17/17/17 4/4/4 58/59/58 61/63/61
f 19/19/19 11/11/11 59/61/59 62/64/62
f 21/21/21 15/15/15 60/62/60 63/65/63
f 23/23/23 17/17/17 61/63/61 64/66/64
f 25/25/25 19/19/19 62/64/62 65/67/65
f 27/27/27 21/21/21 63/65/63 66/68/66
f 29/29/29 23/23/23 64/66/64 67/69/67
f 31/31/31 25/25/25 65/67/65 68/70/68
f 33/33/33 27/27/27 66/68/66 69/71/69
f 35/35/35 29/29/29 67/69/67 70/72/70
f 37/37/37 31/31/31 68/70/68 71/73/71
f 39/39/39 33/33/33 69/71/69 49/49/49
f 41/41/41 35/35/35 70/72/70 51/51/51
f 43/43/43 37/37/37 71/73/71 53/53/53
f 61/63/61 58/59/58 72/74/72 73/75/73
f 62/64/62 59/61/59 74/76/74 75/77/75
f 63/65/63 60/62/60 76/78/76 77/79/77
f 64/66/64 61/63/61 73/75/73 78/80/78
f 65/67/65 62/64/62 75/77/75 79/81/79
f 66/68/66 63/65/63 77/79/77 80/82/80
f 67/69/67 64/66/64 78/80/78 81/83/81
f 68/70/68 65/67/65 79/81/79 82/84/82
f 69/71/69 66/68/66 80/82/80 83/85/83
f 70/72/70 67/69/67 81/83/81 84/86/84
f 71/73/71 68/70/68 82/84/82 85/87/85
f 49/49/49 69/71/69 83/85/83 86/88/86
f 51/51/51 70/72/70 84/86/84 87/89/87
f 53/53/53 71/73/71 85/87/85 88/90/88
f 50/50/50 49/49/49 86/88/86 89/91/89
f 52/52/52 51/51/51 87/89/87 90/92/90
f 54/54/54 53/53/53 88/90/88 91/93/91
f 55/55/55 50/50/50 89/91/89 92/94/92
f 56/57/56 48/95/48 93/96/93
f 57/58/57 52/52/52 90/92/90 94/97/94
f 58/59/58 54/54/54 91/93/91 72/74/72
f 5/98/5 55/55/55 92/94/92
f 59/61/59 56/57/56 93/96/93 74/76/74
f 60/62/60 57/58/57 94/97/94 76/78/76
f 84/86/84 81/83/81 95/99/95 96/100/96
f 85/87/85 82/84/82 97/101/97 98/102/98
f 86/88/86 83/85/83 99/103/99 100/104/100
f 87/89/87 84/86/84 96/100/96 101/105/101
f 88/90/88 85/87/85 98/102/98 102/106/102
f 89/91/89 86/88/86 100/104/100 103/107/103
f 90/92/90 87/89/87 101/105/101 104/108/104
f 91/93/91 88/90/88 102/106/102 105/109/105
f 92/94/92 89/91/89 103/107/103 106/110/106
f 93/96/93 48/111/48 107/112/107
f 94/97/94 90/92/90 104/108/104 108/113/108
f 72/74/72 91/93/91 105/109/105 109/114/109
f 5/115/5 92/94/92 106/110/106
f 74/76/74 93/96/93 107/112/107 110/116/110
f 76/78/76 94/97/94 108/113/108 111/117/111
f 73/75/73 72/74/72 109/114/109 112/118/112
f 75/77/75 74/76/74 110/116/110 113/119/113
f 77/79/77 76/78/76 111/117/111 114/120/114
f 78/80/78 73/75/73 112/118/112 115/121/115
f 79/81/79 75/77/75 113/119/113 116/122/116
f 80/82/80 77/79/77 114/120/114 117/123/117
f 81/83/81 78/80/78 115/121/115 95/99/95
f 82/84/82 79/81/79 116/122/116 97/101/97
f 83/85/83 80/82/80 117/123/117 99/103/99
f 106/110/106 103/107/103 118/124/118 119/125/119
f 107/112/107 48/126/48 120/127/120
f 108/113/108 104/108/104 121/128/121 122/129/122
f 109/114/109 105/109/105 123/130/123 124/131/124
f 5/132/5 106/110/106 119/125/119
f 110/116/110 107/112/107 120/127/120 125/133/125
f 111/117/111 108/113/108 122/129/122 126/134/126
f 112/118/112 109/114/109 124/131/124 127/135/127
f 113/119/113 110/116/110 125/133/125 128/136/128
f 114/120/114 111/117/111 126/134/126 129/137/129
f 115/121/115 112/118/112 127/135/127 130/138/130
f 116/122/116 113/119/113 128/136/128 131/139/131
f 117/123/117 114/120/114 129/137/129 132/140/132
f 95/99/95 115/121/115 130/138/130 133/141/133
f 97/101/97 116/122/116 131/139/131 134/142/134
f 99/103/99 117/123/117 132/140/132 135/143/135
f 96/100/96 95/99/95 133/141/133 136/144/136
f 98/102/98 97/101/97 134/142/134 137/145/137
f 100/104/100 99/103/99 135/143/135 138/146/138
f 101/105/101 96/100/96 136/144/136 139/147/139
f 102/106/102 98/102/98 137/145/137 140/148/140
f 103/107/103 100/104/100 138/146/138 118/124/118
f 104/108/104 101/105/101 139/147/139 121/128/121
f 105/109/105 102/106/102 140/148/140 123/130/123
f 130/138/130 127/135/127 141/149/141 142/150/142
f 131/139/131 128/136/128 143/151/143 144/152/144
f 132/140/132 129/137/129 145/153/145 146/154/146
f 133/141/133 130/138/130 142/150/142 147/155/147
f 134/142/134 131/139/131 144/152/144 148/156/148
f 135/143/135 132/140/132 146/154/146 149/157/149
f 136/144/136 133/141/133 147/155/147 150/158/150
f 137/145/137 134/142/134 148/156/148 151/159/151
f 138/146/138 135/143/135 149/157/149 152/160/152
f 139/147/139 136/144/136 150/158/150 153/161/153
f 140/148/140 137/145/137 151/159/151 154/162/154
f 118/124/118 138/146/138 152/160/152 155/163/155
f 121/128/121 139/147/139 153/161/153 156/164/156
f 123/130/123 140/148/140 154/162/154 157/165/157
f 119/125/119 118/124/118 155/163/155 158/166/158
f 120/127/120 48/167/48 159/168/159
f 122/129/122 121/128/121 156/164/156 160/169/160
f 124/131/124 123/130/123 157/165/157 161/170/161
f 5/171/5 119/125/119 158/166/158
f 125/133/125 120/127/120 159/168/159 162/172/162
f 126/134/126 122/129/122 160/169/160 163/173/163
f 127/135/127 124/131/124 161/170/161 141/149/141
f 128/136/128 125/133/125 162/172/162 143/151/143
f 129/137/129 126/134/126 163/173/163 145/153/145
f 153/161/153 150/158/150 164/174/164 165/175/165
f 154/162/154 151/159/151 166/176/166 167/177/167
f 155/163/155 152/160/152 168/178/168 169/179/169
f 156/164/156 153/161/153 165/175/165 170/180/170
f 157/165/157 154/162/154 167/177/167 171/181/171
f 158/166/158 155/163/155 169/179/169 172/182/172
f 159/168/159 48/183/48 173/184/173
f 160/169/160 156/164/156 170/180/170 174/185/174
f 161/170/161 157/165/157 171/181/171 175/186/175
f 5/187/5 158/166/158 172/182/172
f 162/172/162 159/168/159 173/184/173 176/188/176
f 163/173/163 160/169/160 174/185/174 177/189/177
f 141/149/141 161/170/161 175/186/175 178/190/178
f 143/151/143 162/172/162 176/188/176 179/191/179
f 145/153/145 163/173/163 177/189/177 180/192/180
f 142/150/142 141/149/141 178/190/178 181/193/181
f 144/152/144 143/151/143 179/191/179 182/194/182
f 146/154/146 145/153/145 180/192/180 183/195/183
f 147/155/147 142/150/142 181/193/181 184/196/184
f 148/156/148 144/152/144 182/194/182 185/197/185
f 149/157/149 146/154/146 183/195/183 186/198/186
f 150/158/150 147/155/147 184/196/184 164/174/164
f 151/159/151 148/156/148 185/197/185 166/176/166
f 152/160/152 149/157/149 186/198/186 168/178/168
f 5/199/5 172/182/172 187/200/187
f 176/188/176 173/184/173 188/201/188 189/202/189
f 177/189/177 174/185/174 190/203/190 191/204/191
f 178/190/178 175/186/175 192/205/192 193/206/193
f 179/191/179 176/188/176 189/202/189 194/207/194
f 180/192/180 177/189/177 191/204/191 195/208/195
f 181/193/181 178/190/178 193/206/193 196/209/196
f 182/194/182 179/191/179 194/207/194 197/210/197
f 183/195/183 180/192/180 195/208/195 198/211/198
f 184/196/184 181/193/181 196/209/196 199/212/199
f 185/197/185 182/194/182 197/210/197 200/213/200
f 186/198/186 183/195/183 198/211/198 201/214/201
f 164/174/164 184/196/184 199/212/199 202/215/202
f 166/176/166 185/197/185 200/213/200 203/216/203
f 168/178/168 186/198/186 201/214/201 204/217/204
f 165/175/165 164/174/164 202/215/202 205/218/205
f 167/177/167 166/176/166 203/216/203 206/219/206
f 169/179/169 168/178/168 204/217/204 207/220/207
f 170/180/170 165/175/165 205/218/205 208/221/208
f 171/181/171 167/177/167 206/219/206 209/222/209
f 172/182/172 169/179/169 207/220/207 187/200/187
f 173/184/173 48/223/48 188/201/188
f 174/185/174 170/180/170 208/221/208 190/203/190
f 175/186/175 171/181/171 209/222/209 192/205/192
f 199/212/199 196/209/196 210/224/210 211/225/211
f 200/213/200 197/210/197 212/226/212 213/227/213
f 201/214/201 198/211/198 214/228/214 215/229/215
f 202/215/202 199/212/199 211/225/211 216/230/216
f 203/216/203 200/213/200 213/227/213 217/231/217
f 204/217/204 201/214/201 215/229/215 218/232/218
f 205/218/205 202/215/202 216/230/216 219/233/219
f 206/219/206 203/216/203 217/231/217 220/234/220
f 207/220/207 204/217/204 218/232/218 221/235/221
f 208/221/208 205/218/205 219/233/219 222/236/222
f 209/222/209 206/219/206 220/234/220 223/237/223
f 187/200/187 207/220/207 221/235/221 224/238/224
f 188/201/188 48/239/48 225/240/225
f 190/203/190 208/221/208 222/236/222 226/241/226
f 192/205/192 209/222/209 223/237/223 227/242/227
f 5/243/5 187/200/187 224/238/224
f 189/202/189 188/201/188 225/240/225 228/244/228
f 191/204/191 190/203/190 226/241/226 229/245/229
f 193/206/193 192/205/192 227/242/227 230/246/230
f 194/207/194 189/202/189 228/244/228 231/247/231
f 195/208/195 191/204/191 229/245/229 232/248/232
f 196/209/196 193/206/193 230/246/230 210/224/210
f 197/210/197 194/207/194 231/247/231 212/226/212
f 198/211/198 195/208/195 232/248/232 214/228/214
f 222/236/222 219/233/219 233/249/233 234/250/234
f 223/237/223 220/234/220 235/251/235 236/252/236
f 224/238/224 221/235/221 237/253/237 238/254/238
f 225/240/225 48/255/48 239/256/239
f 226/241/226 222/236/222 234/250/234 240/257/240
f 227/242/227 223/237/223 236/252/236 241/258/241
f 5/259/5 224/238/224 238/254/238
f 228/244/228 225/240/225 239/256/239 242/260/242
f 229/245/229 226/241/226 240/257/240 243/261/243
f 230/246/230 227/242/227 241/258/241 244/262/244
f 231/247/231 228/244/228 242/260/242 245/263/245
f 232/248/232 229/245/229 243/261/243 246/264/246
f 210/224/210 230/246/230 244/262/244 247/265/247
f 212/226/212 231/247/231 245/263/245 248/266/248
f 214/228/214 232/248/232 246/264/246 249/267/249
f 211/225/211 210/224/210 247/265/247 250/268/250
f 213/227/213 212/226/212 248/266/248 251/269/251
f 215/229/215 214/228/214 249/267/249 252/270/252
f 216/230/216 211/225/211 250/268/250 253/271/253
f 217/231/217 213/227/213 251/269/251 254/272/254
f 218/232/218 215/229/215 252/270/252 255/273/255
f 219/233/219 216/230/216 253/271/253 233/249/233
f 220/234/220 217/231/217 254/272/254 235/251/235
f 221/235/221 218/232/218 255/273/255 237/253/237
f 245/263/245 242/260/242 256/274/256 257/275/257
f 246/264/246 243/261/243 258/276/258 259/277/259
f 247/265/247 244/262/244 260/278/260 261/279/261
f 248/266/248 245/263/245 257/275/257 262/280/262
f 249/267/249 246/264/246 259/277/259 263/281/263
f 250/268/250 247/265/247 261/279/261 264/282/264
f 251/269/251 248/266/248 262/280/262 265/283/265
f 252/270/252 249/267/249 263/281/263 266/284/266
f 253/271/253 250/268/250 264/282/264 267/285/267
f 254/272/254 251/269/251 265/283/265 268/286/268
f 255/273/255 252/270/252 266/284/266 269/287/269
f 233/249/233 253/271/253 267/285/267 270/288/270
f 235/251/235 254/272/254 268/286/268 271/289/271
f 237/253/237 255/273/255 269/287/269 272/290/272
f 234/250/234 233/249/233 270/288/270 273/291/273
f 236/252/236 235/251/235 271/289/271 274/292/274
f 238/254/238 237/253/237 272/290/272 275/293/275
f 239/256/239 48/294/48 276/295/276
f 240/257/240 234/250/234 273/291/273 277/296/277
f 241/258/241 236/252/236 274/292/274 278/297/278
f 5/298/5 238/254/238 275/293/275
f 242/260/242 239/256/239 276/295/276 256/274/256
f 243/261/243 240/257/240 277/296/277 258/276/258
f 244/262/244 241/258/241 278/297/278 260/278/260
f 267/285/267 264/282/264 279/299/279 280/300/280
f 268/286/268 265/283/265 281/301/281 282/302/282
f 269/287/269 266/284/266 283/303/283 284/304/284
f 270/288/270 267/285/267 280/300/280 285/305/285
f 271/289/271 268/286/268 282/302/282 286/306/286
f 272/290/272 269/287/269 284/304/284 287/307/287
f 273/291/273 270/288/270 285/305/285 288/308/288
f 274/292/274 271/289/271 286/306/286 289/309/289
f 275/293/275 272/290/272 287/307/287 290/310/290
f 276/295/276 48/311/48 291/312/291
f 277/296/277 273/291/273 288/308/288 292/313/292
f 278/297/278 274/292/274 289/309/289 293/314/293
f 5/315/5 275/293/275 290/310/290
f 256/274/256 276/295/276 291/312/291 294/316/294
f 258/276/258 277/296/277 292/313/292 295/317/295
f 260/278/260 278/297/278 293/314/293 296/318/296
f 257/275/257 256/274/256 294/316/294 297/319/297
f 259/277/259 258/276/258 295/317/295 298/320/298
f 261/279/261 260/278/260 296/318/296 299/321/299
f 262/280/262 257/275/257 297/319/297 300/322/300
f 263/281/263 259/277/259 298/320/298 301/323/301
f 264/282/264 261/279/261 299/321/299 279/299/279
f 265/283/265 262/280/262 300/322/300 281/301/281
f 266/284/266 263/281/263 301/323/301 283/303/283
f 291/312/291 48/324/48 302/325/302
f 292/313/292 288/308/288 303/326/303 304/327/304
f 293/314/293 289/309/289 305/328/305 306/329/306
f 5/330/5 290/310/290 307/331/307
f 294/316/294 291/312/291 302/325/302 308/332/308
f 295/317/295 292/313/292 304/327/304 309/333/309
f 296/318/296 293/314/293 306/329/306 310/334/310
f 297/319/297 294/316/294 308/332/308 311/335/311
f 298/320/298 295/317/295 309/333/309 312/336/312
f 299/321/299 296/318/296 310/334/310 313/337/313
f 300/322/300 297/319/297 311/335/311 314/338/314
f 301/323/301 298/320/298 312/336/312 315/339/315
f 279/299/279 299/321/299 313/337/313 316/340/316
f 281/301/281 300/322/300 314/338/314 317/341/317
f 283/303/283 301/323/301 315/339/315 318/342/318
f 280/300/280 279/299/279 316/340/316 319/343/319
f 282/302/282 281/301/281 317/341/317 320/344/320
f 284/304/284 283/303/283 318/342/318 321/345/321
f 285/305/285 280/300/280 319/343/319 322/346/322
f 286/306/286 282/302/282 320/344/320 323/347/323
f 287/307/287 284/304/284 321/345/321 324/348/324
f 288/308/288 285/305/285 322/346/322 303/326/303
f 289/309/289 286/306/286 323/347/323 305/328/305
f 290/310/290 287/307/287 324/348/324 307/331/307
f 314/338/314 311/335/311 325/349/325 326/350/326
f 315/339/315 312/336/312 327/351/327 328/352/328
f 316/340/316 313/337/313 329/353/329 330/354/330
f 317/341/317 314/338/314 326/350/326 331/355/331
f 318/342/318 315/339/315 328/352/328 332/356/332
f 319/343/319 316/340/316 330/354/330 333/357/333
f 320/344/320 317/341/317 331/355/331 334/358/334
f 321/345/321 318/342/318 332/356/332 335/359/335
f 322/346/322 319/343/319 333/357/333 336/360/336
f 323/347/323 320/344/320 334/358/334 337/361/337
f 324/348/324 321/345/321 335/359/335 338/362/338
f 303/326/303 322/346/322 336/360/336 339/363/339
f 305/328/305 323/347/323 337/361/337 340/364/340
f 307/331/307 324/348/324 338/362/338 341/365/341
f 302/325/302 48/366/48 342/367/342
f 304/327/304 303/326/303 339/363/339 343/368/343
f 306/329/306 305/328/305 340/364/340 344/369/344
f 5/370/5 307/331/307 341/365/341
f 308/332/308 302/325/302 342/367/342 345/371/345
f 309/333/309 304/327/304 343/368/343 346/372/346
f 310/334/310 306/329/306 344/369/344 347/373/347
f 311/335/311 308/332/308 345/371/345 325/349/325
f 312/336/312 309/333/309 346/372/346 327/351/327
f 313/337/313 310/334/310 347/373/347 329/353/329
f 336/360/336 333/357/333 348/374/348 349/375/349
f 337/361/337 334/358/334 350/376/350 351/377/351
f 338/362/338 335/359/335 352/378/352 353/379/353
f 339/363/339 336/360/336 349/375/349 354/380/354
f 340/364/340 337/361/337 351/377/351 355/381/355
f 341/365/341 338/362/338 353/379/353 356/382/356
f 342/367/342 48/383/48 357/384/357
f 343/368/343 339/363/339 354/380/354 358/385/358
f 344/369/344 340/364/340 355/381/355 359/386/359
f 5/387/5 341/365/341 356/382/356
f 345/371/345 342/367/342 357/384/357 360/388/360
f 346/372/346 343/368/343 358/385/358 361/389/361
f 347/373/347 344/369/344 359/386/359 362/390/362
f 325/349/325 345/371/345 360/388/360 363/391/363
f 327/351/327 346/372/346 361/389/361 364/392/364
f 329/353/329 347/373/347 362/390/362 365/393/365
f 326/350/326 325/349/325 363/391/363 366/394/366
f 328/352/328 327/351/327 364/392/364 367/395/367
f 330/354/330 329/353/329 365/393/365 368/396/368
f 331/355/331 326/350/326 366/394/366 369/397/369
f 332/356/332 328/352/328 367/395/367 370/398/370
f 333/357/333 330/354/330 368/396/368 348/374/348
f 334/358/334 331/355/331 369/397/369 350/376/350
f 335/359/335 332/356/332 370/398/370 352/378/352
f 360/388/360 357/384/357 371/399/371 372/400/372
f 361/389/361 358/385/358 373/401/373 374/402/374
f 362/390/362 359/386/359 375/403/375 376/404/376
f 363/391/363 360/388/360 372/400/372 377/405/377
f 364/392/364 361/389/361 374/402/374 378/406/378
f 365/393/365 362/390/362 376/404/376 379/407/379
f 366/394/366 363/391/363 377/405/377 380/408/380
f 367/395/367 364/392/364 378/406/378 381/409/381
f 368/396/368 365/393/365 379/407/379 382/410/382
f 369/397/369 366/394/366 380/408/380 383/411/383
f 370/398/370 367/395/367 381/409/381 384/412/384
f 348/374/348 368/396/368 382/410/382 385/413/385
f 350/376/350 369/397/369 383/411/383 386/414/386
f 352/378/352 370/398/370 384/412/384 387/415/387
f 349/375/349 348/374/348 385/413/385 388/416/388
f 351/377/351 350/376/350 386/414/386 389/417/389
f 353/379/353 352/378/352 387/415/387 390/418/390
f 354/380/354 349/375/349 388/416/388 391/419/391
f 355/381/355 351/377/351 389/417/389 392/420/392
f 356/382/356 353/379/353 390/418/390 393/421/393
f 357/384/357 48/422/48 371/399/371
f 358/385/358 354/380/354 391/419/391 373/401/373
f 359/386/359 355/381/355 392/420/392 375/403/375
f 5/423/5 356/382/356 393/421/393
f 383/411/383 380/408/380 394/424/394 395/425/395
f 384/412/384 381/409/381 396/426/396 397/427/397
f 385/413/385 382/410/382 398/428/398 399/429/399
f 386/414/386 383/411/383 395/425/395 400/430/400
f 387/415/387 384/412/384 397/427/397 401/431/401
f 388/416/388 385/413/385 399/429/399 402/432/402
f 389/417/389 386/414/386 400/430/400 403/433/403
f 390/418/390 387/415/387 401/431/401 404/434/404
f 391/419/391 388/416/388 402/432/402 405/435/405
f 392/420/392 389/417/389 403/433/403 406/436/406
f 393/421/393 390/418/390 404/434/404 407/437/407
f 371/399/371 48/438/48 408/439/408
f 373/401/373 391/419/391 405/435/405 409/440/409
f 375/403/375 392/420/392 406/436/406 410/441/410
f 5/442/5 393/421/393 407/437/407
f 372/400/372 371/399/371 408/439/408 411/443/411
f 374/402/374 373/401/373 409/440/409 412/444/412
f 376/404/376 375/403/375 410/441/410 413/445/413
f 377/405/377 372/400/372 411/443/411 414/446/414
f 378/406/378 374/402/374 412/444/412 415/447/415
f 379/407/379 376/404/376 413/445/413 416/448/416
f 380/408/380 377/405/377 414/446/414 394/424/394
f 381/409/381 378/406/378 415/447/415 396/426/396
f 382/410/382 379/407/379 416/448/416 398/428/398
f 405/435/405 402/432/402 417/449/417 418/450/418
f 406/436/406 403/433/403 419/451/419 420/452/420
f 407/437/407 404/434/404 421/453/421 422/454/422
f 408/439/408 48/455/48 423/456/423
f 409/440/409 405/435/405 418/450/418 424/457/424
f 410/441/410 406/436/406 420/452/420 425/458/425
f 5/459/5 407/437/407 422/454/422
f 411/443/411 408/439/408 423/456/423 426/460/426
f 412/444/412 409/440/409 424/457/424 427/461/427
f 413/445/413 410/441/410 425/458/425 428/462/428
f 414/446/414 411/443/411 426/460/426 429/463/429
f 415/447/415 412/444/412 427/461/427 430/464/430
f 416/448/416 413/445/413 428/462/428 431/465/431
f 394/424/394 414/446/414 429/463/429 432/466/432
f 396/426/396 415/447/415 430/464/430 433/467/433
f 398/428/398 416/448/416 431/465/431 434/468/434
f 395/425/395 394/424/394 432/466/432 435/469/435
f 397/427/397 396/426/396 433/467/433 436/470/436
f 399/429/399 398/428/398 434/468/434 437/471/437
f 400/430/400 395/425/395 435/469/435 438/472/438
f 401/431/401 397/427/397 436/470/436 439/473/439
f 402/432/402 399/429/399 437/471/437 417/449/417
f 403/433/403 400/430/400 438/472/438 419/451/419
f 404/434/404 401/431/401 439/473/439 421/453/421
f 429/463/429 426/460/426 440/474/440 441/475/441
f 430/464/430 427/461/427 442/476/442 443/477/443
f 431/465/431 428/462/428 444/478/444 445/479/445
f 432/466/432 429/463/429 441/475/441 446/480/446
f 433/467/433 430/464/430 443/477/443 447/481/447
f 434/468/434 431/465/431 445/479/445 448/482/448
f 435/469/435 432/466/432 446/480/446 449/483/449
f 436/470/436 433/467/433 447/481/447 450/484/450
f 437/471/437 434/468/434 448/482/448 451/485/451
f 438/472/438 435/469/435 449/483/449 452/486/452
f 439/473/439 436/470/436 450/484/450 453/487/453
f 417/449/417 437/471/437 451/485/451 454/488/454
f 419/451/419 438/472/438 452/486/452 455/489/455
f 421/453/421 439/473/439 453/487/453 456/490/456
f 418/450/418 417/449/417 454/488/454 457/491/457
f 420/452/420 419/451/419 455/489/455 458/492/458
f 422/454/422 421/453/421 456/490/456 459/493/459
f 423/456/423 48/494/48 460/495/460
f 424/457/424 418/450/418 457/491/457 461/496/461
f 425/458/425 420/452/420 458/492/458 462/497/462
f 5/498/5 422/454/422 459/493/459
f 426/460/426 423/456/423 460/495/460 440/474/440
f 427/461/427 424/457/424 461/496/461 442/476/442
f 428/462/428 425/458/425 462/497/462 444/478/444
f 452/486/452 449/483/449 463/499/463 464/500/464
f 453/487/453 450/484/450 465/501/465 466/502/466
f 454/488/454 451/485/451 467/503/467 468/504/468
f 455/489/455 452/486/452 464/500/464 469/505/469
f 456/490/456 453/487/453 466/502/466 470/506/470
f 457/491/457 454/488/454 468/504/468 471/507/471
f 458/492/458 455/489/455 469/505/469 472/508/472
f 459/493/459 456/490/456 470/506/470 473/509/473
f 460/495/460 48/510/48 474/511/474
f 461/496/461 457/491/457 471/507/471 475/512/475
f 462/497/462 458/492/458 472/508/472 476/513/476
f 5/514/5 459/493/459 473/509/473
f 440/474/440 460/495/460 474/511/474 477/515/477
f 442/476/442 461/496/461 475/512/475 478/516/478
f 444/478/444 462/497/462 476/513/476 479/517/479
f 441/475/441 440/474/440 477/515/477 480/518/480
f 443/477/443 442/476/442 478/516/478 481/519/481
f 445/479/445 444/478/444 479/517/479 482/520/482
f 446/480/446 441/475/441 480/518/480 483/521/483
f 447/481/447 443/477/443 481/519/481 484/522/484
f 448/482/448 445/479/445 482/520/482 485/523/485
f 449/483/449 446/480/446 483/521/483 463/499/463
f 450/484/450 447/481/447 484/522/484 465/501/465
f 451/485/451 448/482/448 485/523/485 467/503/467
f 475/512/475 471/507/471 486/524/486 487/525/487
f 476/513/476 472/508/472 488/526/488 489/527/489
f 5/528/5 473/509/473 490/529/490
f 477/515/477 474/511/474 491/530/491 492/531/492
f 478/516/478 475/512/475 487/525/487 493/532/493
f 479/517/479 476/513/476 489/527/489 494/533/494
f 480/518/480 477/515/477 492/531/492 495/534/495
f 481/519/481 478/516/478 493/532/493 496/535/496
f 482/520/482 479/517/479 494/533/494 497/536/497
f 483/521/483 480/518/480 495/534/495 498/537/498
f 484/522/484 481/519/481 496/535/496 499/538/499
f 485/523/485 482/520/482 497/536/497 500/539/500
f 463/499/463 483/521/483 498/537/498 501/540/501
f 465/501/465 484/522/484 499/538/499 502/541/502
f 467/503/467 485/523/485 500/539/500 503/542/503
f 464/500/464 463/499/463 501/540/501 504/543/504
f 466/502/466 465/501/465 502/541/502 505/544/505
f 468/504/468 467/503/467 503/542/503 506/545/506
f 469/505/469 464/500/464 504/543/504 507/546/507
f 470/506/470 466/502/466 505/544/505 508/547/508
f 471/507/471 468/504/468 506/545/506 486/524/486
f 472/508/472 469/505/469 507/546/507 488/526/488
f 473/509/473 470/506/470 508/547/508 490/529/490
f 474/511/474 48/548/48 491/530/491
f 498/537/498 495/534/495 509/549/509 510/550/510
f 499/538/499 496/535/496 511/551/511 512/552/512
f 500/539/500 497/536/497 513/553/513 514/554/514
f 501/540/501 498/537/498 510/550/510 515/555/515
f 502/541/502 499/538/499 512/552/512 516/556/516
f 503/542/503 500/539/500 514/554/514 517/557/517
f 504/543/504 501/540/501 515/555/515 518/558/518
f 505/544/505 502/541/502 516/556/516 519/559/519
f 506/545/506 503/542/503 517/557/517 520/560/520
f 507/546/507 504/543/504 518/558/518 521/561/521
f 508/547/508 505/544/505 519/559/519 522/562/522
f 486/524/486 506/545/506 520/560/520 523/563/523
f 488/526/488 507/546/507 521/561/521 524/564/524
f 490/529/490 508/547/508 522/562/522 525/565/525
f 491/530/491 48/566/48 526/567/526
f 487/525/487 486/524/486 523/563/523 527/568/527
f 489/527/489 488/526/488 524/564/524 528/569/528
f 5/570/5 490/529/490 525/565/525
f 492/531/492 491/530/491 526/567/526 529/571/529
f 493/532/493 487/525/487 527/568/527 530/572/530
f 494/533/494 489/527/489 528/569/528 531/573/531
f 495/534/495 492/531/492 529/571/529 509/549/509
f 496/535/496 493/532/493 530/572/530 511/551/511
f 497/536/497 494/533/494 531/573/531 513/553/513
f 521/561/521 518/558/518 532/574/532 533/575/533
f 522/562/522 519/559/519 534/576/534 535/577/535
f 523/563/523 520/560/520 536/578/536 537/579/537
f 524/564/524 521/561/521 533/575/533 538/580/538
f 525/565/525 522/562/522 535/577/535 539/581/539
f 526/567/526 48/582/48 540/583/540
f 527/568/527 523/563/523 537/579/537 541/584/541
f 528/569/528 524/564/524 538/580/538 542/585/542
f 5/586/5 525/565/525 539/581/539
f 529/571/529 526/567/526 540/583/540 543/587/543
f 530/572/530 527/568/527 541/584/541 544/588/544
f 531/573/531 528/569/528 542/585/542 545/589/545
f 509/549/509 529/571/529 543/587/543 546/590/546
f 511/551/511 530/572/530 544/588/544 547/591/547
f 513/553/513 531/573/531 545/589/545 548/592/548
f 510/550/510 509/549/509 546/590/546 549/593/549
f 512/552/512 511/551/511 547/591/547 550/594/550
f 514/554/514 513/553/513 548/592/548 551/595/551
f 515/555/515 510/550/510 549/593/549 552/596/552
f 516/556/516 512/552/512 550/594/550 553/597/553
f 517/557/517 514/554/514 551/595/551 554/598/554
f 518/558/518 515/555/515 552/596/552 532/574/532
f 519/559/519 516/556/516 553/597/553 534/576/534
f 520/560/520 517/557/517 554/598/554 536/578/536
f 544/588/544 541/584/541 555/599/555 556/600/556
f 545/589/545 542/585/542 557/601/557 558/602/558
f 546/590/546 543/587/543 559/603/559 560/604/560
f 547/591/547 544/588/544 556/600/556 561/605/561
f 548/592/548 545/589/545 558/602/558 562/606/562
f 549/593/549 546/590/546 560/604/560 563/607/563
f 550/594/550 547/591/547 561/605/561 564/608/564
f 551/595/551 548/592/548 562/606/562 565/609/565
f 552/596/552 549/593/549 563/607/563 566/610/566
f 553/597/553 550/594/550 564/608/564 567/611/567
f 554/598/554 551/595/551 565/609/565 568/612/568
f 532/574/532 552/596/552 566/610/566 569/613/569
f 534/576/534 553/597/553 567/611/567 570/614/570
f 536/578/536 554/598/554 568/612/568 571/615/571
f 533/575/533 532/574/532 569/613/569 572/616/572
f 535/577/535 534/576/534 570/614/570 573/617/573
f 537/579/537 536/578/536 571/615/571 574/618/574
f 538/580/538 533/575/533 572/616/572 575/619/575
f 539/581/539 535/577/535 573/617/573 576/620/576
f 540/583/540 48/621/48 577/622/577
f 541/584/541 537/579/537 574/618/574 555/599/555
f 542/585/542 538/580/538 575/619/575 557/601/557
f 5/623/5 539/581/539 576/620/576
f 543/587/543 540/583/540 577/622/577 559/603/559
f 566/610/566 563/607/563 578/624/578 579/625/579
f 567/611/567 564/608/564 580/626/580 581/627/581
f 568/612/568 565/609/565 582/628/582 583/629/583
f 569/613/569 566/610/566 579/625/579 584/630/584
f 570/614/570 567/611/567 581/627/581 585/631/585
f 571/615/571 568/612/568 583/629/583 586/632/586
f 572/616/572 569/613/569 584/630/584 587/633/587
f 573/617/573 570/614/570 585/631/585 588/634/588
f 574/618/574 571/615/571 586/632/586 589/635/589
f 575/619/575 572/616/572 587/633/587 590/636/590
f 576/620/576 573/617/573 588/634/588 591/637/591
f 577/622/577 48/638/48 592/639/592
f 555/599/555 574/618/574 589/635/589 593/640/593
f 557/601/557 575/619/575 590/636/590 594/641/594
f 5/642/5 576/620/576 591/637/591
f 559/603/559 577/622/577 592/639/592 595/643/595
f 556/600/556 555/599/555 593/640/593 596/644/596
f 558/602/558 557/601/557 594/641/594 597/645/597
f 560/604/560 559/603/559 595/643/595 598/646/598
f 561/605/561 556/600/556 596/644/596 599/647/599
f 562/606/562 558/602/558 597/645/597 600/648/600
f 563/607/563 560/604/560 598/646/598 578/624/578
f 564/608/564 561/605/561 599/647/599 580/626/580
f 565/609/565 562/606/562 600/648/600 582/628/582
f 590/636/590 587/633/587 601/649/601 602/650/602
f 591/637/591 588/634/588 603/651/603 604/652/604
f 592/639/592 48/653/48 605/654/605
f 593/640/593 589/635/589 606/655/606 607/656/607
f 594/641/594 590/636/590 602/650/602 608/657/608
f 5/658/5 591/637/591 604/652/604
f 595/643/595 592/639/592 605/654/605 609/659/609
f 596/644/596 593/640/593 607/656/607 610/660/610
f 597/645/597 594/641/594 608/657/608 611/661/611
f 598/646/598 595/643/595 609/659/609 612/662/612
f 599/647/599 596/644/596 610/660/610 613/663/613
f 600/648/600 597/645/597 611/661/611 614/664/614
f 578/624/578 598/646/598 612/662/612 615/665/615
f 580/626/580 599/647/599 613/663/613 616/666/616
f 582/628/582 600/648/600 614/664/614 617/667/617
f 579/625/579 578/624/578 615/665/615 618/668/618
f 581/627/581 580/626/580 616/666/616 619/669/619
f 583/629/583 582/628/582 617/667/617 620/670/620
f 584/630/584 579/625/579 618/668/618 621/671/621
f 585/631/585 581/627/581 619/669/619 622/672/622
f 586/632/586 583/629/583 620/670/620 623/673/623
f 587/633/587 584/630/584 621/671/621 601/649/601
f 588/634/588 585/631/585 622/672/622 603/651/603
f 589/635/589 586/632/586 623/673/623 606/655/606
f 613/663/613 610/660/610 624/674/624 625/675/625
f 614/664/614 611/661/611 626/676/626 627/677/627
f 615/665/615 612/662/612 628/678/628 629/679/629
f 616/666/616 613/663/613 625/675/625 630/680/630
f 617/667/617 614/664/614 627/677/627 631/681/631
f 618/668/618 615/665/615 629/679/629 632/682/632
f 619/669/619 616/666/616 630/680/630 633/683/633
f 620/670/620 617/667/617 631/681/631 634/684/634
f 621/671/621 618/668/618 632/682/632 635/685/635
f 622/672/622 619/669/619 633/683/633 636/686/636
f 623/673/623 620/670/620 634/684/634 637/687/637
f 601/649/601 621/671/621 635/685/635 638/688/638
f 603/651/603 622/672/622 636/686/636 639/689/639
f 606/655/606 623/673/623 637/687/637 640/690/640
f 602/650/602 601/649/601 638/688/638 641/691/641
f 604/652/604 603/651/603 639/689/639 642/692/642
f 605/654/605 48/693/48 643/694/643
f 607/656/607 606/655/606 640/690/640 644/695/644
f 608/657/608 602/650/602 641/691/641 645/696/645
f 5/697/5 604/652/604 642/692/642
f 609/659/609 605/654/605 643/694/643 646/698/646
f 610/660/610 607/656/607 644/695/644 624/674/624
f 611/661/611 608/657/608 645/696/645 626/676/626
f 612/662/612 609/659/609 646/698/646 628/678/628
f 635/685/635 632/682/632 647/699/647 648/700/648
f 636/686/636 633/683/633 649/701/649 650/702/650
f 637/687/637 634/684/634 651/703/651 652/704/652
f 638/688/638 635/685/635 648/700/648 653/705/653
f 639/689/639 636/686/636 650/702/650 654/706/654
f 640/690/640 637/687/637 652/704/652 655/707/655
f 641/691/641 638/688/638 653/705/653 656/708/656
f 642/692/642 639/689/639 654/706/654 657/709/657
f 643/694/643 48/710/48 658/711/658
f 644/695/644 640/690/640 655/707/655 659/712/659
f 645/696/645 641/691/641 656/708/656 660/713/660
f 5/714/5 642/692/642 657/709/657
f 646/698/646 643/694/643 658/711/658 661/715/661
f 624/674/624 644/695/644 659/712/659 662/716/662
f 626/676/626 645/696/645 660/713/660 663/717/663
f 628/678/628 646/698/646 661/715/661 664/718/664
f 625/675/625 624/674/624 662/716/662 665/719/665
f 627/677/627 626/676/626 663/717/663 666/720/666
f 629/679/629 628/678/628 664/718/664 667/721/667
f 630/680/630 625/675/625 665/719/665 668/722/668
f 631/681/631 627/677/627 666/720/666 669/723/669
f 632/682/632 629/679/629 667/721/667 647/699/647
f 633/683/633 630/680/630 668/722/668 649/701/649
f 634/684/634 631/681/631 669/723/669 651/703/651
f 660/713/660 656/708/656 670/724/670 671/725/671
f 5/726/5 657/709/657 672/727/672
f 661/715/661 658/711/658 673/728/673 674/729/674
f 662/716/662 659/712/659 675/730/675 676/731/676
f 663/717/663 660/713/660 671/725/671 677/732/677
f 664/718/664 661/715/661 674/729/674 678/733/678
f 665/719/665 662/716/662 676/731/676 679/734/679
f 666/720/666 663/717/663 677/732/677 680/735/680
f 667/721/667 664/718/664 678/733/678 681/736/681
f 668/722/668 665/719/665 679/734/679 682/737/682
f 669/723/669 666/720/666 680/735/680 683/738/683
f 647/699/647 667/721/667 681/736/681 684/739/684
f 649/701/649 668/722/668 682/737/682 685/740/685
f 651/703/651 669/723/669 683/738/683 686/741/686
f 648/700/648 647/699/647 684/739/684 687/742/687
f 650/702/650 649/701/649 685/740/685 688/743/688
f 652/704/652 651/703/651 686/741/686 689/744/689
f 653/705/653 648/700/648 687/742/687 690/745/690
f 654/706/654 650/702/650 688/743/688 691/746/691
f 655/707/655 652/704/652 689/744/689 692/747/692
f 656/708/656 653/705/653 690/745/690 670/724/670
f 657/709/657 654/706/654 691/746/691 672/727/672
f 658/711/658 48/748/48 673/728/673
f 659/712/659 655/707/655 692/747/692 675/730/675
f 682/737/682 679/734/679 693/749/693 694/750/694
f 683/738/683 680/735/680 695/751/695 696/752/696
f 684/739/684 681/736/681 697/753/697 698/754/698
f 685/740/685 682/737/682 694/750/694 699/755/699
f 686/741/686 683/738/683 696/752/696 700/756/700
f 687/742/687 684/739/684 698/754/698 701/757/701
f 688/743/688 685/740/685 699/755/699 702/758/702
f 689/744/689 686/741/686 700/756/700 703/759/703
f 690/745/690 687/742/687 701/757/701 704/760/704
f 691/746/691 688/743/688 702/758/702 705/761/705
f 692/747/692 689/744/689 703/759/703 706/762/706
f 670/724/670 690/745/690 704/760/704 707/763/707
f 672/727/672 691/746/691 705/761/705 708/764/708
f 673/728/673 48/765/48 709/766/709
f 675/730/675 692/747/692 706/762/706 710/767/710
f 671/725/671 670/724/670 707/763/707 711/768/711
f 5/769/5 672/727/672 708/764/708
f 674/729/674 673/728/673 709/766/709 712/770/712
f 676/731/676 675/730/675 710/767/710 713/771/713
f 677/732/677 671/725/671 711/768/711 714/772/714
f 678/733/678 674/729/674 712/770/712 715/773/715
f 679/734/679 676/731/676 713/771/713 693/749/693
f 680/735/680 677/732/677 714/772/714 695/751/695
f 681/736/681 678/733/678 715/773/715 697/753/697
f 704/760/704 701/757/701 716/774/716 717/775/717
f 705/761/705 702/758/702 718/776/718 719/777/719
f 706/762/706 703/759/703 720/778/720 721/779/721
f 707/763/707 704/760/704 717/775/717 722/780/722
f 708/764/708 705/761/705 719/777/719 723/781/723
f 709/766/709 48/782/48 724/783/724
f 710/767/710 706/762/706 721/779/721 725/784/725
f 711/768/711 707/763/707 722/780/722 726/785/726
f 5/786/5 708/764/708 723/781/723
f 712/770/712 709/766/709 724/783/724 727/787/727
f 713/771/713 710/767/710 725/784/725 728/788/728
f 714/772/714 711/768/711 726/785/726 729/789/729
f 715/773/715 712/770/712 727/787/727 730/790/730
f 693/749/693 713/771/713 728/788/728 731/791/731
f 695/751/695 714/772/714 729/789/729 732/792/732
f 697/753/697 715/773/715 730/790/730 733/793/733
f 694/750/694 693/749/693 731/791/731 734/794/734
f 696/752/696 695/751/695 732/792/732 735/795/735
f 698/754/698 697/753/697 733/793/733 736/796/736
f 699/755/699 694/750/694 734/794/734 737/797/737
f 700/756/700 696/752/696 735/795/735 738/798/738
f 701/757/701 698/754/698 736/796/736 716/774/716
f 702/758/702 699/755/699 737/797/737 718/776/718
f 703/759/703 700/756/700 738/798/738 720/778/720
f 729/789/729 726/785/726 739/799/739 740/800/740
f 730/790/730 727/787/727 741/801/741 742/802/742
f 731/791/731 728/788/728 743/803/743 744/804/744
f 732/792/732 729/789/729 740/800/740 745/805/745
f 733/793/733 730/790/730 742/802/742 746/806/746
f 734/794/734 731/791/731 744/804/744 747/807/747
f 735/795/735 732/792/732 745/805/745 748/808/748
f 736/796/736 733/793/733 746/806/746 749/809/749
f 737/797/737 734/794/734 747/807/747 750/810/750
f 738/798/738 735/795/735 748/808/748 751/811/751
f 716/774/716 736/796/736 749/809/749 752/812/752
f 718/776/718 737/797/737 750/810/750 753/813/753
f 720/778/720 738/798/738 751/811/751 754/814/754
f 717/775/717 716/774/716 752/812/752 755/815/755
f 719/777/719 718/776/718 753/813/753 756/816/756
f 721/779/721 720/778/720 754/814/754 757/817/757
f 722/780/722 717/775/717 755/815/755 758/818/758
f 723/781/723 719/777/719 756/816/756 759/819/759
f 724/783/724 48/820/48 760/821/760
f 725/784/725 721/779/721 757/817/757 761/822/761
f 726/785/726 722/780/722 758/818/758 739/799/739
f 5/823/5 723/781/723 759/819/759
f 727/787/727 724/783/724 760/821/760 741/801/741
f 728/788/728 725/784/725 761/822/761 743/803/743
f 750/810/750 747/807/747 762/824/762 763/825/763
f 751/811/751 748/808/748 764/826/764 765/827/765
f 752/812/752 749/809/749 766/828/766 767/829/767
f 753/813/753 750/810/750 763/825/763 768/830/768
f 754/814/754 751/811/751 765/827/765 769/831/769
f 755/815/755 752/812/752 767/829/767 770/832/770
f 756/816/756 753/813/753 768/830/768 771/833/771
f 757/817/757 754/814/754 769/831/769 772/834/772
f 758/818/758 755/815/755 770/832/770 773/835/773
f 759/819/759 756/816/756 771/833/771 774/836/774
f 760/821/760 48/837/48 775/838/775
f 761/822/761 757/817/757 772/834/772 776/839/776
f 739/799/739 758/818/758 773/835/773 777/840/777
f 5/841/5 759/819/759 774/836/774
f 741/801/741 760/821/760 775/838/775 778/842/778
f 743/803/743 761/822/761 776/839/776 779/843/779
f 740/800/740 739/799/739 777/840/777 780/844/780
f 742/802/742 741/801/741 778/842/778 781/845/781
f 744/804/744 743/803/743 779/843/779 782/846/782
f 745/805/745 740/800/740 780/844/780 783/847/783
f 746/806/746 742/802/742 781/845/781 784/848/784
f 747/807/747 744/804/744 782/846/782 762/824/762
f 748/808/748 745/805/745 783/847/783 764/826/764
f 749/809/749 746/806/746 784/848/784 766/828/766
f 773/835/773 770/832/770 785/849/785 786/850/786
f 774/836/774 771/833/771 787/851/787 788/852/788
f 775/838/775 48/853/48 789/854/789
f 776/839/776 772/834/772 790/855/790 791/856/791
f 777/840/777 773/835/773 786/850/786 792/857/792
f 5/858/5 774/836/774 788/852/788
f 778/842/778 775/838/775 789/854/789 793/859/793
f 779/843/779 776/839/776 791/856/791 794/860/794
f 780/844/780 777/840/777 792/857/792 795/861/795
f 781/845/781 778/842/778 793/859/793 796/862/796
f 782/846/782 779/843/779 794/860/794 797/863/797
f 783/847/783 780/844/780 795/861/795 798/864/798
f 784/848/784 781/845/781 796/862/796 799/865/799
f 762/824/762 782/846/782 797/863/797 800/866/800
f 764/826/764 783/847/783 798/864/798 801/867/801
f 766/828/766 784/848/784 799/865/799 802/868/802
f 763/825/763 762/824/762 800/866/800 803/869/803
f 765/827/765 764/826/764 801/867/801 804/870/804
f 767/829/767 766/828/766 802/868/802 805/871/805
f 768/830/768 763/825/763 803/869/803 806/872/806
f 769/831/769 765/827/765 804/870/804 807/873/807
f 770/832/770 767/829/767 805/871/805 785/849/785
f 771/833/771 768/830/768 806/872/806 787/851/787
f 772/834/772 769/831/769 807/873/807 790/855/790
f 796/862/796 793/859/793 808/874/808 809/875/809
f 797/863/797 794/860/794 810/876/810 811/877/811
f 798/864/798 795/861/795 812/878/812 813/879/813
f 799/865/799 796/862/796 809/875/809 814/880/814
f 800/866/800 797/863/797 811/877/811 815/881/815
f 801/867/801 798/864/798 813/879/813 816/882/816
f 802/868/802 799/865/799 814/880/814 817/883/817
f 803/869/803 800/866/800 815/881/815 818/884/818
f 804/870/804 801/867/801 816/882/816 819/885/819
f 805/871/805 802/868/802 817/883/817 820/886/820
f 806/872/806 803/869/803 818/884/818 821/887/821
f 807/873/807 804/870/804 819/885/819 822/888/822
f 785/849/785 805/871/805 820/886/820 823/889/823
f 787/851/787 806/872/806 821/887/821 824/890/824
f 790/855/790 807/873/807 822/888/822 825/891/825
f 786/850/786 785/849/785 823/889/823 826/892/826
f 788/852/788 787/851/787 824/890/824 827/893/827
f 789/854/789 48/894/48 828/895/828
f 791/856/791 790/855/790 825/891/825 829/896/829
f 792/857/792 786/850/786 826/892/826 830/897/830
f 5/898/5 788/852/788 827/893/827
f 793/859/793 789/854/789 828/895/828 808/874/808
f 794/860/794 791/856/791 829/896/829 810/876/810
f 795/861/795 792/857/792 830/897/830 812/878/812
f 820/886/820 817/883/817 831/899/831 832/900/832
f 821/887/821 818/884/818 833/901/833 834/902/834
f 822/888/822 819/885/819 835/903/835 836/904/836
f 823/889/823 820/886/820 832/900/832 837/905/837
f 824/890/824 821/887/821 834/902/834 838/906/838
f 825/891/825 822/888/822 836/904/836 839/907/839
f 826/892/826 823/889/823 837/905/837 840/908/840
f 827/893/827 824/890/824 838/906/838 841/909/841
f 828/895/828 48/910/48 842/911/842
f 829/896/829 825/891/825 839/907/839 843/912/843
f 830/897/830 826/892/826 840/908/840 844/913/844
f 5/914/5 827/893/827 841/909/841
f 808/874/808 828/895/828 842/911/842 845/915/845
f 810/876/810 829/896/829 843/912/843 846/916/846
f 812/878/812 830/897/830 844/913/844 847/917/847
f 809/875/809 808/874/808 845/915/845 848/918/848
f 811/877/811 810/876/810 846/916/846 849/919/849
f 813/879/813 812/878/812 847/917/847 850/920/850
f 814/880/814 809/875/809 848/918/848 851/921/851
f 815/881/815 811/877/811 849/919/849 852/922/852
f 816/882/816 813/879/813 850/920/850 853/923/853
f 817/883/817 814/880/814 851/921/851 831/899/831
f 818/884/818 815/881/815 852/922/852 833/901/833
f 819/885/819 816/882/816 853/923/853 835/903/835
f 843/912/843 839/907/839 854/924/854 855/925/855
f 844/913/844 840/908/840 856/926/856 857/927/857
f 5/928/5 841/909/841 858/929/858
f 845/915/845 842/911/842 859/930/859 860/931/860
f 846/916/846 843/912/843 855/925/855 861/932/861
f 847/917/847 844/913/844 857/927/857 862/933/862
f 848/918/848 845/915/845 860/931/860 863/934/863
f 849/919/849 846/916/846 861/932/861 864/935/864
f 850/920/850 847/917/847 862/933/862 865/936/865
f 851/921/851 848/918/848 863/934/863 866/937/866
f 852/922/852 849/919/849 864/935/864 867/938/867
f 853/923/853 850/920/850 865/936/865 868/939/868
f 831/899/831 851/921/851 866/937/866 869/940/869
f 833/901/833 852/922/852 867/938/867 870/941/870
f 835/903/835 853/923/853 868/939/868 871/942/871
f 832/900/832 831/899/831 869/940/869 872/943/872
f 834/902/834 833/901/833 870/941/870 873/944/873
f 836/904/836 835/903/835 871/942/871 874/945/874
f 837/905/837 832/900/832 872/943/872 875/946/875
f 838/906/838 834/902/834 873/944/873 876/947/876
f 839/907/839 836/904/836 874/945/874 854/924/854
f 840/908/840 837/905/837 875/946/875 856/926/856
f 841/909/841 838/906/838 876/947/876 858/929/858
f 842/911/842 48/948/48 859/930/859
f 866/937/866 863/934/863 877/949/877 878/950/878
f 867/938/867 864/935/864 879/951/879 880/952/880
f 868/939/868 865/936/865 881/953/881 882/954/882
f 869/940/869 866/937/866 878/950/878 883/955/883
f 870/941/870 867/938/867 880/952/880 884/956/884
f 871/942/871 868/939/868 882/954/882 885/957/885
f 872/943/872 869/940/869 883/955/883 886/958/886
f 873/944/873 870/941/870 884/956/884 887/959/887
f 874/945/874 871/942/871 885/957/885 888/960/888
f 875/946/875 872/943/872 886/958/886 889/961/889
f 876/947/876 873/944/873 887/959/887 890/962/890
f 854/924/854 874/945/874 888/960/888 891/963/891
f 856/926/856 875/946/875 889/961/889 892/964/892
f 858/929/858 876/947/876 890/962/890 893/965/893
f 859/930/859 48/966/48 894/967/894
f 855/925/855 854/924/854 891/963/891 895/968/895
f 857/927/857 856/926/856 892/964/892 896/969/896
f 5/970/5 858/929/858 893/965/893
f 860/931/860 859/930/859 894/967/894 897/971/897
f 861/932/861 855/925/855 895/968/895 898/972/898
f 862/933/862 857/927/857 896/969/896 899/973/899
f 863/934/863 860/931/860 897/971/897 877/949/877
f 864/935/864 861/932/861 898/972/898 879/951/879
f 865/936/865 862/933/862 899/973/899 881/953/881
f 889/961/889 886/958/886 900/974/900 901/975/901
f 890/962/890 887/959/887 902/976/902 903/977/903
f 891/963/891 888/960/888 904/978/904 905/979/905
f 892/964/892 889/961/889 901/975/901 906/980/906
f 893/965/893 890/962/890 903/977/903 907/981/907
f 894/967/894 48/982/48 908/983/908
f 895/968/895 891/963/891 905/979/905 909/984/909
f 896/969/896 892/964/892 906/980/906 910/985/910
f 5/986/5 893/965/893 907/981/907
f 897/971/897 894/967/894 908/983/908 911/987/911
f 898/972/898 895/968/895 909/984/909 912/988/912
f 899/973/899 896/969/896 910/985/910 913/989/913
f 877/949/877 897/971/897 911/987/911 914/990/914
f 879/951/879 898/972/898 912/988/912 915/991/915
f 881/953/881 899/973/899 913/989/913 916/992/916
f 878/950/878 877/949/877 914/990/914 917/993/917
f 880/952/880 879/951/879 915/991/915 918/994/918
f 882/954/882 881/953/881 916/992/916 919/995/919
f 883/955/883 878/950/878 917/993/917 920/996/920
f 884/956/884 880/952/880 918/994/918 921/997/921
f 885/957/885 882/954/882 919/995/919 922/998/922
f 886/958/886 883/955/883 920/996/920 900/974/900
f 887/959/887 884/956/884 921/997/921 902/976/902
f 888/960/888 885/957/885 922/998/922 904/978/904
f 912/988/912 909/984/909 923/999/923 924/1000/924
f 913/989/913 910/985/910 925/1001/925 926/1002/926
f 914/990/914 911/987/911 927/1003/927 928/1004/928
f 915/991/915 912/988/912 924/1000/924 929/1005/929
f 916/992/916 913/989/913 926/1002/926 930/1006/930
f 917/993/917 914/990/914 928/1004/928 931/1007/931
f 918/994/918 915/991/915 929/1005/929 932/1008/932
f 919/995/919 916/992/916 930/1006/930 933/1009/933
f 920/996/920 917/993/917 931/1007/931 934/1010/934
f 921/997/921 918/994/918 932/1008/932 935/1011/935
f 922/998/922 919/995/919 933/1009/933 936/1012/936
f 900/974/900 920/996/920 934/1010/934 937/1013/937
f 902/976/902 921/997/921 935/1011/935 938/1014/938
f 904/978/904 922/998/922 936/1012/936 939/1015/939
f 901/975/901 900/974/900 937/1013/937 940/1016/940
f 903/977/903 902/976/902 938/1014/938 941/1017/941
f 905/979/905 904/978/904 939/1015/939 942/1018/942
f 906/980/906 901/975/901 940/1016/940 943/1019/943
f 907/981/907 903/977/903 941/1017/941 944/1020/944
f 908/983/908 48/1021/48 945/1022/945
f 909/984/909 905/979/905 942/1018/942 923/999/923
f 910/985/910 906/980/906 943/1019/943 925/1001/925
f 5/1023/5 907/981/907 944/1020/944
f 911/987/911 908/983/908 945/1022/945 927/1003/927
f 934/1010/934 931/1007/931 946/1024/946 947/1025/947
f 935/1011/935 932/1008/932 948/1026/948 949/1027/949
f 936/1012/936 933/1009/933 950/1028/950 951/1029/951
f 937/1013/937 934/1010/934 947/1025/947 952/1030/952
f 938/1014/938 935/1011/935 949/1027/949 953/1031/953
f 939/1015/939 936/1012/936 951/1029/951 954/1032/954
f 940/1016/940 937/1013/937 952/1030/952 955/1033/955
f 941/1017/941 938/1014/938 953/1031/953 956/1034/956
f 942/1018/942 939/1015/939 954/1032/954 957/1035/957
f 943/1019/943 940/1016/940 955/1033/955 958/1036/958
f 944/1020/944 941/1017/941 956/1034/956 959/1037/959
f 945/1022/945 48/1038/48 960/1039/960
f 923/999/923 942/1018/942 957/1035/957 961/1040/961
f 925/1001/925 943/1019/943 958/1036/958 962/1041/962
f 5/1042/5 944/1020/944 959/1037/959
f 927/1003/927 945/1022/945 960/1039/960 963/1043/963
f 924/1000/924 923/999/923 961/1040/961 964/1044/964
f 926/1002/926 925/1001/925 962/1041/962 965/1045/965
f 928/1004/928 927/1003/927 963/1043/963 966/1046/966
f 929/1005/929 924/1000/924 964/1044/964 967/1047/967
f 930/1006/930 926/1002/926 965/1045/965 968/1048/968
f 931/1007/931 928/1004/928 966/1046/966 946/1024/946
f 932/1008/932 929/1005/929 967/1047/967 948/1026/948
f 933/1009/933 930/1006/930 968/1048/968 950/1028/950
f 958/1036/958 955/1033/955 969/1049/969 970/1050/970
f 959/1037/959 956/1034/956 971/1051/971 972/1052/972
f 960/1039/960 48/1053/48 973/1054/973
f 961/1040/961 957/1035/957 974/1055/974 975/1056/975
f 962/1041/962 958/1036/958 970/1050/970 976/1057/976
f 5/1058/5 959/1037/959 972/1052/972
f 963/1043/963 960/1039/960 973/1054/973 977/1059/977
f 964/1044/964 961/1040/961 975/1056/975 978/1060/978
f 965/1045/965 962/1041/962 976/1057/976 979/1061/979
f 966/1046/966 963/1043/963 977/1059/977 980/1062/980
f 967/1047/967 964/1044/964 978/1060/978 981/1063/981
f 968/1048/968 965/1045/965 979/1061/979 982/1064/982
f 946/1024/946 966/1046/966 980/1062/980 983/1065/983
f 948/1026/948 967/1047/967 981/1063/981 984/1066/984
f 950/1028/950 968/1048/968 982/1064/982 985/1067/985
f 947/1025/947 946/1024/946 983/1065/983 986/1068/986
f 949/1027/949 948/1026/948 984/1066/984 987/1069/987
f 951/1029/951 950/1028/950 985/1067/985 988/1070/988
f 952/1030/952 947/1025/947 986/1068/986 989/1071/989
f 953/1031/953 949/1027/949 987/1069/987 990/1072/990
f 954/1032/954 951/1029/951 988/1070/988 991/1073/991
f 955/1033/955 952/1030/952 989/1071/989 969/1049/969
f 956/1034/956 953/1031/953 990/1072/990 971/1051/971
f 957/1035/957 954/1032/954 991/1073/991 974/1055/974
f 981/1063/981 978/1060/978 992/1074/992 993/1075/993
f 982/1064/982 979/1061/979 994/1076/994 995/1077/995
f 983/1065/983 980/1062/980 996/1078/996 997/1079/997
f 984/1066/984 981/1063/981 993/1075/993 998/1080/998
f 985/1067/985 982/1064/982 995/1077/995 999/1081/999
f 986/1068/986 983/1065/983 997/1079/997 1000/1082/1000
f 987/1069/987 984/1066/984 998/1080/998 1001/1083/1001
f 988/1070/988 985/1067/985 999/1081/999 1002/1084/1002
f 989/1071/989 986/1068/986 1000/1082/1000 1003/1085/1003
f 990/1072/990 987/1069/987 1001/1083/1001 1004/1086/1004
f 991/1073/991 988/1070/988 1002/1084/1002 1005/1087/1005
f 969/1049/969 989/1071/989 1003/1085/1003 1006/1088/1006
f 971/1051/971 990/1072/990 1004/1086/1004 1007/1089/1007
f 974/1055/974 991/1073/991 1005/1087/1005 1008/1090/1008
f 970/1050/970 969/1049/969 1006/1088/1006 1009/1091/1009
f 972/1052/972 971/1051/971 1007/1089/1007 1010/1092/1010
f 973/1054/973 48/1093/48 1011/1094/1011
f 975/1056/975 974/1055/974 1008/1090/1008 1012/1095/1012
f 976/1057/976 970/1050/970 1009/1091/1009 1013/1096/1013
f 5/1097/5 972/1052/972 1010/1092/1010
f 977/1059/977 973/1054/973 1011/1094/1011 1014/1098/1014
f 978/1060/978 975/1056/975 1012/1095/1012 992/1074/992
f 979/1061/979 976/1057/976 1013/1096/1013 994/1076/994
f 980/1062/980 977/1059/977 1014/1098/1014 996/1078/996
f 1003/1085/1003 1000/1082/1000 1015/1099/1015 1016/1100/1016
f 1004/1086/1004 1001/1083/1001 1017/1101/1017 1018/1102/1018
f 1005/1087/1005 1002/1084/1002 1019/1103/1019 1020/1104/1020
f 1006/1088/1006 1003/1085/1003 1016/1100/1016 1021/1105/1021
f 1007/1089/1007 1004/1086/1004 1018/1102/1018 1022/1106/1022
f 1008/1090/1008 1005/1087/1005 1020/1104/1020 1023/1107/1023
f 1009/1091/1009 1006/1088/1006 1021/1105/1021 1024/1108/1024
f 1010/1092/1010 1007/1089/1007 1022/1106/1022 1025/1109/1025
f 1011/1094/1011 48/1110/48 1026/1111/1026
f 1012/1095/1012 1008/1090/1008 1023/1107/1023 1027/1112/1027
f 1013/1096/1013 1009/1091/1009 1024/1108/1024 1028/1113/1028
f 5/1114/5 1010/1092/1010 1025/1109/1025
f 1014/1098/1014 1011/1094/1011 1026/1111/1026 1029/1115/1029
f 992/1074/992 1012/1095/1012 1027/1112/1027 1030/1116/1030
f 994/1076/994 1013/1096/1013 1028/1113/1028 1031/1117/1031
f 996/1078/996 1014/1098/1014 1029/1115/1029 1032/1118/1032
f 993/1075/993 992/1074/992 1030/1116/1030 1033/1119/1033
f 995/1077/995 994/1076/994 1031/1117/1031 1034/1120/1034
f 997/1079/997 996/1078/996 1032/1118/1032 1035/1121/1035
f 998/1080/998 993/1075/993 1033/1119/1033 1036/1122/1036
f 999/1081/999 995/1077/995 1034/1120/1034 1037/1123/1037
f 1000/1082/1000 997/1079/997 1035/1121/1035 1015/1099/1015
f 1001/1083/1001 998/1080/998 1036/1122/1036 1017/1101/1017
f 1002/1084/1002 999/1081/999 1037/1123/1037 1019/1103/1019
f 1028/1113/1028 1024/1108/1024 1038/1124/1038 1039/1125/1039
f 5/1126/5 1025/1109/1025 1040/1127/1040
f 1029/1115/1029 1026/1111/1026 1041/1128/1041 1042/1129/1042
f 1030/1116/1030 1027/1112/1027 1043/1130/1043 1044/1131/1044
f 1031/1117/1031 1028/1113/1028 1039/1125/1039 1045/1132/1045
f 1032/1118/1032 1029/1115/1029 1042/1129/1042 1046/1133/1046
f 1033/1119/1033 1030/1116/1030 1044/1131/1044 1047/1134/1047
f 1034/1120/1034 1031/1117/1031 1045/1132/1045 1048/1135/1048
f 1035/1121/1035 1032/1118/1032 1046/1133/1046 1049/1136/1049
f 1036/1122/1036 1033/1119/1033 1047/1134/1047 1050/1137/1050
f 1037/1123/1037 1034/1120/1034 1048/1135/1048 1051/1138/1051
f 1015/1099/1015 1035/1121/1035 1049/1136/1049 1052/1139/1052
f 1017/1101/1017 1036/1122/1036 1050/1137/1050 1053/1140/1053
f 1019/1103/1019 1037/1123/1037 1051/1138/1051 1054/1141/1054
f 1016/1100/1016 1015/1099/1015 1052/1139/1052 1055/1142/1055
f 1018/1102/1018 1017/1101/1017 1053/1140/1053 1056/1143/1056
f 1020/1104/1020 1019/1103/1019 1054/1141/1054 1057/1144/1057
f 1021/1105/1021 1016/1100/1016 1055/1142/1055 1058/1145/1058
f 1022/1106/1022 1018/1102/1018 1056/1143/1056 1059/1146/1059
f 1023/1107/1023 1020/1104/1020 1057/1144/1057 1060/1147/1060
f 1024/1108/1024 1021/1105/1021 1058/1145/1058 1038/1124/1038
f 1025/1109/1025 1022/1106/1022 1059/1146/1059 1040/1127/1040
f 1026/1111/1026 48/1148/48 1041/1128/1041
f 1027/1112/1027 1023/1107/1023 1060/1147/1060 1043/1130/1043
f 1050/1137/1050 1047/1134/1047 1061/1149/1061 1062/1150/1062
f 1051/1138/1051 1048/1135/1048 1063/1151/1063 1064/1152/1064
f 1052/1139/1052 1049/1136/1049 1065/1153/1065 1066/1154/1066
f 1053/1140/1053 1050/1137/1050 1062/1150/1062 1067/1155/1067
f 1054/1141/1054 1051/1138/1051 1064/1152/1064 1068/1156/1068
f 1055/1142/1055 1052/1139/1052 1066/1154/1066 1069/1157/1069
f 1056/1143/1056 1053/1140/1053 1067/1155/1067 1070/1158/1070
f 1057/1144/1057 1054/1141/1054 1068/1156/1068 1071/1159/1071
f 1058/1145/1058 1055/1142/1055 1069/1157/1069 1072/1160/1072
f 1059/1146/1059 1056/1143/1056 1070/1158/1070 1073/1161/1073
f 1060/1147/1060 1057/1144/1057 1071/1159/1071 1074/1162/1074
f 1038/1124/1038 1058/1145/1058 1072/1160/1072 1075/1163/1075
f 1040/1127/1040 1059/1146/1059 1073/1161/1073 1076/1164/1076
f 1041/1128/1041 48/1165/48 1077/1166/1077
f 1043/1130/1043 1060/1147/1060 1074/1162/1074 1078/1167/1078
f 1039/1125/1039 1038/1124/1038 1075/1163/1075 1079/1168/1079
f 5/1169/5 1040/1127/1040 1076/1164/1076
f 1042/1129/1042 1041/1128/1041 1077/1166/1077 1080/1170/1080
f 1044/1131/1044 1043/1130/1043 1078/1167/1078 1081/1171/1081
f 1045/1132/1045 1039/1125/1039 1079/1168/1079 1082/1172/1082
f 1046/1133/1046 1042/1129/1042 1080/1170/1080 1083/1173/1083
f 1047/1134/1047 1044/1131/1044 1081/1171/1081 1061/1149/1061
f 1048/1135/1048 1045/1132/1045 1082/1172/1082 1063/1151/1063
f 1049/1136/1049 1046/1133/1046 1083/1173/1083 1065/1153/1065
f 1072/1160/1072 1069/1157/1069 1084/1174/1084 1085/1175/1085
f 1073/1161/1073 1070/1158/1070 1086/1176/1086 1087/1177/1087
f 1074/1162/1074 1071/1159/1071 1088/1178/1088 1089/1179/1089
f 1075/1163/1075 1072/1160/1072 1085/1175/1085 1090/1180/1090
f 1076/1164/1076 1073/1161/1073 1087/1177/1087 1091/1181/1091
f 1077/1166/1077 48/1182/48 1092/1183/1092
f 1078/1167/1078 1074/1162/1074 1089/1179/1089 1093/1184/1093
f 1079/1168/1079 1075/1163/1075 1090/1180/1090 1094/1185/1094
f 5/1186/5 1076/1164/1076 1091/1181/1091
f 1080/1170/1080 1077/1166/1077 1092/1183/1092 1095/1187/1095
f 1081/1171/1081 1078/1167/1078 1093/1184/1093 1096/1188/1096
f 1082/1172/1082 1079/1168/1079 1094/1185/1094 1097/1189/1097
f 1083/1173/1083 1080/1170/1080 1095/1187/1095 1098/1190/1098
f 1061/1149/1061 1081/1171/1081 1096/1188/1096 1099/1191/1099
f 1063/1151/1063 1082/1172/1082 1097/1189/1097 1100/1192/1100
f 1065/1153/1065 1083/1173/1083 1098/1190/1098 1101/1193/1101
f 1062/1150/1062 1061/1149/1061 1099/1191/1099 1102/1194/1102
f 1064/1152/1064 1063/1151/1063 1100/1192/1100 1103/1195/1103
f 1066/1154/1066 1065/1153/1065 1101/1193/1101 1104/1196/1104
f 1067/1155/1067 1062/1150/1062 1102/1194/1102 1105/1197/1105
f 1068/1156/1068 1064/1152/1064 1103/1195/1103 1106/1198/1106
f 1069/1157/1069 1066/1154/1066 1104/1196/1104 1084/1174/1084
f 1070/1158/1070 1067/1155/1067 1105/1197/1105 1086/1176/1086
f 1071/1159/1071 1068/1156/1068 1106/1198/1106 1088/1178/1088
f 1097/1189/1097 1094/1185/1094 1107/1199/1107 1108/1200/1108
f 1098/1190/1098 1095/1187/1095 1109/1201/1109 1110/1202/1110
f 1099/1191/1099 1096/1188/1096 1111/1203/1111 1112/1204/1112
f 1100/1192/1100 1097/1189/1097 1108/1200/1108 1113/1205/1113
f 1101/1193/1101 1098/1190/1098 1110/1202/1110 1114/1206/1114
f 1102/1194/1102 1099/1191/1099 1112/1204/1112 1115/1207/1115
f 1103/1195/1103 1100/1192/1100 1113/1205/1113 1116/1208/1116
f 1104/1196/1104 1101/1193/1101 1114/1206/1114 1117/1209/1117
f 1105/1197/1105 1102/1194/1102 1115/1207/1115 1118/1210/1118
f 1106/1198/1106 1103/1195/1103 1116/1208/1116 1119/1211/1119
f 1084/1174/1084 1104/1196/1104 1117/1209/1117 1120/1212/1120
f 1086/1176/1086 1105/1197/1105 1118/1210/1118 1121/1213/1121
f 1088/1178/1088 1106/1198/1106 1119/1211/1119 1122/1214/1122
f 1085/1175/1085 1084/1174/1084 1120/1212/1120 1123/1215/1123
f 1087/1177/1087 1086/1176/1086 1121/1213/1121 1124/1216/1124
f 1089/1179/1089 1088/1178/1088 1122/1214/1122 1125/1217/1125
f 1090/1180/1090 1085/1175/1085 1123/1215/1123 1126/1218/1126
f 1091/1181/1091 1087/1177/1087 1124/1216/1124 1127/1219/1127
f 1092/1183/1092 48/1220/48 1128/1221/1128
f 1093/1184/1093 1089/1179/1089 1125/1217/1125 1129/1222/1129
f 1094/1185/1094 1090/1180/1090 1126/1218/1126 1107/1199/1107
f 5/1223/5 1091/1181/1091 1127/1219/1127
f 1095/1187/1095 1092/1183/1092 1128/1221/1128 1109/1201/1109
f 1096/1188/1096 1093/1184/1093 1129/1222/1129 1111/1203/1111
f 1118/1210/1118 1115/1207/1115 1130/1224/1130 1131/1225/1131
f 1119/1211/1119 1116/1208/1116 1132/1226/1132 1133/1227/1133
f 1120/1212/1120 1117/1209/1117 1134/1228/1134 1135/1229/1135
f 1121/1213/1121 1118/1210/1118 1131/1225/1131 1136/1230/1136
f 1122/1214/1122 1119/1211/1119 1133/1227/1133 1137/1231/1137
f 1123/1215/1123 1120/1212/1120 1135/1229/1135 1138/1232/1138
f 1124/1216/1124 1121/1213/1121 1136/1230/1136 1139/1233/1139
f 1125/1217/1125 1122/1214/1122 1137/1231/1137 1140/1234/1140
f 1126/1218/1126 1123/1215/1123 1138/1232/1138 1141/1235/1141
f 1127/1219/1127 1124/1216/1124 1139/1233/1139 1142/1236/1142
f 1128/1221/1128 48/1237/48 1143/1238/1143
f 1129/1222/1129 1125/1217/1125 1140/1234/1140 1144/1239/1144
f 1107/1199/1107 1126/1218/1126 1141/1235/1141 1145/1240/1145
f 5/1241/5 1127/1219/1127 1142/1236/1142
f 1109/1201/1109 1128/1221/1128 1143/1238/1143 1146/1242/1146
f 1111/1203/1111 1129/1222/1129 1144/1239/1144 1147/1243/1147
f 1108/1200/1108 1107/1199/1107 1145/1240/1145 1148/1244/1148
f 1110/1202/1110 1109/1201/1109 1146/1242/1146 1149/1245/1149
f 1112/1204/1112 1111/1203/1111 1147/1243/1147 1150/1246/1150
f 1113/1205/1113 1108/1200/1108 1148/1244/1148 1151/1247/1151
f 1114/1206/1114 1110/1202/1110 1149/1245/1149 1152/1248/1152
f 1115/1207/1115 1112/1204/1112 1150/1246/1150 1130/1224/1130
f 1116/1208/1116 1113/1205/1113 1151/1247/1151 1132/1226/1132
f 1117/1209/1117 1114/1206/1114 1152/1248/1152 1134/1228/1134
f 1141/1235/1141 1138/1232/1138 1153/1249/1153 1154/1250/1154
f 1142/1236/1142 1139/1233/1139 1155/1251/1155 1156/1252/1156
f 1143/1238/1143 48/1253/48 1157/1254/1157
f 1144/1239/1144 1140/1234/1140 1158/1255/1158 1159/1256/1159
f 1145/1240/1145 1141/1235/1141 1154/1250/1154 1160/1257/1160
f 5/1258/5 1142/1236/1142 1156/1252/1156
f 1146/1242/1146 1143/1238/1143 1157/1254/1157 1161/1259/1161
f 1147/1243/1147 1144/1239/1144 1159/1256/1159 1162/1260/1162
f 1148/1244/1148 1145/1240/1145 1160/1257/1160 1163/1261/1163
f 1149/1245/1149 1146/1242/1146 1161/1259/1161 1164/1262/1164
f 1150/1246/1150 1147/1243/1147 1162/1260/1162 1165/1263/1165
f 1151/1247/1151 1148/1244/1148 1163/1261/1163 1166/1264/1166
f 1152/1248/1152 1149/1245/1149 1164/1262/1164 1167/1265/1167
f 1130/1224/1130 1150/1246/1150 1165/1263/1165 1168/1266/1168
f 1132/1226/1132 1151/1247/1151 1166/1264/1166 1169/1267/1169
f 1134/1228/1134 1152/1248/1152 1167/1265/1167 1170/1268/1170
f 1131/1225/1131 1130/1224/1130 1168/1266/1168 1171/1269/1171
f 1133/1227/1133 1132/1226/1132 1169/1267/1169 1172/1270/1172
f 1135/1229/1135 1134/1228/1134 1170/1268/1170 1173/1271/1173
f 1136/1230/1136 1131/1225/1131 1171/1269/1171 1174/1272/1174
f 1137/1231/1137 1133/1227/1133 1172/1270/1172 1175/1273/1175
f 1138/1232/1138 1135/1229/1135 1173/1271/1173 1153/1249/1153
f 1139/1233/1139 1136/1230/1136 1174/1272/1174 1155/1251/1155
f 1140/1234/1140 1137/1231/1137 1175/1273/1175 1158/1255/1158
f 1166/1264/1166 1163/1261/1163 1176/1274/1176 1177/1275/1177
f 1167/1265/1167 1164/1262/1164 1178/1276/1178 1179/1277/1179
f 1168/1266/1168 1165/1263/1165 1180/1278/1180 1181/1279/1181
f 1169/1267/1169 1166/1264/1166 1177/1275/1177 1182/1280/1182
f 1170/1268/1170 1167/1265/1167 1179/1277/1179 1183/1281/1183
f 1171/1269/1171 1168/1266/1168 1181/1279/1181 1184/1282/1184
f 1172/1270/1172 1169/1267/1169 1182/1280/1182 1185/1283/1185
f 1173/1271/1173 1170/1268/1170 1183/1281/1183 1186/1284/1186
f 1174/1272/1174 1171/1269/1171 1184/1282/1184 1187/1285/1187
f 1175/1273/1175 1172/1270/1172 1185/1283/1185 1188/1286/1188
f 1153/1249/1153 1173/1271/1173 1186/1284/1186 1189/1287/1189
f 1155/1251/1155 1174/1272/1174 1187/1285/1187 1190/1288/1190
f 1158/1255/1158 1175/1273/1175 1188/1286/1188 1191/1289/1191
f 1154/1250/1154 1153/1249/1153 1189/1287/1189 1192/1290/1192
f 1156/1252/1156 1155/1251/1155 1190/1288/1190 1193/1291/1193
f 1157/1254/1157 48/1292/48 1194/1293/1194
f 1159/1256/1159 1158/1255/1158 1191/1289/1191 1195/1294/1195
f 1160/1257/1160 1154/1250/1154 1192/1290/1192 1196/1295/1196
f 5/1296/5 1156/1252/1156 1193/1291/1193
f 1161/1259/1161 1157/1254/1157 1194/1293/1194 1197/1297/1197
f 1162/1260/1162 1159/1256/1159 1195/1294/1195 1198/1298/1198
f 1163/1261/1163 1160/1257/1160 1196/1295/1196 1176/1274/1176
f 1164/1262/1164 1161/1259/1161 1197/1297/1197 1178/1276/1178
f 1165/1263/1165 1162/1260/1162 1198/1298/1198 1180/1278/1180
f 1187/1285/1187 1184/1282/1184 1199/1299/1199 1200/1300/1200
f 1188/1286/1188 1185/1283/1185 1201/1301/1201 1202/1302/1202
f 1189/1287/1189 1186/1284/1186 1203/1303/1203 1204/1304/1204
f 1190/1288/1190 1187/1285/1187 1200/1300/1200 1205/1305/1205
f 1191/1289/1191 1188/1286/1188 1202/1302/1202 1206/1306/1206
f 1192/1290/1192 1189/1287/1189 1204/1304/1204 1207/1307/1207
f 1193/1291/1193 1190/1288/1190 1205/1305/1205 1208/1308/1208
f 1194/1293/1194 48/1309/48 1209/1310/1209
f 1195/1294/1195 1191/1289/1191 1206/1306/1206 1210/1311/1210
f 1196/1295/1196 1192/1290/1192 1207/1307/1207 1211/1312/1211
f 5/1313/5 1193/1291/1193 1208/1308/1208
f 1197/1297/1197 1194/1293/1194 1209/1310/1209 1212/1314/1212
f 1198/1298/1198 1195/1294/1195 1210/1311/1210 1213/1315/1213
f 1176/1274/1176 1196/1295/1196 1211/1312/1211 1214/1316/1214
f 1178/1276/1178 1197/1297/1197 1212/1314/1212 1215/1317/1215
f 1180/1278/1180 1198/1298/1198 1213/1315/1213 1216/1318/1216
f 1177/1275/1177 1176/1274/1176 1214/1316/1214 1217/1319/1217
f 1179/1277/1179 1178/1276/1178 1215/1317/1215 1218/1320/1218
f 1181/1279/1181 1180/1278/1180 1216/1318/1216 1219/1321/1219
f 1182/1280/1182 1177/1275/1177 1217/1319/1217 1220/1322/1220
f 1183/1281/1183 1179/1277/1179 1218/1320/1218 1221/1323/1221
f 1184/1282/1184 1181/1279/1181 1219/1321/1219 1199/1299/1199
f 1185/1283/1185 1182/1280/1182 1220/1322/1220 1201/1301/1201
f 1186/1284/1186 1183/1281/1183 1221/1323/1221 1203/1303/1203
f 1211/1312/1211 1207/1307/1207 1222/1324/1222 1223/1325/1223
f 5/1326/5 1208/1308/1208 1224/1327/1224
f 1212/1314/1212 1209/1310/1209 1225/1328/1225 1226/1329/1226
f 1213/1315/1213 1210/1311/1210 1227/1330/1227 1228/1331/1228
f 1214/1316/1214 1211/1312/1211 1223/1325/1223 1229/1332/1229
f 1215/1317/1215 1212/1314/1212 1226/1329/1226 1230/1333/1230
f 1216/1318/1216 1213/1315/1213 1228/1331/1228 1231/1334/1231
f 1217/1319/1217 1214/1316/1214 1229/1332/1229 1232/1335/1232
f 1218/1320/1218 1215/1317/1215 1230/1333/1230 1233/1336/1233
f 1219/1321/1219 1216/1318/1216 1231/1334/1231 1234/1337/1234
f 1220/1322/1220 1217/1319/1217 1232/1335/1232 1235/1338/1235
f 1221/1323/1221 1218/1320/1218 1233/1336/1233 1236/1339/1236
f 1199/1299/1199 1219/1321/1219 1234/1337/1234 1237/1340/1237
f 1201/1301/1201 1220/1322/1220 1235/1338/1235 1238/1341/1238
f 1203/1303/1203 1221/1323/1221 1236/1339/1236 1239/1342/1239
f 1200/1300/1200 1199/1299/1199 1237/1340/1237 1240/1343/1240
f 1202/1302/1202 1201/1301/1201 1238/1341/1238 1241/1344/1241
f 1204/1304/1204 1203/1303/1203 1239/1342/1239 1242/1345/1242
f 1205/1305/1205 1200/1300/1200 1240/1343/1240 1243/1346/1243
f 1206/1306/1206 1202/1302/1202 1241/1344/1241 1244/1347/1244
f 1207/1307/1207 1204/1304/1204 1242/1345/1242 1222/1324/1222
f 1208/1308/1208 1205/1305/1205 1243/1346/1243 1224/1327/1224
f 1209/1310/1209 48/1348/48 1225/1328/1225
f 1210/1311/1210 1206/1306/1206 1244/1347/1244 1227/1330/1227
f 1235/1338/1235 1232/1335/1232 1245/1349/1245 1246/1350/1246
f 1236/1339/1236 1233/1336/1233 1247/1351/1247 1248/1352/1248
f 1237/1340/1237 1234/1337/1234 1249/1353/1249 1250/1354/1250
f 1238/1341/1238 1235/1338/1235 1246/1350/1246 1251/1355/1251
f 1239/1342/1239 1236/1339/1236 1248/1352/1248 1252/1356/1252
f 1240/1343/1240 1237/1340/1237 1250/1354/1250 1253/1357/1253
f 1241/1344/1241 1238/1341/1238 1251/1355/1251 1254/1358/1254
f 1242/1345/1242 1239/1342/1239 1252/1356/1252 1255/1359/1255
f 1243/1346/1243 1240/1343/1240 1253/1357/1253 1256/1360/1256
f 1244/1347/1244 1241/1344/1241 1254/1358/1254 1257/1361/1257
f 1222/1324/1222 1242/1345/1242 1255/1359/1255 1258/1362/1258
f 1224/1327/1224 1243/1346/1243 1256/1360/1256 1259/1363/1259
f 1225/1328/1225 48/1364/48 1260/1365/1260
f 1227/1330/1227 1244/1347/1244 1257/1361/1257 1261/1366/1261
f 1223/1325/1223 1222/1324/1222 1258/1362/1258 1262/1367/1262
f 5/1368/5 1224/1327/1224 1259/1363/1259
f 1226/1329/1226 1225/1328/1225 1260/1365/1260 1263/1369/1263
f 1228/1331/1228 1227/1330/1227 1261/1366/1261 1264/1370/1264
f 1229/1332/1229 1223/1325/1223 1262/1367/1262 1265/1371/1265
f 1230/1333/1230 1226/1329/1226 1263/1369/1263 1266/1372/1266
f 1231/1334/1231 1228/1331/1228 1264/1370/1264 1267/1373/1267
f 1232/1335/1232 1229/1332/1229 1265/1371/1265 1245/1349/1245
f 1233/1336/1233 1230/1333/1230 1266/1372/1266 1247/1351/1247
f 1234/1337/1234 1231/1334/1231 1267/1373/1267 1249/1353/1249
f 1256/1360/1256 1253/1357/1253 1268/1374/1268 1269/1375/1269
f 1257/1361/1257 1254/1358/1254 1270/1376/1270 1271/1377/1271
f 1258/1362/1258 1255/1359/1255 1272/1378/1272 1273/1379/1273
f 1259/1363/1259 1256/1360/1256 1269/1375/1269 1274/1380/1274
f 1260/1365/1260 48/1381/48 1275/1382/1275
f 1261/1366/1261 1257/1361/1257 1271/1377/1271 1276/1383/1276
f 1262/1367/1262 1258/1362/1258 1273/1379/1273 1277/1384/1277
f 5/1385/5 1259/1363/1259 1274/1380/1274
f 1263/1369/1263 1260/1365/1260 1275/1382/1275 1278/1386/1278
f 1264/1370/1264 1261/1366/1261 1276/1383/1276 1279/1387/1279
f 1265/1371/1265 1262/1367/1262 1277/1384/1277 1280/1388/1280
f 1266/1372/1266 1263/1369/1263 1278/1386/1278 1281/1389/1281
f 1267/1373/1267 1264/1370/1264 1279/1387/1279 1282/1390/1282
f 1245/1349/1245 1265/1371/1265 1280/1388/1280 1283/1391/1283
f 1247/1351/1247 1266/1372/1266 1281/1389/1281 1284/1392/1284
f 1249/1353/1249 1267/1373/1267 1282/1390/1282 1285/1393/1285
f 1246/1350/1246 1245/1349/1245 1283/1391/1283 1286/1394/1286
f 1248/1352/1248 1247/1351/1247 1284/1392/1284 1287/1395/1287
f 1250/1354/1250 1249/1353/1249 1285/1393/1285 1288/1396/1288
f 1251/1355/1251 1246/1350/1246 1286/1394/1286 1289/1397/1289
f 1252/1356/1252 1248/1352/1248 1287/1395/1287 1290/1398/1290
f 1253/1357/1253 1250/1354/1250 1288/1396/1288 1268/1374/1268
f 1254/1358/1254 1251/1355/1251 1289/1397/1289 1270/1376/1270
f 1255/1359/1255 1252/1356/1252 1290/1398/1290 1272/1378/1272
f 1280/1388/1280 1277/1384/1277 1291/1399/1291 1292/1400/1292
f 1281/1389/1281 1278/1386/1278 1293/1401/1293 1294/1402/1294
f 1282/1390/1282 1279/1387/1279 1295/1403/1295 1296/1404/1296
f 1283/1391/1283 1280/1388/1280 1292/1400/1292 1297/1405/1297
f 1284/1392/1284 1281/1389/1281 1294/1402/1294 1298/1406/1298
f 1285/1393/1285 1282/1390/1282 1296/1404/1296 1299/1407/1299
f 1286/1394/1286 1283/1391/1283 1297/1405/1297 1300/1408/1300
f 1287/1395/1287 1284/1392/1284 1298/1406/1298 1301/1409/1301
f 1288/1396/1288 1285/1393/1285 1299/1407/1299 1302/1410/1302
f 1289/1397/1289 1286/1394/1286 1300/1408/1300 1303/1411/1303
f 1290/1398/1290 1287/1395/1287 1301/1409/1301 1304/1412/1304
f 1268/1374/1268 1288/1396/1288 1302/1410/1302 1305/1413/1305
f 1270/1376/1270 1289/1397/1289 1303/1411/1303 1306/1414/1306
f 1272/1378/1272 1290/1398/1290 1304/1412/1304 1307/1415/1307
f 1269/1375/1269 1268/1374/1268 1305/1413/1305 1308/1416/1308
f 1271/1377/1271 1270/1376/1270 1306/1414/1306 1309/1417/1309
f 1273/1379/1273 1272/1378/1272 1307/1415/1307 1310/1418/1310
f 1274/1380/1274 1269/1375/1269 1308/1416/1308 1311/1419/1311
f 1275/1382/1275 48/1420/48 1312/1421/1312
f 1276/1383/1276 1271/1377/1271 1309/1417/1309 1313/1422/1313
f 1277/1384/1277 1273/1379/1273 1310/1418/1310 1291/1399/1291
f 5/1423/5 1274/1380/1274 1311/1419/1311
f 1278/1386/1278 1275/1382/1275 1312/1421/1312 1293/1401/1293
f 1279/1387/1279 1276/1383/1276 1313/1422/1313 1295/1403/1295
f 1303/1411/1303 1300/1408/1300 1314/1424/1314 1315/1425/1315
f 1304/1412/1304 1301/1409/1301 1316/1426/1316 1317/1427/1317
f 1305/1413/1305 1302/1410/1302 1318/1428/1318 1319/1429/1319
f 1306/1414/1306 1303/1411/1303 1315/1425/1315 1320/1430/1320
f 1307/1415/1307 1304/1412/1304 1317/1427/1317 1321/1431/1321
f 1308/1416/1308 1305/1413/1305 1319/1429/1319 1322/1432/1322
f 1309/1417/1309 1306/1414/1306 1320/1430/1320 1323/1433/1323
f 1310/1418/1310 1307/1415/1307 1321/1431/1321 1324/1434/1324
f 1311/1419/1311 1308/1416/1308 1322/1432/1322 1325/1435/1325
f 1312/1421/1312 48/1436/48 1326/1437/1326
f 1313/1422/1313 1309/1417/1309 1323/1433/1323 1327/1438/1327
f 1291/1399/1291 1310/1418/1310 1324/1434/1324 1328/1439/1328
f 5/1440/5 1311/1419/1311 1325/1435/1325
f 1293/1401/1293 1312/1421/1312 1326/1437/1326 1329/1441/1329
f 1295/1403/1295 1313/1422/1313 1327/1438/1327 1330/1442/1330
f 1292/1400/1292 1291/1399/1291 1328/1439/1328 1331/1443/1331
f 1294/1402/1294 1293/1401/1293 1329/1441/1329 1332/1444/1332
f 1296/1404/1296 1295/1403/1295 1330/1442/1330 1333/1445/1333
f 1297/1405/1297 1292/1400/1292 1331/1443/1331 1334/1446/1334
f 1298/1406/1298 1294/1402/1294 1332/1444/1332 1335/1447/1335
f 1299/1407/1299 1296/1404/1296 1333/1445/1333 1336/1448/1336
f 1300/1408/1300 1297/1405/1297 1334/1446/1334 1314/1424/1314
f 1301/1409/1301 1298/1406/1298 1335/1447/1335 1316/1426/1316
f 1302/1410/1302 1299/1407/1299 1336/1448/1336 1318/1428/1318
f 1325/1435/1325 1322/1432/1322 1337/1449/1337 1338/1450/1338
f 1326/1437/1326 48/1451/48 1339/1452/1339
f 1327/1438/1327 1323/1433/1323 1340/1453/1340 1341/1454/1341
f 1328/1439/1328 1324/1434/1324 1342/1455/1342 1343/1456/1343
f 5/1457/5 1325/1435/1325 1338/1450/1338
f 1329/1441/1329 1326/1437/1326 1339/1452/1339 1344/1458/1344
f 1330/1442/1330 1327/1438/1327 1341/1454/1341 1345/1459/1345
f 1331/1443/1331 1328/1439/1328 1343/1456/1343 1346/1460/1346
f 1332/1444/1332 1329/1441/1329 1344/1458/1344 1347/1461/1347
f 1333/1445/1333 1330/1442/1330 1345/1459/1345 1348/1462/1348
f 1334/1446/1334 1331/1443/1331 1346/1460/1346 1349/1463/1349
f 1335/1447/1335 1332/1444/1332 1347/1461/1347 1350/1464/1350
f 1336/1448/1336 1333/1445/1333 1348/1462/1348 1351/1465/1351
f 1314/1424/1314 1334/1446/1334 1349/1463/1349 1352/1466/1352
f 1316/1426/1316 1335/1447/1335 1350/1464/1350 1353/1467/1353
f 1318/1428/1318 1336/1448/1336 1351/1465/1351 1354/1468/1354
f 1315/1425/1315 1314/1424/1314 1352/1466/1352 1355/1469/1355
f 1317/1427/1317 1316/1426/1316 1353/1467/1353 1356/1470/1356
f 1319/1429/1319 1318/1428/1318 1354/1468/1354 1357/1471/1357
f 1320/1430/1320 1315/1425/1315 1355/1469/1355 1358/1472/1358
f 1321/1431/1321 1317/1427/1317 1356/1470/1356 1359/1473/1359
f 1322/1432/1322 1319/1429/1319 1357/1471/1357 1337/1449/1337
f 1323/1433/1323 1320/1430/1320 1358/1472/1358 1340/1453/1340
f 1324/1434/1324 1321/1431/1321 1359/1473/1359 1342/1455/1342
f 1349/1463/1349 1346/1460/1346 1360/1474/1360 1361/1475/1361
f 1350/1464/1350 1347/1461/1347 1362/1476/1362 1363/1477/1363
f 1351/1465/1351 1348/1462/1348 1364/1478/1364 1365/1479/1365
f 1352/1466/1352 1349/1463/1349 1361/1475/1361 1366/1480/1366
f 1353/1467/1353 1350/1464/1350 1363/1477/1363 1367/1481/1367
f 1354/1468/1354 1351/1465/1351 1365/1479/1365 1368/1482/1368
f 1355/1469/1355 1352/1466/1352 1366/1480/1366 1369/1483/1369
f 1356/1470/1356 1353/1467/1353 1367/1481/1367 1370/1484/1370
f 1357/1471/1357 1354/1468/1354 1368/1482/1368 1371/1485/1371
f 1358/1472/1358 1355/1469/1355 1369/1483/1369 1372/1486/1372
f 1359/1473/1359 1356/1470/1356 1370/1484/1370 1373/1487/1373
f 1337/1449/1337 1357/1471/1357 1371/1485/1371 1374/1488/1374
f 1340/1453/1340 1358/1472/1358 1372/1486/1372 1375/1489/1375
f 1342/1455/1342 1359/1473/1359 1373/1487/1373 1376/1490/1376
f 1338/1450/1338 1337/1449/1337 1374/1488/1374 1377/1491/1377
f 1339/1452/1339 48/1492/48 1378/1493/1378
f 1341/1454/1341 1340/1453/1340 1375/1489/1375 1379/1494/1379
f 1343/1456/1343 1342/1455/1342 1376/1490/1376 1380/1495/1380
f 5/1496/5 1338/1450/1338 1377/1491/1377
f 1344/1458/1344 1339/1452/1339 1378/1493/1378 1381/1497/1381
f 1345/1459/1345 1341/1454/1341 1379/1494/1379 1382/1498/1382
f 1346/1460/1346 1343/1456/1343 1380/1495/1380 1360/1474/1360
f 1347/1461/1347 1344/1458/1344 1381/1497/1381 1362/1476/1362
f 1348/1462/1348 1345/1459/1345 1382/1498/1382 1364/1478/1364
f 1372/1486/1372 1369/1483/1369 1383/1499/1383 1384/1500/1384
f 1373/1487/1373 1370/1484/1370 1385/1501/1385 1386/1502/1386
f 1374/1488/1374 1371/1485/1371 1387/1503/1387 1388/1504/1388
f 1375/1489/1375 1372/1486/1372 1384/1500/1384 1389/1505/1389
f 1376/1490/1376 1373/1487/1373 1386/1502/1386 1390/1506/1390
f 1377/1491/1377 1374/1488/1374 1388/1504/1388 1391/1507/1391
f 1378/1493/1378 48/1508/48 1392/1509/1392
f 1379/1494/1379 1375/1489/1375 1389/1505/1389 1393/1510/1393
f 1380/1495/1380 1376/1490/1376 1390/1506/1390 1394/1511/1394
f 5/1512/5 1377/1491/1377 1391/1507/1391
f 1381/1497/1381 1378/1493/1378 1392/1509/1392 1395/1513/1395
f 1382/1498/1382 1379/1494/1379 1393/1510/1393 1396/1514/1396
f 1360/1474/1360 1380/1495/1380 1394/1511/1394 1397/1515/1397
f 1362/1476/1362 1381/1497/1381 1395/1513/1395 1398/1516/1398
f 1364/1478/1364 1382/1498/1382 1396/1514/1396 1399/1517/1399
f 1361/1475/1361 1360/1474/1360 1397/1515/1397 1400/1518/1400
f 1363/1477/1363 1362/1476/1362 1398/1516/1398 1401/1519/1401
f 1365/1479/1365 1364/1478/1364 1399/1517/1399 1402/1520/1402
f 1366/1480/1366 1361/1475/1361 1400/1518/1400 1403/1521/1403
f 1367/1481/1367 1363/1477/1363 1401/1519/1401 1404/1522/1404
f 1368/1482/1368 1365/1479/1365 1402/1520/1402 1405/1523/1405
f 1369/1483/1369 1366/1480/1366 1403/1521/1403 1383/1499/1383
f 1370/1484/1370 1367/1481/1367 1404/1522/1404 1385/1501/1385
f 1371/1485/1371 1368/1482/1368 1405/1523/1405 1387/1503/1387
f 5/1524/5 1391/1507/1391 1406/1525/1406
f 1395/1513/1395 1392/1509/1392 1407/1526/1407 1408/1527/1408
f 1396/1514/1396 1393/1510/1393 1409/1528/1409 1410/1529/1410
f 1397/1515/1397 1394/1511/1394 1411/1530/1411 1412/1531/1412
f 1398/1516/1398 1395/1513/1395 1408/1527/1408 1413/1532/1413
f 1399/1517/1399 1396/1514/1396 1410/1529/1410 1414/1533/1414
f 1400/1518/1400 1397/1515/1397 1412/1531/1412 1415/1534/1415
f 1401/1519/1401 1398/1516/1398 1413/1532/1413 1416/1535/1416
f 1402/1520/1402 1399/1517/1399 1414/1533/1414 1417/1536/1417
f 1403/1521/1403 1400/1518/1400 1415/1534/1415 1418/1537/1418
f 1404/1522/1404 1401/1519/1401 1416/1535/1416 1419/1538/1419
f 1405/1523/1405 1402/1520/1402 1417/1536/1417 1420/1539/1420
f 1383/1499/1383 1403/1521/1403 1418/1537/1418 1421/1540/1421
f 1385/1501/1385 1404/1522/1404 1419/1538/1419 1422/1541/1422
f 1387/1503/1387 1405/1523/1405 1420/1539/1420 1423/1542/1423
f 1384/1500/1384 1383/1499/1383 1421/1540/1421 1424/1543/1424
f 1386/1502/1386 1385/1501/1385 1422/1541/1422 1425/1544/1425
f 1388/1504/1388 1387/1503/1387 1423/1542/1423 1426/1545/1426
f 1389/1505/1389 1384/1500/1384 1424/1543/1424 1427/1546/1427
f 1390/1506/1390 1386/1502/1386 1425/1544/1425 1428/1547/1428
f 1391/1507/1391 1388/1504/1388 1426/1545/1426 1406/1525/1406
f 1392/1509/1392 48/1548/48 1407/1526/1407
f 1393/1510/1393 1389/1505/1389 1427/1546/1427 1409/1528/1409
f 1394/1511/1394 1390/1506/1390 1428/1547/1428 1411/1530/1411
f 1418/1537/1418 1415/1534/1415 1429/1549/1429 1430/1550/1430
f 1419/1538/1419 1416/1535/1416 1431/1551/1431 1432/1552/1432
f 1420/1539/1420 1417/1536/1417 1433/1553/1433 1434/1554/1434
f 1421/1540/1421 1418/1537/1418 1430/1550/1430 1435/1555/1435
f 1422/1541/1422 1419/1538/1419 1432/1552/1432 1436/1556/1436
f 1423/1542/1423 1420/1539/1420 1434/1554/1434 1437/1557/1437
f 1424/1543/1424 1421/1540/1421 1435/1555/1435 1438/1558/1438
f 1425/1544/1425 1422/1541/1422 1436/1556/1436 1439/1559/1439
f 1426/1545/1426 1423/1542/1423 1437/1557/1437 1440/1560/1440
f 1427/1546/1427 1424/1543/1424 1438/1558/1438 1441/1561/1441
f 1428/1547/1428 1425/1544/1425 1439/1559/1439 1442/1562/1442
f 1406/1525/1406 1426/1545/1426 1440/1560/1440 1443/1563/1443
f 1407/1526/1407 48/1564/48 1444/1565/1444
f 1409/1528/1409 1427/1546/1427 1441/1561/1441 1445/1566/1445
f 1411/1530/1411 1428/1547/1428 1442/1562/1442 1446/1567/1446
f 5/1568/5 1406/1525/1406 1443/1563/1443
f 1408/1527/1408 1407/1526/1407 1444/1565/1444 1447/1569/1447
f 1410/1529/1410 1409/1528/1409 1445/1566/1445 1448/1570/1448
f 1412/1531/1412 1411/1530/1411 1446/1567/1446 1449/1571/1449
f 1413/1532/1413 1408/1527/1408 1447/1569/1447 1450/1572/1450
f 1414/1533/1414 1410/1529/1410 1448/1570/1448 1451/1573/1451
f 1415/1534/1415 1412/1531/1412 1449/1571/1449 1429/1549/1429
f 1416/1535/1416 1413/1532/1413 1450/1572/1450 1431/1551/1431
f 1417/1536/1417 1414/1533/1414 1451/1573/1451 1433/1553/1433
f 1441/1561/1441 1438/1558/1438 1452/1574/1452 1453/1575/1453
f 1442/1562/1442 1439/1559/1439 1454/1576/1454 1455/1577/1455
f 1443/1563/1443 1440/1560/1440 1456/1578/1456 1457/1579/1457
f 1444/1565/1444 48/1580/48 1458/1581/1458
f 1445/1566/1445 1441/1561/1441 1453/1575/1453 1459/1582/1459
f 1446/1567/1446 1442/1562/1442 1455/1577/1455 1460/1583/1460
f 5/1584/5 1443/1563/1443 1457/1579/1457
f 1447/1569/1447 1444/1565/1444 1458/1581/1458 1461/1585/1461
f 1448/1570/1448 1445/1566/1445 1459/1582/1459 1462/1586/1462
f 1449/1571/1449 1446/1567/1446 1460/1583/1460 1463/1587/1463
f 1450/1572/1450 1447/1569/1447 1461/1585/1461 1464/1588/1464
f 1451/1573/1451 1448/1570/1448 1462/1586/1462 1465/1589/1465
f 1429/1549/1429 1449/1571/1449 1463/1587/1463 1466/1590/1466
f 1431/1551/1431 1450/1572/1450 1464/1588/1464 1467/1591/1467
f 1433/1553/1433 1451/1573/1451 1465/1589/1465 1468/1592/1468
f 1430/1550/1430 1429/1549/1429 1466/1590/1466 1469/1593/1469
f 1432/1552/1432 1431/1551/1431 1467/1591/1467 1470/1594/1470
f 1434/1554/1434 1433/1553/1433 1468/1592/1468 1471/1595/1471
f 1435/1555/1435 1430/1550/1430 1469/1593/1469 1472/1596/1472
f 1436/1556/1436 1432/1552/1432 1470/1594/1470 1473/1597/1473
f 1437/1557/1437 1434/1554/1434 1471/1595/1471 1474/1598/1474
f 1438/1558/1438 1435/1555/1435 1472/1596/1472 1452/1574/1452
f 1439/1559/1439 1436/1556/1436 1473/1597/1473 1454/1576/1454
f 1440/1560/1440 1437/1557/1437 1474/1598/1474 1456/1578/1456
f 1464/1588/1464 1461/1585/1461 1475/1599/1475 1476/1600/1476
f 1465/1589/1465 1462/1586/1462 1477/1601/1477 1478/1602/1478
f 1466/1590/1466 1463/1587/1463 1479/1603/1479 1480/1604/1480
f 1467/1591/1467 1464/1588/1464 1476/1600/1476 1481/1605/1481
f 1468/1592/1468 1465/1589/1465 1478/1602/1478 1482/1606/1482
f 1469/1593/1469 1466/1590/1466 1480/1604/1480 1483/1607/1483
f 1470/1594/1470 1467/1591/1467 1481/1605/1481 1484/1608/1484
f 1471/1595/1471 1468/1592/1468 1482/1606/1482 1485/1609/1485
f 1472/1596/1472 1469/1593/1469 1483/1607/1483 1486/1610/1486
f 1473/1597/1473 1470/1594/1470 1484/1608/1484 1487/1611/1487
f 1474/1598/1474 1471/1595/1471 1485/1609/1485 1488/1612/1488
f 1452/1574/1452 1472/1596/1472 1486/1610/1486 1489/1613/1489
f 1454/1576/1454 1473/1597/1473 1487/1611/1487 1490/1614/1490
f 1456/1578/1456 1474/1598/1474 1488/1612/1488 1491/1615/1491
f 1453/1575/1453 1452/1574/1452 1489/1613/1489 1492/1616/1492
f 1455/1577/1455 1454/1576/1454 1490/1614/1490 1493/1617/1493
f 1457/1579/1457 1456/1578/1456 1491/1615/1491 1494/1618/1494
f 1458/1581/1458 48/1619/48 1495/1620/1495
f 1459/1582/1459 1453/1575/1453 1492/1616/1492 1496/1621/1496
f 1460/1583/1460 1455/1577/1455 1493/1617/1493 1497/1622/1497
f 5/1623/5 1457/1579/1457 1494/1618/1494
f 1461/1585/1461 1458/1581/1458 1495/1620/1495 1475/1599/1475
f 1462/1586/1462 1459/1582/1459 1496/1621/1496 1477/1601/1477
f 1463/1587/1463 1460/1583/1460 1497/1622/1497 1479/1603/1479
f 1486/1610/1486 1483/1607/1483 1498/1624/1498 1499/1625/1499
f 1487/1611/1487 1484/1608/1484 1500/1626/1500 1501/1627/1501
f 1488/1612/1488 1485/1609/1485 1502/1628/1502 1503/1629/1503
f 1489/1613/1489 1486/1610/1486 1499/1625/1499 1504/1630/1504
f 1490/1614/1490 1487/1611/1487 1501/1627/1501 1505/1631/1505
f 1491/1615/1491 1488/1612/1488 1503/1629/1503 1506/1632/1506
f 1492/1616/1492 1489/1613/1489 1504/1630/1504 1507/1633/1507
f 1493/1617/1493 1490/1614/1490 1505/1631/1505 1508/1634/1508
f 1494/1618/1494 1491/1615/1491 1506/1632/1506 1509/1635/1509
f 1495/1620/1495 48/1636/48 1510/1637/1510
f 1496/1621/1496 1492/1616/1492 1507/1633/1507 1511/1638/1511
f 1497/1622/1497 1493/1617/1493 1508/1634/1508 1512/1639/1512
f 5/1640/5 1494/1618/1494 1509/1635/1509
f 1475/1599/1475 1495/1620/1495 1510/1637/1510 1513/1641/1513
f 1477/1601/1477 1496/1621/1496 1511/1638/1511 1514/1642/1514
f 1479/1603/1479 1497/1622/1497 1512/1639/1512 1515/1643/1515
f 1476/1600/1476 1475/1599/1475 1513/1641/1513 1516/1644/1516
f 1478/1602/1478 1477/1601/1477 1514/1642/1514 1517/1645/1517
f 1480/1604/1480 1479/1603/1479 1515/1643/1515 1518/1646/1518
f 1481/1605/1481 1476/1600/1476 1516/1644/1516 1519/1647/1519
f 1482/1606/1482 1478/1602/1478 1517/1645/1517 1520/1648/1520
f 1483/1607/1483 1480/1604/1480 1518/1646/1518 1498/1624/1498
f 1484/1608/1484 1481/1605/1481 1519/1647/1519 1500/1626/1500
f 1485/1609/1485 1482/1606/1482 1520/1648/1520 1502/1628/1502
f 1510/1637/1510 48/1649/48 1521/1650/1521
f 1511/1638/1511 1507/1633/1507 1522/1651/1522 1523/1652/1523
f 1512/1639/1512 1508/1634/1508 1524/1653/1524 1525/1654/1525
f 5/1655/5 1509/1635/1509 1526/1656/1526
f 1513/1641/1513 1510/1637/1510 1521/1650/1521 1527/1657/1527
f 1514/1642/1514 1511/1638/1511 1523/1652/1523 1528/1658/1528
f 1515/1643/1515 1512/1639/1512 1525/1654/1525 1529/1659/1529
f 1516/1644/1516 1513/1641/1513 1527/1657/1527 1530/1660/1530
f 1517/1645/1517 1514/1642/1514 1528/1658/1528 1531/1661/1531
f 1518/1646/1518 1515/1643/1515 1529/1659/1529 1532/1662/1532
f 1519/1647/1519 1516/1644/1516 1530/1660/1530 1533/1663/1533
f 1520/1648/1520 1517/1645/1517 1531/1661/1531 1534/1664/1534
f 1498/1624/1498 1518/1646/1518 1532/1662/1532 1535/1665/1535
f 1500/1626/1500 1519/1647/1519 1533/1663/1533 1536/1666/1536
f 1502/1628/1502 1520/1648/1520 1534/1664/1534 1537/1667/1537
f 1499/1625/1499 1498/1624/1498 1535/1665/1535 1538/1668/1538
f 1501/1627/1501 1500/1626/1500 1536/1666/1536 1539/1669/1539
f 1503/1629/1503 1502/1628/1502 1537/1667/1537 1540/1670/1540
f 1504/1630/1504 1499/1625/1499 1538/1668/1538 1541/1671/1541
f 1505/1631/1505 1501/1627/1501 1539/1669/1539 1542/1672/1542
f 1506/1632/1506 1503/1629/1503 1540/1670/1540 1543/1673/1543
f 1507/1633/1507 1504/1630/1504 1541/1671/1541 1522/1651/1522
f 1508/1634/1508 1505/1631/1505 1542/1672/1542 1524/1653/1524
f 1509/1635/1509 1506/1632/1506 1543/1673/1543 1526/1656/1526
f 1533/1663/1533 1530/1660/1530 1544/1674/1544 1545/1675/1545
f 1534/1664/1534 1531/1661/1531 1546/1676/1546 1547/1677/1547
f 1535/1665/1535 1532/1662/1532 1548/1678/1548 1549/1679/1549
f 1536/1666/1536 1533/1663/1533 1545/1675/1545 1550/1680/1550
f 1537/1667/1537 1534/1664/1534 1547/1677/1547 1551/1681/1551
f 1538/1668/1538 1535/1665/1535 1549/1679/1549 1552/1682/1552
f 1539/1669/1539 1536/1666/1536 1550/1680/1550 1553/1683/1553
f 1540/1670/1540 1537/1667/1537 1551/1681/1551 1554/1684/1554
f 1541/1671/1541 1538/1668/1538 1552/1682/1552 1555/1685/1555
f 1542/1672/1542 1539/1669/1539 1553/1683/1553 1556/1686/1556
f 1543/1673/1543 1540/1670/1540 1554/1684/1554 1557/1687/1557
f 1522/1651/1522 1541/1671/1541 1555/1685/1555 1558/1688/1558
f 1524/1653/1524 1542/1672/1542 1556/1686/1556 1559/1689/1559
f 1526/1656/1526 1543/1673/1543 1557/1687/1557 1560/1690/1560
f 1521/1650/1521 48/1691/48 1561/1692/1561
f 1523/1652/1523 1522/1651/1522 1558/1688/1558 1562/1693/1562
f 1525/1654/1525 1524/1653/1524 1559/1689/1559 1563/1694/1563
f 5/1695/5 1526/1656/1526 1560/1690/1560
f 1527/1657/1527 1521/1650/1521 1561/1692/1561 1564/1696/1564
f 1528/1658/1528 1523/1652/1523 1562/1693/1562 1565/1697/1565
f 1529/1659/1529 1525/1654/1525 1563/1694/1563 1566/1698/1566
f 1530/1660/1530 1527/1657/1527 1564/1696/1564 1544/1674/1544
f 1531/1661/1531 1528/1658/1528 1565/1697/1565 1546/1676/1546
f 1532/1662/1532 1529/1659/1529 1566/1698/1566 1548/1678/1548
f 1555/1685/1555 1552/1682/1552 1567/1699/1567 1568/1700/1568
f 1556/1686/1556 1553/1683/1553 1569/1701/1569 1570/1702/1570
f 1547/1677/1547 1546/1676/1546 1571/1703/1571 1572/1704/1572
f 1558/1688/1558 1555/1685/1555 1568/1700/1568 1573/1705/1573
f 1559/1689/1559 1556/1686/1556 1570/1702/1570 1574/1706/1574
f 1561/1692/1561 48/1707/48 1575/1708/1575
f 1551/1681/1551 1547/1677/1547 1572/1704/1572 1576/1709/1576
f 1562/1693/1562 1558/1688/1558 1573/1705/1573 1577/1710/1577
f 1563/1694/1563 1559/1689/1559 1574/1706/1574 1578/1711/1578
f 1564/1696/1564 1561/1692/1561 1575/1708/1575 1579/1712/1579
f 1554/1684/1554 1551/1681/1551 1576/1709/1576 1580/1713/1580
f 1565/1697/1565 1562/1693/1562 1577/1710/1577 1581/1714/1581
f 1566/1698/1566 1563/1694/1563 1578/1711/1578 1582/1715/1582
f 1544/1674/1544 1564/1696/1564 1579/1712/1579 1583/1716/1583
f 1557/1687/1557 1554/1684/1554 1580/1713/1580 1584/1717/1584
f 1546/1676/1546 1565/1697/1565 1581/1714/1581 1571/1703/1571
f 1548/1678/1548 1566/1698/1566 1582/1715/1582 1585/1718/1585
f 1545/1675/1545 1544/1674/1544 1583/1716/1583 1586/1719/1586
f 1560/1690/1560 1557/1687/1557 1584/1717/1584 1587/1720/1587
f 1549/1679/1549 1548/1678/1548 1585/1718/1585 1588/1721/1588
f 1550/1680/1550 1545/1675/1545 1586/1719/1586 1589/1722/1589
f 5/1723/5 1560/1690/1560 1587/1720/1587
f 1552/1682/1552 1549/1679/1549 1588/1721/1588 1567/1699/1567
f 1553/1683/1553 1550/1680/1550 1589/1722/1589 1569/1701/1569
f 1569/1701/1569 1589/1722/1589 1590/1724/1590 1591/1725/1591
f 1580/1713/1580 1576/1709/1576 1592/1726/1592 1593/1727/1593
f 1568/1700/1568 1567/1699/1567 1594/1728/1594 1595/1729/1595
f 1570/1702/1570 1569/1701/1569 1591/1725/1591 1596/1730/1596
f 1584/1717/1584 1580/1713/1580 1593/1727/1593 1597/1731/1597
f 1573/1705/1573 1568/1700/1568 1595/1729/1595 1598/1732/1598
f 1574/1706/1574 1570/1702/1570 1596/1730/1596 1599/1733/1599
f 1587/1720/1587 1584/1717/1584 1597/1731/1597 1600/1734/1600
f 1575/1708/1575 48/1735/48 1601/1736/1601
f 1577/1710/1577 1573/1705/1573 1598/1732/1598 1602/1737/1602
f 1578/1711/1578 1574/1706/1574 1599/1733/1599 1603/1738/1603
f 5/1739/5 1587/1720/1587 1600/1734/1600
f 1579/1712/1579 1575/1708/1575 1601/1736/1601 1604/1740/1604
f 1581/1714/1581 1577/1710/1577 1602/1737/1602 1605/1741/1605
f 1582/1715/1582 1578/1711/1578 1603/1738/1603 1606/1742/1606
f 1583/1716/1583 1579/1712/1579 1604/1740/1604 1607/1743/1607
f 1571/1703/1571 1581/1714/1581 1605/1741/1605 1608/1744/1608
f 1585/1718/1585 1582/1715/1582 1606/1742/1606 1609/1745/1609
f 1586/1719/1586 1583/1716/1583 1607/1743/1607 1610/1746/1610
f 1572/1704/1572 1571/1703/1571 1608/1744/1608 1611/1747/1611
f 1588/1721/1588 1585/1718/1585 1609/1745/1609 1612/1748/1612
f 1589/1722/1589 1586/1719/1586 1610/1746/1610 1590/1724/1590
f 1576/1709/1576 1572/1704/1572 1611/1747/1611 1592/1726/1592
f 1567/1699/1567 1588/1721/1588 1612/1748/1612 1594/1728/1594
f 1603/1738/1603 1599/1733/1599 1613/1749/1613 1614/1750/1614
f 5/1751/5 1600/1734/1600 1615/1752/1615
f 1604/1740/1604 1601/1736/1601 1616/1753/1616 1617/1754/1617
f 1605/1741/1605 1602/1737/1602 1618/1755/1618 1619/1756/1619
f 1606/1742/1606 1603/1738/1603 1614/1750/1614 1620/1757/1620
f 1607/1743/1607 1604/1740/1604 1617/1754/1617 1621/1758/1621
f 1608/1744/1608 1605/1741/1605 1619/1756/1619 1622/1759/1622
f 1609/1745/1609 1606/1742/1606 1620/1757/1620 1623/1760/1623
f 1610/1746/1610 1607/1743/1607 1621/1758/1621 1624/1761/1624
f 1611/1747/1611 1608/1744/1608 1622/1759/1622 1625/1762/1625
f 1612/1748/1612 1609/1745/1609 1623/1760/1623 1626/1763/1626
f 1590/1724/1590 1610/1746/1610 1624/1761/1624 1627/1764/1627
f 1592/1726/1592 1611/1747/1611 1625/1762/1625 1628/1765/1628
f 1594/1728/1594 1612/1748/1612 1626/1763/1626 1629/1766/1629
f 1591/1725/1591 1590/1724/1590 1627/1764/1627 1630/1767/1630
f 1593/1727/1593 1592/1726/1592 1628/1765/1628 1631/1768/1631
f 1595/1729/1595 1594/1728/1594 1629/1766/1629 1632/1769/1632
f 1596/1730/1596 1591/1725/1591 1630/1767/1630 1633/1770/1633
f 1597/1731/1597 1593/1727/1593 1631/1768/1631 1634/1771/1634
f 1598/1732/1598 1595/1729/1595 1632/1769/1632 1635/1772/1635
f 1599/1733/1599 1596/1730/1596 1633/1770/1633 1613/1749/1613
f 1600/1734/1600 1597/1731/1597 1634/1771/1634 1615/1752/1615
f 1601/1736/1601 48/1773/48 1616/1753/1616
f 1602/1737/1602 1598/1732/1598 1635/1772/1635 1618/1755/1618
f 1625/1762/1625 1622/1759/1622 1636/1774/1636 1637/1775/1637
f 1626/1763/1626 1623/1760/1623 1638/1776/1638 1639/1777/1639
f 1627/1764/1627 1624/1761/1624 1640/1778/1640 1641/1779/1641
f 1628/1765/1628 1625/1762/1625 1637/1775/1637 1642/1780/1642
f 1629/1766/1629 1626/1763/1626 1639/1777/1639 1643/1781/1643
f 1630/1767/1630 1627/1764/1627 1641/1779/1641 1644/1782/1644
f 1631/1768/1631 1628/1765/1628 1642/1780/1642 1645/1783/1645
f 1632/1769/1632 1629/1766/1629 1643/1781/1643 1646/1784/1646
f 1633/1770/1633 1630/1767/1630 1644/1782/1644 1647/1785/1647
f 1634/1771/1634 1631/1768/1631 1645/1783/1645 1648/1786/1648
f 1635/1772/1635 1632/1769/1632 1646/1784/1646 1649/1787/1649
f 1613/1749/1613 1633/1770/1633 1647/1785/1647 1650/1788/1650
f 1615/1752/1615 1634/1771/1634 1648/1786/1648 1651/1789/1651
f 1616/1753/1616 48/1790/48 1652/1791/1652
f 1618/1755/1618 1635/1772/1635 1649/1787/1649 1653/1792/1653
f 1614/1750/1614 1613/1749/1613 1650/1788/1650 1654/1793/1654
f 5/1794/5 1615/1752/1615 1651/1789/1651
f 1617/1754/1617 1616/1753/1616 1652/1791/1652 1655/1795/1655
f 1619/1756/1619 1618/1755/1618 1653/1792/1653 1656/1796/1656
f 1620/1757/1620 1614/1750/1614 1654/1793/1654 1657/1797/1657
f 1621/1758/1621 1617/1754/1617 1655/1795/1655 1658/1798/1658
f 1622/1759/1622 1619/1756/1619 1656/1796/1656 1636/1774/1636
f 1623/1760/1623 1620/1757/1620 1657/1797/1657 1638/1776/1638
f 1624/1761/1624 1621/1758/1621 1658/1798/1658 1640/1778/1640
f 1647/1785/1647 1644/1782/1644 1659/1799/1659 1660/1800/1660
f 1648/1786/1648 1645/1783/1645 1661/1801/1661 1662/1802/1662
f 1649/1787/1649 1646/1784/1646 1663/1803/1663 1664/1804/1664
f 1650/1788/1650 1647/1785/1647 1660/1800/1660 1665/1805/1665
f 1651/1789/1651 1648/1786/1648 1662/1802/1662 1666/1806/1666
f 1652/1791/1652 48/1807/48 1667/1808/1667
f 1653/1792/1653 1649/1787/1649 1664/1804/1664 1668/1809/1668
f 1654/1793/1654 1650/1788/1650 1665/1805/1665 1669/1810/1669
f 5/1811/5 1651/1789/1651 1666/1806/1666
f 1655/1795/1655 1652/1791/1652 1667/1808/1667 1670/1812/1670
f 1656/1796/1656 1653/1792/1653 1668/1809/1668 1671/1813/1671
f 1657/1797/1657 1654/1793/1654 1669/1810/1669 1672/1814/1672
f 1658/1798/1658 1655/1795/1655 1670/1812/1670 1673/1815/1673
f 1636/1774/1636 1656/1796/1656 1671/1813/1671 1674/1816/1674
f 1638/1776/1638 1657/1797/1657 1672/1814/1672 1675/1817/1675
f 1640/1778/1640 1658/1798/1658 1673/1815/1673 1676/1818/1676
f 1637/1775/1637 1636/1774/1636 1674/1816/1674 1677/1819/1677
f 1639/1777/1639 1638/1776/1638 1675/1817/1675 1678/1820/1678
f 1641/1779/1641 1640/1778/1640 1676/1818/1676 1679/1821/1679
f 1642/1780/1642 1637/1775/1637 1677/1819/1677 1680/1822/1680
f 1643/1781/1643 1639/1777/1639 1678/1820/1678 1681/1823/1681
f 1644/1782/1644 1641/1779/1641 1679/1821/1679 1659/1799/1659
f 1645/1783/1645 1642/1780/1642 1680/1822/1680 1661/1801/1661
f 1646/1784/1646 1643/1781/1643 1681/1823/1681 1663/1803/1663
f 1672/1814/1672 1669/1810/1669 1682/1824/1682 1683/1825/1683
f 1673/1815/1673 1670/1812/1670 1684/1826/1684 1685/1827/1685
f 1674/1816/1674 1671/1813/1671 1686/1828/1686 1687/1829/1687
f 1675/1817/1675 1672/1814/1672 1683/1825/1683 1688/1830/1688
f 1676/1818/1676 1673/1815/1673 1685/1827/1685 1689/1831/1689
f 1677/1819/1677 1674/1816/1674 1687/1829/1687 1690/1832/1690
f 1678/1820/1678 1675/1817/1675 1688/1830/1688 1691/1833/1691
f 1679/1821/1679 1676/1818/1676 1689/1831/1689 1692/1834/1692
f 1680/1822/1680 1677/1819/1677 1690/1832/1690 1693/1835/1693
f 1681/1823/1681 1678/1820/1678 1691/1833/1691 1694/1836/1694
f 1659/1799/1659 1679/1821/1679 1692/1834/1692 1695/1837/1695
f 1661/1801/1661 1680/1822/1680 1693/1835/1693 1696/1838/1696
f 1663/1803/1663 1681/1823/1681 1694/1836/1694 1697/1839/1697
f 1660/1800/1660 1659/1799/1659 1695/1837/1695 1698/1840/1698
f 1662/1802/1662 1661/1801/1661 1696/1838/1696 1699/1841/1699
f 1664/1804/1664 1663/1803/1663 1697/1839/1697 1700/1842/1700
f 1665/1805/1665 1660/1800/1660 1698/1840/1698 1701/1843/1701
f 1666/1806/1666 1662/1802/1662 1699/1841/1699 1702/1844/1702
f 1667/1808/1667 48/1845/48 1703/1846/1703
f 1668/1809/1668 1664/1804/1664 1700/1842/1700 1704/1847/1704
f 1669/1810/1669 1665/1805/1665 1701/1843/1701 1682/1824/1682
f 5/1848/5 1666/1806/1666 1702/1844/1702
f 1670/1812/1670 1667/1808/1667 1703/1846/1703 1684/1826/1684
f 1671/1813/1671 1668/1809/1668 1704/1847/1704 1686/1828/1686
f 1693/1835/1693 1690/1832/1690 1705/1849/1705 1706/1850/1706
f 1694/1836/1694 1691/1833/1691 1707/1851/1707 1708/1852/1708
f 1695/1837/1695 1692/1834/1692 1709/1853/1709 1710/1854/1710
f 1696/1838/1696 1693/1835/1693 1706/1850/1706 1711/1855/1711
f 1697/1839/1697 1694/1836/1694 1708/1852/1708 1712/1856/1712
f 1698/1840/1698 1695/1837/1695 1710/1854/1710 1713/1857/1713
f 1699/1841/1699 1696/1838/1696 1711/1855/1711 1714/1858/1714
f 1700/1842/1700 1697/1839/1697 1712/1856/1712 1715/1859/1715
f 1701/1843/1701 1698/1840/1698 1713/1857/1713 1716/1860/1716
f 1702/1844/1702 1699/1841/1699 1714/1858/1714 1717/1861/1717
f 1703/1846/1703 48/1862/48 1718/1863/1718
f 1704/1847/1704 1700/1842/1700 1715/1859/1715 1719/1864/1719
f 1682/1824/1682 1701/1843/1701 1716/1860/1716 1720/1865/1720
f 5/1866/5 1702/1844/1702 1717/1861/1717
f 1684/1826/1684 1703/1846/1703 1718/1863/1718 1721/1867/1721
f 1686/1828/1686 1704/1847/1704 1719/1864/1719 1722/1868/1722
f 1683/1825/1683 1682/1824/1682 1720/1865/1720 1723/1869/1723
f 1685/1827/1685 1684/1826/1684 1721/1867/1721 1724/1870/1724
f 1687/1829/1687 1686/1828/1686 1722/1868/1722 1725/1871/1725
f 1688/1830/1688 1683/1825/1683 1723/1869/1723 1726/1872/1726
f 1689/1831/1689 1685/1827/1685 1724/1870/1724 1727/1873/1727
f 1690/1832/1690 1687/1829/1687 1725/1871/1725 1705/1849/1705
f 1691/1833/1691 1688/1830/1688 1726/1872/1726 1707/1851/1707
f 1692/1834/1692 1689/1831/1689 1727/1873/1727 1709/1853/1709
f 1716/1860/1716 1713/1857/1713 1728/1874/1728 1729/1875/1729
f 1717/1861/1717 1714/1858/1714 1730/1876/1730 1731/1877/1731
f 1718/1863/1718 48/1878/48 1732/1879/1732
f 1719/1864/1719 1715/1859/1715 1733/1880/1733 1734/1881/1734
f 1720/1865/1720 1716/1860/1716 1729/1875/1729 1735/1882/1735
f 5/1883/5 1717/1861/1717 1731/1877/1731
f 1721/1867/1721 1718/1863/1718 1732/1879/1732 1736/1884/1736
f 1722/1868/1722 1719/1864/1719 1734/1881/1734 1737/1885/1737
f 1723/1869/1723 1720/1865/1720 1735/1882/1735 1738/1886/1738
f 1724/1870/1724 1721/1867/1721 1736/1884/1736 1739/1887/1739
f 1725/1871/1725 1722/1868/1722 1737/1885/1737 1740/1888/1740
f 1726/1872/1726 1723/1869/1723 1738/1886/1738 1741/1889/1741
f 1727/1873/1727 1724/1870/1724 1739/1887/1739 1742/1890/1742
f 1705/1849/1705 1725/1871/1725 1740/1888/1740 1743/1891/1743
f 1707/1851/1707 1726/1872/1726 1741/1889/1741 1744/1892/1744
f 1709/1853/1709 1727/1873/1727 1742/1890/1742 1745/1893/1745
f 1706/1850/1706 1705/1849/1705 1743/1891/1743 1746/1894/1746
f 1708/1852/1708 1707/1851/1707 1744/1892/1744 1747/1895/1747
f 1710/1854/1710 1709/1853/1709 1745/1893/1745 1748/1896/1748
f 1711/1855/1711 1706/1850/1706 1746/1894/1746 1749/1897/1749
f 1712/1856/1712 1708/1852/1708 1747/1895/1747 1750/1898/1750
f 1713/1857/1713 1710/1854/1710 1748/1896/1748 1728/1874/1728
f 1714/1858/1714 1711/1855/1711 1749/1897/1749 1730/1876/1730
f 1715/1859/1715 1712/1856/1712 1750/1898/1750 1733/1880/1733
f 1741/1889/1741 1738/1886/1738 1751/1899/1751 1752/1900/1752
f 1742/1890/1742 1739/1887/1739 1753/1901/1753 1754/1902/1754
f 1743/1891/1743 1740/1888/1740 1755/1903/1755 1756/1904/1756
f 1744/1892/1744 1741/1889/1741 1752/1900/1752 1757/1905/1757
f 1745/1893/1745 1742/1890/1742 1754/1902/1754 1758/1906/1758
f 1746/1894/1746 1743/1891/1743 1756/1904/1756 1759/1907/1759
f 1747/1895/1747 1744/1892/1744 1757/1905/1757 1760/1908/1760
f 1748/1896/1748 1745/1893/1745 1758/1906/1758 1761/1909/1761
f 1749/1897/1749 1746/1894/1746 1759/1907/1759 1762/1910/1762
f 1750/1898/1750 1747/1895/1747 1760/1908/1760 1763/1911/1763
f 1728/1874/1728 1748/1896/1748 1761/1909/1761 1764/1912/1764
f 1730/1876/1730 1749/1897/1749 1762/1910/1762 1765/1913/1765
f 1733/1880/1733 1750/1898/1750 1763/1911/1763 1766/1914/1766
f 1729/1875/1729 1728/1874/1728 1764/1912/1764 1767/1915/1767
f 1731/1877/1731 1730/1876/1730 1765/1913/1765 1768/1916/1768
f 1732/1879/1732 48/1917/48 1769/1918/1769
f 1734/1881/1734 1733/1880/1733 1766/1914/1766 1770/1919/1770
f 1735/1882/1735 1729/1875/1729 1767/1915/1767 1771/1920/1771
f 5/1921/5 1731/1877/1731 1768/1916/1768
f 1736/1884/1736 1732/1879/1732 1769/1918/1769 1772/1922/1772
f 1737/1885/1737 1734/1881/1734 1770/1919/1770 1773/1923/1773
f 1738/1886/1738 1735/1882/1735 1771/1920/1771 1751/1899/1751
f 1739/1887/1739 1736/1884/1736 1772/1922/1772 1753/1901/1753
f 1740/1888/1740 1737/1885/1737 1773/1923/1773 1755/1903/1755
f 1762/1910/1762 1759/1907/1759 1774/1924/1774 1775/1925/1775
f 1763/1911/1763 1760/1908/1760 1776/1926/1776 1777/1927/1777
f 1764/1912/1764 1761/1909/1761 1778/1928/1778 1779/1929/1779
f 1765/1913/1765 1762/1910/1762 1775/1925/1775 1780/1930/1780
f 1766/1914/1766 1763/1911/1763 1777/1927/1777 1781/1931/1781
f 1767/1915/1767 1764/1912/1764 1779/1929/1779 1782/1932/1782
f 1768/1916/1768 1765/1913/1765 1780/1930/1780 1783/1933/1783
f 1769/1918/1769 48/1934/48 1784/1935/1784
f 1770/1919/1770 1766/1914/1766 1781/1931/1781 1785/1936/1785
f 1771/1920/1771 1767/1915/1767 1782/1932/1782 1786/1937/1786
f 5/1938/5 1768/1916/1768 1783/1933/1783
f 1772/1922/1772 1769/1918/1769 1784/1935/1784 1787/1939/1787
f 1773/1923/1773 1770/1919/1770 1785/1936/1785 1788/1940/1788
f 1751/1899/1751 1771/1920/1771 1786/1937/1786 1789/1941/1789
f 1753/1901/1753 1772/1922/1772 1787/1939/1787 1790/1942/1790
f 1755/1903/1755 1773/1923/1773 1788/1940/1788 1791/1943/1791
f 1752/1900/1752 1751/1899/1751 1789/1941/1789 1792/1944/1792
f 1754/1902/1754 1753/1901/1753 1790/1942/1790 1793/1945/1793
f 1756/1904/1756 1755/1903/1755 1791/1943/1791 1794/1946/1794
f 1757/1905/1757 1752/1900/1752 1792/1944/1792 1795/1947/1795
f 1758/1906/1758 1754/1902/1754 1793/1945/1793 1796/1948/1796
f 1759/1907/1759 1756/1904/1756 1794/1946/1794 1774/1924/1774
f 1760/1908/1760 1757/1905/1757 1795/1947/1795 1776/1926/1776
f 1761/1909/1761 1758/1906/1758 1796/1948/1796 1778/1928/1778
f 1786/1937/1786 1782/1932/1782 1797/1949/1797 1798/1950/1798
f 5/1951/5 1783/1933/1783 1799/1952/1799
f 1787/1939/1787 1784/1935/1784 1800/1953/1800 1801/1954/1801
f 1788/1940/1788 1785/1936/1785 1802/1955/1802 1803/1956/1803
f 1789/1941/1789 1786/1937/1786 1798/1950/1798 1804/1957/1804
f 1790/1942/1790 1787/1939/1787 1801/1954/1801 1805/1958/1805
f 1791/1943/1791 1788/1940/1788 1803/1956/1803 1806/1959/1806
f 1792/1944/1792 1789/1941/1789 1804/1957/1804 1807/1960/1807
f 1793/1945/1793 1790/1942/1790 1805/1958/1805 1808/1961/1808
f 1794/1946/1794 1791/1943/1791 1806/1959/1806 1809/1962/1809
f 1795/1947/1795 1792/1944/1792 1807/1960/1807 1810/1963/1810
f 1796/1948/1796 1793/1945/1793 1808/1961/1808 1811/1964/1811
f 1774/1924/1774 1794/1946/1794 1809/1962/1809 1812/1965/1812
f 1776/1926/1776 1795/1947/1795 1810/1963/1810 1813/1966/1813
f 1778/1928/1778 1796/1948/1796 1811/1964/1811 1814/1967/1814
f 1775/1925/1775 1774/1924/1774 1812/1965/1812 1815/1968/1815
f 1777/1927/1777 1776/1926/1776 1813/1966/1813 1816/1969/1816
f 1779/1929/1779 1778/1928/1778 1814/1967/1814 1817/1970/1817
f 1780/1930/1780 1775/1925/1775 1815/1968/1815 1818/1971/1818
f 1781/1931/1781 1777/1927/1777 1816/1969/1816 1819/1972/1819
f 1782/1932/1782 1779/1929/1779 1817/1970/1817 1797/1949/1797
f 1783/1933/1783 1780/1930/1780 1818/1971/1818 1799/1952/1799
f 1784/1935/1784 48/1973/48 1800/1953/1800
f 1785/1936/1785 1781/1931/1781 1819/1972/1819 1802/1955/1802
f 1810/1963/1810 1807/1960/1807 1820/1974/1820 1821/1975/1821
f 1811/1964/1811 1808/1961/1808 1822/1976/1822 1823/1977/1823
f 1812/1965/1812 1809/1962/1809 1824/1978/1824 1825/1979/1825
f 1813/1966/1813 1810/1963/1810 1821/1975/1821 1826/1980/1826
f 1814/1967/1814 1811/1964/1811 1823/1977/1823 1827/1981/1827
f 1815/1968/1815 1812/1965/1812 1825/1979/1825 1828/1982/1828
f 1816/1969/1816 1813/1966/1813 1826/1980/1826 1829/1983/1829
f 1817/1970/1817 1814/1967/1814 1827/1981/1827 1830/1984/1830
f 1818/1971/1818 1815/1968/1815 1828/1982/1828 1831/1985/1831
f 1819/1972/1819 1816/1969/1816 1829/1983/1829 1832/1986/1832
f 1797/1949/1797 1817/1970/1817 1830/1984/1830 1833/1987/1833
f 1799/1952/1799 1818/1971/1818 1831/1985/1831 1834/1988/1834
f 1800/1953/1800 48/1989/48 1835/1990/1835
f 1802/1955/1802 1819/1972/1819 1832/1986/1832 1836/1991/1836
f 1798/1950/1798 1797/1949/1797 1833/1987/1833 1837/1992/1837
f 5/1993/5 1799/1952/1799 1834/1988/1834
f 1801/1954/1801 1800/1953/1800 1835/1990/1835 1838/1994/1838
f 1803/1956/1803 1802/1955/1802 1836/1991/1836 1839/1995/1839
f 1804/1957/1804 1798/1950/1798 1837/1992/1837 1840/1996/1840
f 1805/1958/1805 1801/1954/1801 1838/1994/1838 1841/1997/1841
f 1806/1959/1806 1803/1956/1803 1839/1995/1839 1842/1998/1842
f 1807/1960/1807 1804/1957/1804 1840/1996/1840 1820/1974/1820
f 1808/1961/1808 1805/1958/1805 1841/1997/1841 1822/1976/1822
f 1809/1962/1809 1806/1959/1806 1842/1998/1842 1824/1978/1824
f 1831/1985/1831 1828/1982/1828 1843/1999/1843 1844/2000/1844
f 1832/1986/1832 1829/1983/1829 1845/2001/1845 1846/2002/1846
f 1833/1987/1833 1830/1984/1830 1847/2003/1847 1848/2004/1848
f 1834/1988/1834 1831/1985/1831 1844/2000/1844 1849/2005/1849
f 1835/1990/1835 48/2006/48 1850/2007/1850
f 1836/1991/1836 1832/1986/1832 1846/2002/1846 1851/2008/1851
f 1837/1992/1837 1833/1987/1833 1848/2004/1848 1852/2009/1852
f 5/2010/5 1834/1988/1834 1849/2005/1849
f 1838/1994/1838 1835/1990/1835 1850/2007/1850 1853/2011/1853
f 1839/1995/1839 1836/1991/1836 1851/2008/1851 1854/2012/1854
f 1840/1996/1840 1837/1992/1837 1852/2009/1852 1855/2013/1855
f 1841/1997/1841 1838/1994/1838 1853/2011/1853 1856/2014/1856
f 1842/1998/1842 1839/1995/1839 1854/2012/1854 1857/2015/1857
f 1820/1974/1820 1840/1996/1840 1855/2013/1855 1858/2016/1858
f 1822/1976/1822 1841/1997/1841 1856/2014/1856 1859/2017/1859
f 1824/1978/1824 1842/1998/1842 1857/2015/1857 1860/2018/1860
f 1821/1975/1821 1820/1974/1820 1858/2016/1858 1861/2019/1861
f 1823/1977/1823 1822/1976/1822 1859/2017/1859 1862/2020/1862
f 1825/1979/1825 1824/1978/1824 1860/2018/1860 1863/2021/1863
f 1826/1980/1826 1821/1975/1821 1861/2019/1861 1864/2022/1864
f 1827/1981/1827 1823/1977/1823 1862/2020/1862 1865/2023/1865
f 1828/1982/1828 1825/1979/1825 1863/2021/1863 1843/1999/1843
f 1829/1983/1829 1826/1980/1826 1864/2022/1864 1845/2001/1845
f 1830/1984/1830 1827/1981/1827 1865/2023/1865 1847/2003/1847
f 1855/2013/1855 1852/2009/1852 1866/2024/1866 1867/2025/1867
f 1856/2014/1856 1853/2011/1853 1868/2026/1868 1869/2027/1869
f 1857/2015/1857 1854/2012/1854 1870/2028/1870 1871/2029/1871
f 1858/2016/1858 1855/2013/1855 1867/2025/1867 1872/2030/1872
f 1859/2017/1859 1856/2014/1856 1869/2027/1869 1873/2031/1873
f 1860/2018/1860 1857/2015/1857 1871/2029/1871 1874/2032/1874
f 1861/2019/1861 1858/2016/1858 1872/2030/1872 1875/2033/1875
f 1862/2020/1862 1859/2017/1859 1873/2031/1873 1876/2034/1876
f 1863/2021/1863 1860/2018/1860 1874/2032/1874 1877/2035/1877
f 1864/2022/1864 1861/2019/1861 1875/2033/1875 1878/2036/1878
f 1865/2023/1865 1862/2020/1862 1876/2034/1876 1879/2037/1879
f 1843/1999/1843 1863/2021/1863 1877/2035/1877 1880/2038/1880
f 1845/2001/1845 1864/2022/1864 1878/2036/1878 1881/2039/1881
f 1847/2003/1847 1865/2023/1865 1879/2037/1879 1882/2040/1882
f 1844/2000/1844 1843/1999/1843 1880/2038/1880 1883/2041/1883
f 1846/2002/1846 1845/2001/1845 1881/2039/1881 1884/2042/1884
f 1848/2004/1848 1847/2003/1847 1882/2040/1882 1885/2043/1885
f 1849/2005/1849 1844/2000/1844 1883/2041/1883 1886/2044/1886
f 1850/2007/1850 48/2045/48 1887/2046/1887
f 1851/2008/1851 1846/2002/1846 1884/2042/1884 1888/2047/1888
f 1852/2009/1852 1848/2004/1848 1885/2043/1885 1866/2024/1866
f 5/2048/5 1849/2005/1849 1886/2044/1886
f 1853/2011/1853 1850/2007/1850 1887/2046/1887 1868/2026/1868
f 1854/2012/1854 1851/2008/1851 1888/2047/1888 1870/2028/1870
f 1878/2036/1878 1875/2033/1875 1889/2049/1889 1890/2050/1890
f 1879/2037/1879 1876/2034/1876 1891/2051/1891 1892/2052/1892
f 1880/2038/1880 1877/2035/1877 1893/2053/1893 1894/2054/1894
f 1881/2039/1881 1878/2036/1878 1890/2050/1890 1895/2055/1895
f 1882/2040/1882 1879/2037/1879 1892/2052/1892 1896/2056/1896
f 1883/2041/1883 1880/2038/1880 1894/2054/1894 1897/2057/1897
f 1884/2042/1884 1881/2039/1881 1895/2055/1895 1898/2058/1898
f 1885/2043/1885 1882/2040/1882 1896/2056/1896 1899/2059/1899
f 1886/2044/1886 1883/2041/1883 1897/2057/1897 1900/2060/1900
f 1887/2046/1887 48/2061/48 1901/2062/1901
f 1888/2047/1888 1884/2042/1884 1898/2058/1898 1902/2063/1902
f 1866/2024/1866 1885/2043/1885 1899/2059/1899 1903/2064/1903
f 5/2065/5 1886/2044/1886 1900/2060/1900
f 1868/2026/1868 1887/2046/1887 1901/2062/1901 1904/2066/1904
f 1870/2028/1870 1888/2047/1888 1902/2063/1902 1905/2067/1905
f 1867/2025/1867 1866/2024/1866 1903/2064/1903 1906/2068/1906
f 1869/2027/1869 1868/2026/1868 1904/2066/1904 1907/2069/1907
f 1871/2029/1871 1870/2028/1870 1905/2067/1905 1908/2070/1908
f 1872/2030/1872 1867/2025/1867 1906/2068/1906 1909/2071/1909
f 1873/2031/1873 1869/2027/1869 1907/2069/1907 1910/2072/1910
f 1874/2032/1874 1871/2029/1871 1908/2070/1908 1911/2073/1911
f 1875/2033/1875 1872/2030/1872 1909/2071/1909 1889/2049/1889
f 1876/2034/1876 1873/2031/1873 1910/2072/1910 1891/2051/1891
f 1877/2035/1877 1874/2032/1874 1911/2073/1911 1893/2053/1893
f 1900/2060/1900 1897/2057/1897 1912/2074/1912 1913/2075/1913
f 1901/2062/1901 48/2076/48 1914/2077/1914
f 1902/2063/1902 1898/2058/1898 1915/2078/1915 1916/2079/1916
f 1903/2064/1903 1899/2059/1899 1917/2080/1917 1918/2081/1918
f 5/2082/5 1900/2060/1900 1913/2075/1913
f 1904/2066/1904 1901/2062/1901 1914/2077/1914 1919/2083/1919
f 1905/2067/1905 1902/2063/1902 1916/2079/1916 1920/2084/1920
f 1906/2068/1906 1903/2064/1903 1918/2081/1918 1921/2085/1921
f 1907/2069/1907 1904/2066/1904 1919/2083/1919 1922/2086/1922
f 1908/2070/1908 1905/2067/1905 1920/2084/1920 1923/2087/1923
f 1909/2071/1909 1906/2068/1906 1921/2085/1921 1924/2088/1924
f 1910/2072/1910 1907/2069/1907 1922/2086/1922 1925/2089/1925
f 1911/2073/1911 1908/2070/1908 1923/2087/1923 1926/2090/1926
f 1889/2049/1889 1909/2071/1909 1924/2088/1924 1927/2091/1927
f 1891/2051/1891 1910/2072/1910 1925/2089/1925 1928/2092/1928
f 1893/2053/1893 1911/2073/1911 1926/2090/1926 1929/2093/1929
f 1890/2050/1890 1889/2049/1889 1927/2091/1927 1930/2094/1930
f 1892/2052/1892 1891/2051/1891 1928/2092/1928 1931/2095/1931
f 1894/2054/1894 1893/2053/1893 1929/2093/1929 1932/2096/1932
f 1895/2055/1895 1890/2050/1890 1930/2094/1930 1933/2097/1933
f 1896/2056/1896 1892/2052/1892 1931/2095/1931 1934/2098/1934
f 1897/2057/1897 1894/2054/1894 1932/2096/1932 1912/2074/1912
f 1898/2058/1898 1895/2055/1895 1933/2097/1933 1915/2078/1915
f 1899/2059/1899 1896/2056/1896 1934/2098/1934 1917/2080/1917
f 1924/2088/1924 1921/2085/1921 1935/2099/1935 1936/2100/1936
f 1925/2089/1925 1922/2086/1922 1937/2101/1937 1938/2102/1938
f 1926/2090/1926 1923/2087/1923 1939/2103/1939 1940/2104/1940
f 1927/2091/1927 1924/2088/1924 1936/2100/1936 1941/2105/1941
f 1928/2092/1928 1925/2089/1925 1938/2102/1938 1942/2106/1942
f 1929/2093/1929 1926/2090/1926 1940/2104/1940 1943/2107/1943
f 1930/2094/1930 1927/2091/1927 1941/2105/1941 1944/2108/1944
f 1931/2095/1931 1928/2092/1928 1942/2106/1942 1945/2109/1945
f 1932/2096/1932 1929/2093/1929 1943/2107/1943 1946/2110/1946
f 1933/2097/1933 1930/2094/1930 1944/2108/1944 1947/2111/1947
f 1934/2098/1934 1931/2095/1931 1945/2109/1945 1948/2112/1948
f 1912/2074/1912 1932/2096/1932 1946/2110/1946 1949/2113/1949
f 1915/2078/1915 1933/2097/1933 1947/2111/1947 1950/2114/1950
f 1917/2080/1917 1934/2098/1934 1948/2112/1948 1951/2115/1951
f 1913/2075/1913 1912/2074/1912 1949/2113/1949 1952/2116/1952
f 1914/2077/1914 48/2117/48 1953/2118/1953
f 1916/2079/1916 1915/2078/1915 1950/2114/1950 1954/2119/1954
f 1918/2081/1918 1917/2080/1917 1951/2115/1951 1955/2120/1955
f 5/2121/5 1913/2075/1913 1952/2116/1952
f 1919/2083/1919 1914/2077/1914 1953/2118/1953 1956/2122/1956
f 1920/2084/1920 1916/2079/1916 1954/2119/1954 1957/2123/1957
f 1921/2085/1921 1918/2081/1918 1955/2120/1955 1935/2099/1935
f 1922/2086/1922 1919/2083/1919 1956/2122/1956 1937/2101/1937
f 1923/2087/1923 1920/2084/1920 1957/2123/1957 1939/2103/1939
f 1947/2111/1947 1944/2108/1944 1958/2124/1958 1959/2125/1959
f 1948/2112/1948 1945/2109/1945 1960/2126/1960 1961/2127/1961
f 1949/2113/1949 1946/2110/1946 1962/2128/1962 1963/2129/1963
f 1950/2114/1950 1947/2111/1947 1959/2125/1959 1964/2130/1964
f 1951/2115/1951 1948/2112/1948 1961/2127/1961 1965/2131/1965
f 1952/2116/1952 1949/2113/1949 1963/2129/1963 1966/2132/1966
f 1953/2118/1953 48/2133/48 1967/2134/1967
f 1954/2119/1954 1950/2114/1950 1964/2130/1964 1968/2135/1968
f 1955/2120/1955 1951/2115/1951 1965/2131/1965 1969/2136/1969
f 5/2137/5 1952/2116/1952 1966/2132/1966
f 1956/2122/1956 1953/2118/1953 1967/2134/1967 1970/2138/1970
f 1957/2123/1957 1954/2119/1954 1968/2135/1968 1971/2139/1971
f 1935/2099/1935 1955/2120/1955 1969/2136/1969 1972/2140/1972
f 1937/2101/1937 1956/2122/1956 1970/2138/1970 1973/2141/1973
f 1939/2103/1939 1957/2123/1957 1971/2139/1971 1974/2142/1974
f 1936/2100/1936 1935/2099/1935 1972/2140/1972 1975/2143/1975
f 1938/2102/1938 1937/2101/1937 1973/2141/1973 1976/2144/1976
f 1940/2104/1940 1939/2103/1939 1974/2142/1974 1977/2145/1977
f 1941/2105/1941 1936/2100/1936 1975/2143/1975 1978/2146/1978
f 1942/2106/1942 1938/2102/1938 1976/2144/1976 1979/2147/1979
f 1943/2107/1943 1940/2104/1940 1977/2145/1977 1980/2148/1980
f 1944/2108/1944 1941/2105/1941 1978/2146/1978 1958/2124/1958
f 1945/2109/1945 1942/2106/1942 1979/2147/1979 1960/2126/1960
f 1946/2110/1946 1943/2107/1943 1980/2148/1980 1962/2128/1962
f 5/2149/5 1966/2132/1966 1981/2150/1981
f 1970/2138/1970 1967/2134/1967 1982/2151/1982 1983/2152/1983
f 1971/2139/1971 1968/2135/1968 1984/2153/1984 1985/2154/1985
f 1972/2140/1972 1969/2136/1969 1986/2155/1986 1987/2156/1987
f 1973/2141/1973 1970/2138/1970 1983/2152/1983 1988/2157/1988
f 1974/2142/1974 1971/2139/1971 1985/2154/1985 1989/2158/1989
f 1975/2143/1975 1972/2140/1972 1987/2156/1987 1990/2159/1990
f 1976/2144/1976 1973/2141/1973 1988/2157/1988 1991/2160/1991
f 1977/2145/1977 1974/2142/1974 1989/2158/1989 1992/2161/1992
f 1978/2146/1978 1975/2143/1975 1990/2159/1990 1993/2162/1993
f 1979/2147/1979 1976/2144/1976 1991/2160/1991 1994/2163/1994
f 1980/2148/1980 1977/2145/1977 1992/2161/1992 1995/2164/1995
f 1958/2124/1958 1978/2146/1978 1993/2162/1993 1996/2165/1996
f 1960/2126/1960 1979/2147/1979 1994/2163/1994 1997/2166/1997
f 1962/2128/1962 1980/2148/1980 1995/2164/1995 1998/2167/1998
f 1959/2125/1959 1958/2124/1958 1996/2165/1996 1999/2168/1999
f 1961/2127/1961 1960/2126/1960 1997/2166/1997 2000/2169/2000
f 1963/2129/1963 1962/2128/1962 1998/2167/1998 2001/2170/2001
f 1964/2130/1964 1959/2125/1959 1999/2168/1999 2002/2171/2002
f 1965/2131/1965 1961/2127/1961 2000/2169/2000 2003/2172/2003
f 1966/2132/1966 1963/2129/1963 2001/2170/2001 1981/2150/1981
f 1967/2134/1967 48/2173/48 1982/2151/1982
f 1968/2135/1968 1964/2130/1964 2002/2171/2002 1984/2153/1984
f 1969/2136/1969 1965/2131/1965 2003/2172/2003 1986/2155/1986
f 1993/2162/1993 1990/2159/1990 2004/2174/2004 2005/2175/2005
f 1994/2163/1994 1991/2160/1991 2006/2176/2006 2007/2177/2007
f 1995/2164/1995 1992/2161/1992 2008/2178/2008 2009/2179/2009
f 1996/2165/1996 1993/2162/1993 2005/2175/2005 2010/2180/2010
f 1997/2166/1997 1994/2163/1994 2007/2177/2007 2011/2181/2011
f 1998/2167/1998 1995/2164/1995 2009/2179/2009 2012/2182/2012
f 1999/2168/1999 1996/2165/1996 2010/2180/2010 2013/2183/2013
f 2000/2169/2000 1997/2166/1997 2011/2181/2011 2014/2184/2014
f 2001/2170/2001 1998/2167/1998 2012/2182/2012 2015/2185/2015
f 2002/2171/2002 1999/2168/1999 2013/2183/2013 2016/2186/2016
f 2003/2172/2003 2000/2169/2000 2014/2184/2014 2017/2187/2017
f 1981/2150/1981 2001/2170/2001 2015/2185/2015 2018/2188/2018
f 1982/2151/1982 48/2189/48 2019/2190/2019
f 1984/2153/1984 2002/2171/2002 2016/2186/2016 2020/2191/2020
f 1986/2155/1986 2003/2172/2003 2017/2187/2017 2021/2192/2021
f 5/2193/5 1981/2150/1981 2018/2188/2018
f 1983/2152/1983 1982/2151/1982 2019/2190/2019 2022/2194/2022
f 1985/2154/1985 1984/2153/1984 2020/2191/2020 2023/2195/2023
f 1987/2156/1987 1986/2155/1986 2021/2192/2021 2024/2196/2024
f 1988/2157/1988 1983/2152/1983 2022/2194/2022 2025/2197/2025
f 1989/2158/1989 1985/2154/1985 2023/2195/2023 2026/2198/2026
f 1990/2159/1990 1987/2156/1987 2024/2196/2024 2004/2174/2004
f 1991/2160/1991 1988/2157/1988 2025/2197/2025 2006/2176/2006
f 1992/2161/1992 1989/2158/1989 2026/2198/2026 2008/2178/2008
f 2016/2186/2016 2013/2183/2013 2027/2199/2027 2028/2200/2028
f 2017/2187/2017 2014/2184/2014 2029/2201/2029 2030/2202/2030
f 2018/2188/2018 2015/2185/2015 2031/2203/2031 2032/2204/2032
f 2019/2190/2019 48/2205/48 2033/2206/2033
f 2020/2191/2020 2016/2186/2016 2028/2200/2028 2034/2207/2034
f 2021/2192/2021 2017/2187/2017 2030/2202/2030 2035/2208/2035
f 5/2209/5 2018/2188/2018 2032/2204/2032
f 2022/2194/2022 2019/2190/2019 2033/2206/2033 2036/2210/2036
f 2023/2195/2023 2020/2191/2020 2034/2207/2034 2037/2211/2037
f 2024/2196/2024 2021/2192/2021 2035/2208/2035 2038/2212/2038
f 2025/2197/2025 2022/2194/2022 2036/2210/2036 2039/2213/2039
f 2026/2198/2026 2023/2195/2023 2037/2211/2037 2040/2214/2040
f 2004/2174/2004 2024/2196/2024 2038/2212/2038 2041/2215/2041
f 2006/2176/2006 2025/2197/2025 2039/2213/2039 2042/2216/2042
f 2008/2178/2008 2026/2198/2026 2040/2214/2040 2043/2217/2043
f 2005/2175/2005 2004/2174/2004 2041/2215/2041 2044/2218/2044
f 2007/2177/2007 2006/2176/2006 2042/2216/2042 2045/2219/2045
f 2009/2179/2009 2008/2178/2008 2043/2217/2043 2046/2220/2046
f 2010/2180/2010 2005/2175/2005 2044/2218/2044 2047/2221/2047
f 2011/2181/2011 2007/2177/2007 2045/2219/2045 2048/2222/2048
f 2012/2182/2012 2009/2179/2009 2046/2220/2046 2049/2223/2049
f 2013/2183/2013 2010/2180/2010 2047/2221/2047 2027/2199/2027
f 2014/2184/2014 2011/2181/2011 2048/2222/2048 2029/2201/2029
f 2015/2185/2015 2012/2182/2012 2049/2223/2049 2031/2203/2031
f 2039/2213/2039 2036/2210/2036 2050/2224/2050 2051/2225/2051
f 2040/2214/2040 2037/2211/2037 2052/2226/2052 2053/2227/2053
f 2041/2215/2041 2038/2212/2038 2054/2228/2054 2055/2229/2055
f 2042/2216/2042 2039/2213/2039 2051/2225/2051 2056/2230/2056
f 2043/2217/2043 2040/2214/2040 2053/2227/2053 2057/2231/2057
f 2044/2218/2044 2041/2215/2041 2055/2229/2055 2058/2232/2058
f 2045/2219/2045 2042/2216/2042 2056/2230/2056 2059/2233/2059
f 2046/2220/2046 2043/2217/2043 2057/2231/2057 2060/2234/2060
f 2047/2221/2047 2044/2218/2044 2058/2232/2058 2061/2235/2061
f 2048/2222/2048 2045/2219/2045 2059/2233/2059 2062/2236/2062
f 2049/2223/2049 2046/2220/2046 2060/2234/2060 2063/2237/2063
f 2027/2199/2027 2047/2221/2047 2061/2235/2061 2064/2238/2064
f 2029/2201/2029 2048/2222/2048 2062/2236/2062 2065/2239/2065
f 2031/2203/2031 2049/2223/2049 2063/2237/2063 2066/2240/2066
f 2028/2200/2028 2027/2199/2027 2064/2238/2064 2067/2241/2067
f 2030/2202/2030 2029/2201/2029 2065/2239/2065 2068/2242/2068
f 2032/2204/2032 2031/2203/2031 2066/2240/2066 2069/2243/2069
f 2033/2206/2033 48/2244/48 2070/2245/2070
f 2034/2207/2034 2028/2200/2028 2067/2241/2067 2071/2246/2071
f 2035/2208/2035 2030/2202/2030 2068/2242/2068 2072/2247/2072
f 5/2248/5 2032/2204/2032 2069/2243/2069
f 2036/2210/2036 2033/2206/2033 2070/2245/2070 2050/2224/2050
f 2037/2211/2037 2034/2207/2034 2071/2246/2071 2052/2226/2052
f 2038/2212/2038 2035/2208/2035 2072/2247/2072 2054/2228/2054
f 2061/2235/2061 2058/2232/2058 2073/2249/2073 2074/2250/2074
f 2062/2236/2062 2059/2233/2059 2075/2251/2075 2076/2252/2076
f 2063/2237/2063 2060/2234/2060 2077/2253/2077 2078/2254/2078
f 2064/2238/2064 2061/2235/2061 2074/2250/2074 2079/2255/2079
f 2065/2239/2065 2062/2236/2062 2076/2252/2076 2080/2256/2080
f 2066/2240/2066 2063/2237/2063 2078/2254/2078 2081/2257/2081
f 2067/2241/2067 2064/2238/2064 2079/2255/2079 2082/2258/2082
f 2068/2242/2068 2065/2239/2065 2080/2256/2080 2083/2259/2083
f 2069/2243/2069 2066/2240/2066 2081/2257/2081 2084/2260/2084
f 2070/2245/2070 48/2261/48 2085/2262/2085
f 2071/2246/2071 2067/2241/2067 2082/2258/2082 2086/2263/2086
f 2072/2247/2072 2068/2242/2068 2083/2259/2083 2087/2264/2087
f 5/2265/5 2069/2243/2069 2084/2260/2084
f 2050/2224/2050 2070/2245/2070 2085/2262/2085 2088/2266/2088
f 2052/2226/2052 2071/2246/2071 2086/2263/2086 2089/2267/2089
f 2054/2228/2054 2072/2247/2072 2087/2264/2087 2090/2268/2090
f 2051/2225/2051 2050/2224/2050 2088/2266/2088 2091/2269/2091
f 2053/2227/2053 2052/2226/2052 2089/2267/2089 2092/2270/2092
f 2055/2229/2055 2054/2228/2054 2090/2268/2090 2093/2271/2093
f 2056/2230/2056 2051/2225/2051 2091/2269/2091 2094/2272/2094
f 2057/2231/2057 2053/2227/2053 2092/2270/2092 2095/2273/2095
f 2058/2232/2058 2055/2229/2055 2093/2271/2093 2073/2249/2073
f 2059/2233/2059 2056/2230/2056 2094/2272/2094 2075/2251/2075
f 2060/2234/2060 2057/2231/2057 2095/2273/2095 2077/2253/2077
f 2085/2262/2085 48/2274/48 2096/2275/2096
f 2086/2263/2086 2082/2258/2082 2097/2276/2097 2098/2277/2098
f 2087/2264/2087 2083/2259/2083 2099/2278/2099 2100/2279/2100
f 5/2280/5 2084/2260/2084 2101/2281/2101
f 2088/2266/2088 2085/2262/2085 2096/2275/2096 2102/2282/2102
f 2089/2267/2089 2086/2263/2086 2098/2277/2098 2103/2283/2103
f 2090/2268/2090 2087/2264/2087 2100/2279/2100 2104/2284/2104
f 2091/2269/2091 2088/2266/2088 2102/2282/2102 2105/2285/2105
f 2092/2270/2092 2089/2267/2089 2103/2283/2103 2106/2286/2106
f 2093/2271/2093 2090/2268/2090 2104/2284/2104 2107/2287/2107
f 2094/2272/2094 2091/2269/2091 2105/2285/2105 2108/2288/2108
f 2095/2273/2095 2092/2270/2092 2106/2286/2106 2109/2289/2109
f 2073/2249/2073 2093/2271/2093 2107/2287/2107 2110/2290/2110
f 2075/2251/2075 2094/2272/2094 2108/2288/2108 2111/2291/2111
f 2077/2253/2077 2095/2273/2095 2109/2289/2109 2112/2292/2112
f 2074/2250/2074 2073/2249/2073 2110/2290/2110 2113/2293/2113
f 2076/2252/2076 2075/2251/2075 2111/2291/2111 2114/2294/2114
f 2078/2254/2078 2077/2253/2077 2112/2292/2112 2115/2295/2115
f 2079/2255/2079 2074/2250/2074 2113/2293/2113 2116/2296/2116
f 2080/2256/2080 2076/2252/2076 2114/2294/2114 2117/2297/2117
f 2081/2257/2081 2078/2254/2078 2115/2295/2115 2118/2298/2118
f 2082/2258/2082 2079/2255/2079 2116/2296/2116 2097/2276/2097
f 2083/2259/2083 2080/2256/2080 2117/2297/2117 2099/2278/2099
f 2084/2260/2084 2081/2257/2081 2118/2298/2118 2101/2281/2101
f 2108/2288/2108 2105/2285/2105 2119/2299/2119 2120/2300/2120
f 2109/2289/2109 2106/2286/2106 2121/2301/2121 2122/2302/2122
f 2110/2290/2110 2107/2287/2107 2123/2303/2123 2124/2304/2124
f 2111/2291/2111 2108/2288/2108 2120/2300/2120 2125/2305/2125
f 2112/2292/2112 2109/2289/2109 2122/2302/2122 2126/2306/2126
f 2113/2293/2113 2110/2290/2110 2124/2304/2124 2127/2307/2127
f 2114/2294/2114 2111/2291/2111 2125/2305/2125 2128/2308/2128
f 2115/2295/2115 2112/2292/2112 2126/2306/2126 2129/2309/2129
f 2116/2296/2116 2113/2293/2113 2127/2307/2127 2130/2310/2130
f 2117/2297/2117 2114/2294/2114 2128/2308/2128 2131/2311/2131
f 2118/2298/2118 2115/2295/2115 2129/2309/2129 2132/2312/2132
f 2097/2276/2097 2116/2296/2116 2130/2310/2130 2133/2313/2133
f 2099/2278/2099 2117/2297/2117 2131/2311/2131 2134/2314/2134
f 2101/2281/2101 2118/2298/2118 2132/2312/2132 2135/2315/2135
f 2096/2275/2096 48/2316/48 2136/2317/2136
f 2098/2277/2098 2097/2276/2097 2133/2313/2133 2137/2318/2137
f 2100/2279/2100 2099/2278/2099 2134/2314/2134 2138/2319/2138
f 5/2320/5 2101/2281/2101 2135/2315/2135
f 2102/2282/2102 2096/2275/2096 2136/2317/2136 2139/2321/2139
f 2103/2283/2103 2098/2277/2098 2137/2318/2137 2140/2322/2140
f 2104/2284/2104 2100/2279/2100 2138/2319/2138 2141/2323/2141
f 2105/2285/2105 2102/2282/2102 2139/2321/2139 2119/2299/2119
f 2106/2286/2106 2103/2283/2103 2140/2322/2140 2121/2301/2121
f 2107/2287/2107 2104/2284/2104 2141/2323/2141 2123/2303/2123
f 2130/2310/2130 2127/2307/2127 2142/2324/2142 2143/2325/2143
f 2131/2311/2131 2128/2308/2128 2144/2326/2144 2145/2327/2145
f 2132/2312/2132 2129/2309/2129 2146/2328/2146 2147/2329/2147
f 2133/2313/2133 2130/2310/2130 2143/2325/2143 2148/2330/2148
f 2134/2314/2134 2131/2311/2131 2145/2327/2145 2149/2331/2149
f 2135/2315/2135 2132/2312/2132 2147/2329/2147 2150/2332/2150
f 2136/2317/2136 48/2333/48 2151/2334/2151
f 2137/2318/2137 2133/2313/2133 2148/2330/2148 2152/2335/2152
f 2138/2319/2138 2134/2314/2134 2149/2331/2149 2153/2336/2153
f 5/2337/5 2135/2315/2135 2150/2332/2150
f 2139/2321/2139 2136/2317/2136 2151/2334/2151 2154/2338/2154
f 2140/2322/2140 2137/2318/2137 2152/2335/2152 2155/2339/2155
f 2141/2323/2141 2138/2319/2138 2153/2336/2153 2156/2340/2156
f 2119/2299/2119 2139/2321/2139 2154/2338/2154 2157/2341/2157
f 2121/2301/2121 2140/2322/2140 2155/2339/2155 2158/2342/2158
f 2123/2303/2123 2141/2323/2141 2156/2340/2156 2159/2343/2159
f 2120/2300/2120 2119/2299/2119 2157/2341/2157 2160/2344/2160
f 2122/2302/2122 2121/2301/2121 2158/2342/2158 2161/2345/2161
f 2124/2304/2124 2123/2303/2123 2159/2343/2159 2162/2346/2162
f 2125/2305/2125 2120/2300/2120 2160/2344/2160 2163/2347/2163
f 2126/2306/2126 2122/2302/2122 2161/2345/2161 2164/2348/2164
f 2127/2307/2127 2124/2304/2124 2162/2346/2162 2142/2324/2142
f 2128/2308/2128 2125/2305/2125 2163/2347/2163 2144/2326/2144
f 2129/2309/2129 2126/2306/2126 2164/2348/2164 2146/2328/2146
f 2154/2338/2154 2151/2334/2151 2165/2349/2165 2166/2350/2166
f 2155/2339/2155 2152/2335/2152 2167/2351/2167 2168/2352/2168
f 2156/2340/2156 2153/2336/2153 2169/2353/2169 2170/2354/2170
f 2157/2341/2157 2154/2338/2154 2166/2350/2166 2171/2355/2171
f 2158/2342/2158 2155/2339/2155 2168/2352/2168 2172/2356/2172
f 2159/2343/2159 2156/2340/2156 2170/2354/2170 2173/2357/2173
f 2160/2344/2160 2157/2341/2157 2171/2355/2171 2174/2358/2174
f 2161/2345/2161 2158/2342/2158 2172/2356/2172 2175/2359/2175
f 2162/2346/2162 2159/2343/2159 2173/2357/2173 2176/2360/2176
f 2163/2347/2163 2160/2344/2160 2174/2358/2174 2177/2361/2177
f 2164/2348/2164 2161/2345/2161 2175/2359/2175 2178/2362/2178
f 2142/2324/2142 2162/2346/2162 2176/2360/2176 2179/2363/2179
f 2144/2326/2144 2163/2347/2163 2177/2361/2177 2180/2364/2180
f 2146/2328/2146 2164/2348/2164 2178/2362/2178 2181/2365/2181
f 2143/2325/2143 2142/2324/2142 2179/2363/2179 2182/2366/2182
f 2145/2327/2145 2144/2326/2144 2180/2364/2180 2183/2367/2183
f 2147/2329/2147 2146/2328/2146 2181/2365/2181 2184/2368/2184
f 2148/2330/2148 2143/2325/2143 2182/2366/2182 2185/2369/2185
f 2149/2331/2149 2145/2327/2145 2183/2367/2183 2186/2370/2186
f 2150/2332/2150 2147/2329/2147 2184/2368/2184 2187/2371/2187
f 2151/2334/2151 48/2372/48 2165/2349/2165
f 2152/2335/2152 2148/2330/2148 2185/2369/2185 2167/2351/2167
f 2153/2336/2153 2149/2331/2149 2186/2370/2186 2169/2353/2169
f 5/2373/5 2150/2332/2150 2187/2371/2187
f 2177/2361/2177 2174/2358/2174 2188/2374/2188 2189/2375/2189
f 2178/2362/2178 2175/2359/2175 2190/2376/2190 2191/2377/2191
f 2179/2363/2179 2176/2360/2176 2192/2378/2192 2193/2379/2193
f 2180/2364/2180 2177/2361/2177 2189/2375/2189 2194/2380/2194
f 2181/2365/2181 2178/2362/2178 2191/2377/2191 2195/2381/2195
f 2182/2366/2182 2179/2363/2179 2193/2379/2193 2196/2382/2196
f 2183/2367/2183 2180/2364/2180 2194/2380/2194 2197/2383/2197
f 2184/2368/2184 2181/2365/2181 2195/2381/2195 2198/2384/2198
f 2185/2369/2185 2182/2366/2182 2196/2382/2196 2199/2385/2199
f 2186/2370/2186 2183/2367/2183 2197/2383/2197 2200/2386/2200
f 2187/2371/2187 2184/2368/2184 2198/2384/2198 2201/2387/2201
f 2165/2349/2165 48/2388/48 2202/2389/2202
f 2167/2351/2167 2185/2369/2185 2199/2385/2199 2203/2390/2203
f 2169/2353/2169 2186/2370/2186 2200/2386/2200 2204/2391/2204
f 5/2392/5 2187/2371/2187 2201/2387/2201
f 2166/2350/2166 2165/2349/2165 2202/2389/2202 2205/2393/2205
f 2168/2352/2168 2167/2351/2167 2203/2390/2203 2206/2394/2206
f 2170/2354/2170 2169/2353/2169 2204/2391/2204 2207/2395/2207
f 2171/2355/2171 2166/2350/2166 2205/2393/2205 2208/2396/2208
f 2172/2356/2172 2168/2352/2168 2206/2394/2206 2209/2397/2209
f 2173/2357/2173 2170/2354/2170 2207/2395/2207 2210/2398/2210
f 2174/2358/2174 2171/2355/2171 2208/2396/2208 2188/2374/2188
f 2175/2359/2175 2172/2356/2172 2209/2397/2209 2190/2376/2190
f 2176/2360/2176 2173/2357/2173 2210/2398/2210 2192/2378/2192
f 2199/2385/2199 2196/2382/2196 2211/2399/2211 2212/2400/2212
f 2200/2386/2200 2197/2383/2197 2213/2401/2213 2214/2402/2214
f 2201/2387/2201 2198/2384/2198 2215/2403/2215 2216/2404/2216
f 2202/2389/2202 48/2405/48 2217/2406/2217
f 2203/2390/2203 2199/2385/2199 2212/2400/2212 2218/2407/2218
f 2204/2391/2204 2200/2386/2200 2214/2402/2214 2219/2408/2219
f 5/2409/5 2201/2387/2201 2216/2404/2216
f 2205/2393/2205 2202/2389/2202 2217/2406/2217 2220/2410/2220
f 2206/2394/2206 2203/2390/2203 2218/2407/2218 2221/2411/2221
f 2207/2395/2207 2204/2391/2204 2219/2408/2219 2222/2412/2222
f 2208/2396/2208 2205/2393/2205 2220/2410/2220 2223/2413/2223
f 2209/2397/2209 2206/2394/2206 2221/2411/2221 2224/2414/2224
f 2210/2398/2210 2207/2395/2207 2222/2412/2222 2225/2415/2225
f 2188/2374/2188 2208/2396/2208 2223/2413/2223 2226/2416/2226
f 2190/2376/2190 2209/2397/2209 2224/2414/2224 2227/2417/2227
f 2192/2378/2192 2210/2398/2210 2225/2415/2225 2228/2418/2228
f 2189/2375/2189 2188/2374/2188 2226/2416/2226 2229/2419/2229
f 2191/2377/2191 2190/2376/2190 2227/2417/2227 2230/2420/2230
f 2193/2379/2193 2192/2378/2192 2228/2418/2228 2231/2421/2231
f 2194/2380/2194 2189/2375/2189 2229/2419/2229 2232/2422/2232
f 2195/2381/2195 2191/2377/2191 2230/2420/2230 2233/2423/2233
f 2196/2382/2196 2193/2379/2193 2231/2421/2231 2211/2399/2211
f 2197/2383/2197 2194/2380/2194 2232/2422/2232 2213/2401/2213
f 2198/2384/2198 2195/2381/2195 2233/2423/2233 2215/2403/2215
f 2223/2424/2223 2220/2425/2220 2234/2426/2234 2235/2427/2235
f 2224/2428/2224 2221/2429/2221 2236/2430/2236 2237/2431/2237
f 2225/2432/2225 2222/2433/2222 2238/2434/2238 2239/2435/2239
f 2226/2436/2226 2223/2424/2223 2235/2427/2235 2240/2437/2240
f 2227/2438/2227 2224/2428/2224 2237/2431/2237 2241/2439/2241
f 2228/2440/2228 2225/2432/2225 2239/2435/2239 2242/2441/2242
f 2229/2442/2229 2226/2436/2226 2240/2437/2240 2243/2443/2243
f 2230/2444/2230 2227/2438/2227 2241/2439/2241 2244/2445/2244
f 2231/2446/2231 2228/2440/2228 2242/2441/2242 2245/2447/2245
f 2232/2448/2232 2229/2442/2229 2243/2443/2243 2246/2449/2246
f 2233/2450/2233 2230/2444/2230 2244/2445/2244 2247/2451/2247
f 2211/2452/2211 2231/2446/2231 2245/2447/2245 2248/2453/2248
f 2213/2454/2213 2232/2448/2232 2246/2449/2246 2249/2455/2249
f 2215/2456/2215 2233/2450/2233 2247/2451/2247 2250/2457/2250
f 2212/2458/2212 2211/2452/2211 2248/2453/2248 2251/2459/2251
f 2214/2460/2214 2213/2454/2213 2249/2455/2249 2252/2461/2252
f 2216/2462/2216 2215/2456/2215 2250/2457/2250 2253/2463/2253
f 2217/2464/2217 48/2465/48 2254/2466/2254
f 2218/2467/2218 2212/2458/2212 2251/2459/2251 2255/2468/2255
f 2219/2469/2219 2214/2460/2214 2252/2461/2252 2256/2470/2256
f 5/2471/5 2216/2462/2216 2253/2463/2253
f 2220/2425/2220 2217/2464/2217 2254/2466/2254 2234/2426/2234
f 2221/2429/2221 2218/2467/2218 2255/2468/2255 2236/2430/2236
f 2222/2433/2222 2219/2469/2219 2256/2470/2256 2238/2434/2238
f 2246/2449/2246 2243/2443/2243 2257/2472/2257 2258/2473/2258
f 2247/2451/2247 2244/2445/2244 2259/2474/2259 2260/2475/2260
f 2248/2453/2248 2245/2447/2245 2261/2476/2261 2262/2477/2262
f 2249/2455/2249 2246/2449/2246 2258/2473/2258 2263/2478/2263
f 2250/2457/2250 2247/2451/2247 2260/2475/2260 2264/2479/2264
f 2251/2459/2251 2248/2453/2248 2262/2477/2262 2265/2480/2265
f 2252/2461/2252 2249/2455/2249 2263/2478/2263 2266/2481/2266
f 2253/2463/2253 2250/2457/2250 2264/2479/2264 2267/2482/2267
f 2254/2466/2254 48/2483/48 2268/2484/2268
f 2255/2468/2255 2251/2459/2251 2265/2480/2265 2269/2485/2269
f 2256/2470/2256 2252/2461/2252 2266/2481/2266 2270/2486/2270
f 5/2487/5 2253/2463/2253 2267/2482/2267
f 2234/2426/2234 2254/2466/2254 2268/2484/2268 2271/2488/2271
f 2236/2430/2236 2255/2468/2255 2269/2485/2269 2272/2489/2272
f 2238/2434/2238 2256/2470/2256 2270/2486/2270 2273/2490/2273
f 2235/2427/2235 2234/2426/2234 2271/2488/2271 2274/2491/2274
f 2237/2431/2237 2236/2430/2236 2272/2489/2272 2275/2492/2275
f 2239/2435/2239 2238/2434/2238 2273/2490/2273 2276/2493/2276
f 2240/2437/2240 2235/2427/2235 2274/2491/2274 2277/2494/2277
f 2241/2439/2241 2237/2431/2237 2275/2492/2275 2278/2495/2278
f 2242/2441/2242 2239/2435/2239 2276/2493/2276 2279/2496/2279
f 2243/2443/2243 2240/2437/2240 2277/2494/2277 2257/2472/2257
f 2244/2445/2244 2241/2439/2241 2278/2495/2278 2259/2474/2259
f 2245/2447/2245 2242/2441/2242 2279/2496/2279 2261/2476/2261
f 2269/2485/2269 2265/2480/2265 2280/2497/2280 2281/2498/2281
f 2270/2486/2270 2266/2481/2266 2282/2499/2282 2283/2500/2283
f 5/2501/5 2267/2482/2267 2284/2502/2284
f 2271/2488/2271 2268/2484/2268 2285/2503/2285 2286/2504/2286
f 2272/2489/2272 2269/2485/2269 2281/2498/2281 2287/2505/2287
f 2273/2490/2273 2270/2486/2270 2283/2500/2283 2288/2506/2288
f 2274/2491/2274 2271/2488/2271 2286/2504/2286 2289/2507/2289
f 2275/2492/2275 2272/2489/2272 2287/2505/2287 2290/2508/2290
f 2276/2493/2276 2273/2490/2273 2288/2506/2288 2291/2509/2291
f 2277/2494/2277 2274/2491/2274 2289/2507/2289 2292/2510/2292
f 2278/2495/2278 2275/2492/2275 2290/2508/2290 2293/2511/2293
f 2279/2496/2279 2276/2493/2276 2291/2509/2291 2294/2512/2294
f 2257/2472/2257 2277/2494/2277 2292/2510/2292 2295/2513/2295
f 2259/2474/2259 2278/2495/2278 2293/2511/2293 2296/2514/2296
f 2261/2476/2261 2279/2496/2279 2294/2512/2294 2297/2515/2297
f 2258/2473/2258 2257/2472/2257 2295/2513/2295 2298/2516/2298
f 2260/2475/2260 2259/2474/2259 2296/2514/2296 2299/2517/2299
f 2262/2477/2262 2261/2476/2261 2297/2515/2297 2300/2518/2300
f 2263/2478/2263 2258/2473/2258 2298/2516/2298 2301/2519/2301
f 2264/2479/2264 2260/2475/2260 2299/2517/2299 2302/2520/2302
f 2265/2480/2265 2262/2477/2262 2300/2518/2300 2280/2497/2280
f 2266/2481/2266 2263/2478/2263 2301/2519/2301 2282/2499/2282
f 2267/2482/2267 2264/2479/2264 2302/2520/2302 2284/2502/2284
f 2268/2484/2268 48/2521/48 2285/2503/2285
f 2292/2510/2292 2289/2507/2289 2303/2522/2303 2304/2523/2304
f 2293/2511/2293 2290/2508/2290 2305/2524/2305 2306/2525/2306
f 2294/2512/2294 2291/2509/2291 2307/2526/2307 2308/2527/2308
f 2295/2513/2295 2292/2510/2292 2304/2523/2304 2309/2528/2309
f 2296/2514/2296 2293/2511/2293 2306/2525/2306 2310/2529/2310
f 2297/2515/2297 2294/2512/2294 2308/2527/2308 2311/2530/2311
f 2298/2516/2298 2295/2513/2295 2309/2528/2309 2312/2531/2312
f 2299/2517/2299 2296/2514/2296 2310/2529/2310 2313/2532/2313
f 2300/2518/2300 2297/2515/2297 2311/2530/2311 2314/2533/2314
f 2301/2519/2301 2298/2516/2298 2312/2531/2312 2315/2534/2315
f 2302/2520/2302 2299/2517/2299 2313/2532/2313 2316/2535/2316
f 2280/2497/2280 2300/2518/2300 2314/2533/2314 2317/2536/2317
f 2282/2499/2282 2301/2519/2301 2315/2534/2315 2318/2537/2318
f 2284/2502/2284 2302/2520/2302 2316/2535/2316 2319/2538/2319
f 2285/2503/2285 48/2539/48 2320/2540/2320
f 2281/2498/2281 2280/2497/2280 2317/2536/2317 2321/2541/2321
f 2283/2500/2283 2282/2499/2282 2318/2537/2318 2322/2542/2322
f 5/2543/5 2284/2502/2284 2319/2538/2319
f 2286/2504/2286 2285/2503/2285 2320/2540/2320 2323/2544/2323
f 2287/2505/2287 2281/2498/2281 2321/2541/2321 2324/2545/2324
f 2288/2506/2288 2283/2500/2283 2322/2542/2322 2325/2546/2325
f 2289/2507/2289 2286/2504/2286 2323/2544/2323 2303/2522/2303
f 2290/2508/2290 2287/2505/2287 2324/2545/2324 2305/2524/2305
f 2291/2509/2291 2288/2506/2288 2325/2546/2325 2307/2526/2307
f 2315/2534/2315 2312/2531/2312 2326/2547/2326 2327/2548/2327
f 2316/2535/2316 2313/2532/2313 2328/2549/2328 2329/2550/2329
f 2317/2536/2317 2314/2533/2314 2330/2551/2330 2331/2552/2331
f 2318/2537/2318 2315/2534/2315 2327/2548/2327 2332/2553/2332
f 2319/2538/2319 2316/2535/2316 2329/2550/2329 2333/2554/2333
f 2320/2540/2320 48/2555/48 2334/2556/2334
f 2321/2541/2321 2317/2536/2317 2331/2552/2331 2335/2557/2335
f 2322/2542/2322 2318/2537/2318 2332/2553/2332 2336/2558/2336
f 5/2559/5 2319/2538/2319 2333/2554/2333
f 2323/2544/2323 2320/2540/2320 2334/2556/2334 2337/2560/2337
f 2324/2545/2324 2321/2541/2321 2335/2557/2335 2338/2561/2338
f 2325/2546/2325 2322/2542/2322 2336/2558/2336 2339/2562/2339
f 2303/2522/2303 2323/2544/2323 2337/2560/2337 2340/2563/2340
f 2305/2524/2305 2324/2545/2324 2338/2561/2338 2341/2564/2341
f 2307/2526/2307 2325/2546/2325 2339/2562/2339 2342/2565/2342
f 2304/2523/2304 2303/2522/2303 2340/2563/2340 2343/2566/2343
f 2306/2525/2306 2305/2524/2305 2341/2564/2341 2344/2567/2344
f 2308/2527/2308 2307/2526/2307 2342/2565/2342 2345/2568/2345
f 2309/2528/2309 2304/2523/2304 2343/2566/2343 2346/2569/2346
f 2310/2529/2310 2306/2525/2306 2344/2567/2344 2347/2570/2347
f 2311/2530/2311 2308/2527/2308 2345/2568/2345 2348/2571/2348
f 2312/2531/2312 2309/2528/2309 2346/2569/2346 2326/2547/2326
f 2313/2532/2313 2310/2529/2310 2347/2570/2347 2328/2549/2328
f 2314/2533/2314 2311/2530/2311 2348/2571/2348 2330/2551/2330
f 2328/2549/2328 2347/2570/2347 2349/2572/2349 2350/2573/2350
f 2330/2551/2330 2348/2571/2348 2351/2574/2351 2352/2575/2352
f 2327/2548/2327 2326/2547/2326 2353/2576/2353 2354/2577/2354
f 2329/2550/2329 2328/2549/2328 2350/2573/2350 2355/2578/2355
f 2331/2552/2331 2330/2551/2330 2352/2575/2352 2356/2579/2356
f 2332/2553/2332 2327/2548/2327 2354/2577/2354 2357/2580/2357
f 2333/2554/2333 2329/2550/2329 2355/2578/2355 2358/2581/2358
f 2334/2556/2334 48/2582/48 2359/2583/2359
f 2335/2557/2335 2331/2552/2331 2356/2579/2356 2360/2584/2360
f 2336/2558/2336 2332/2553/2332 2357/2580/2357 2361/2585/2361
f 5/2586/5 2333/2554/2333 2358/2581/2358
f 2337/2560/2337 2334/2556/2334 2359/2583/2359 2362/2587/2362
f 2338/2561/2338 2335/2557/2335 2360/2584/2360 2363/2588/2363
f 2339/2562/2339 2336/2558/2336 2361/2585/2361 2364/2589/2364
f 2340/2563/2340 2337/2560/2337 2362/2587/2362 2365/2590/2365
f 2341/2564/2341 2338/2561/2338 2363/2588/2363 2366/2591/2366
f 2342/2565/2342 2339/2562/2339 2364/2589/2364 2367/2592/2367
f 2343/2566/2343 2340/2563/2340 2365/2590/2365 2368/2593/2368
f 2344/2567/2344 2341/2564/2341 2366/2591/2366 2369/2594/2369
f 2345/2568/2345 2342/2565/2342 2367/2592/2367 2370/2595/2370
f 2346/2569/2346 2343/2566/2343 2368/2593/2368 2371/2596/2371
f 2347/2570/2347 2344/2567/2344 2369/2594/2369 2349/2572/2349
f 2348/2571/2348 2345/2568/2345 2370/2595/2370 2351/2574/2351
f 2326/2547/2326 2346/2569/2346 2371/2596/2371 2353/2576/2353
f 2361/2585/2361 2357/2580/2357 2372/2597/2372 2373/2598/2373
f 5/2599/5 2358/2581/2358 2374/2600/2374
f 2362/2587/2362 2359/2583/2359 2375/2601/2375 2376/2602/2376
f 2363/2588/2363 2360/2584/2360 2377/2603/2377 2378/2604/2378
f 2364/2589/2364 2361/2585/2361 2373/2598/2373 2379/2605/2379
f 2365/2590/2365 2362/2587/2362 2376/2602/2376 2380/2606/2380
f 2366/2591/2366 2363/2588/2363 2378/2604/2378 2381/2607/2381
f 2367/2592/2367 2364/2589/2364 2379/2605/2379 2382/2608/2382
f 2368/2593/2368 2365/2590/2365 2380/2606/2380 2383/2609/2383
f 2369/2594/2369 2366/2591/2366 2381/2607/2381 2384/2610/2384
f 2370/2595/2370 2367/2592/2367 2382/2608/2382 2385/2611/2385
f 2371/2596/2371 2368/2593/2368 2383/2609/2383 2386/2612/2386
f 2349/2572/2349 2369/2594/2369 2384/2610/2384 2387/2613/2387
f 2351/2574/2351 2370/2595/2370 2385/2611/2385 2388/2614/2388
f 2353/2576/2353 2371/2596/2371 2386/2612/2386 2389/2615/2389
f 2350/2573/2350 2349/2572/2349 2387/2613/2387 2390/2616/2390
f 2352/2575/2352 2351/2574/2351 2388/2614/2388 2391/2617/2391
f 2354/2577/2354 2353/2576/2353 2389/2615/2389 2392/2618/2392
f 2355/2578/2355 2350/2573/2350 2390/2616/2390 2393/2619/2393
f 2356/2579/2356 2352/2575/2352 2391/2617/2391 2394/2620/2394
f 2357/2580/2357 2354/2577/2354 2392/2618/2392 2372/2597/2372
f 2358/2581/2358 2355/2578/2355 2393/2619/2393 2374/2600/2374
f 2359/2583/2359 48/2621/48 2375/2601/2375
f 2360/2584/2360 2356/2579/2356 2394/2620/2394 2377/2603/2377
f 2385/2611/2385 2382/2608/2382 2395/2622/2395 2396/2623/2396
f 2386/2612/2386 2383/2609/2383 2397/2624/2397 2398/2625/2398
f 2387/2613/2387 2384/2610/2384 2399/2626/2399 2400/2627/2400
f 2388/2614/2388 2385/2611/2385 2396/2623/2396 2401/2628/2401
f 2389/2615/2389 2386/2612/2386 2398/2625/2398 2402/2629/2402
f 2390/2616/2390 2387/2613/2387 2400/2627/2400 2403/2630/2403
f 2391/2617/2391 2388/2614/2388 2401/2628/2401 2404/2631/2404
f 2392/2618/2392 2389/2615/2389 2402/2629/2402 2405/2632/2405
f 2393/2619/2393 2390/2616/2390 2403/2630/2403 2406/2633/2406
f 2394/2620/2394 2391/2617/2391 2404/2631/2404 2407/2634/2407
f 2372/2597/2372 2392/2618/2392 2405/2632/2405 2408/2635/2408
f 2374/2600/2374 2393/2619/2393 2406/2633/2406 2409/2636/2409
f 2375/2601/2375 48/2637/48 2410/2638/2410
f 2377/2603/2377 2394/2620/2394 2407/2634/2407 2411/2639/2411
f 2373/2598/2373 2372/2597/2372 2408/2635/2408 2412/2640/2412
f 5/2641/5 2374/2600/2374 2409/2636/2409
f 2376/2602/2376 2375/2601/2375 2410/2638/2410 2413/2642/2413
f 2378/2604/2378 2377/2603/2377 2411/2639/2411 2414/2643/2414
f 2379/2605/2379 2373/2598/2373 2412/2640/2412 2415/2644/2415
f 2380/2606/2380 2376/2602/2376 2413/2642/2413 2416/2645/2416
f 2381/2607/2381 2378/2604/2378 2414/2643/2414 2417/2646/2417
f 2382/2608/2382 2379/2605/2379 2415/2644/2415 2395/2622/2395
f 2383/2609/2383 2380/2606/2380 2416/2645/2416 2397/2624/2397
f 2384/2610/2384 2381/2607/2381 2417/2646/2417 2399/2626/2399
f 2406/2633/2406 2403/2630/2403 2418/2647/2418 2419/2648/2419
f 2407/2634/2407 2404/2631/2404 2420/2649/2420 2421/2650/2421
f 2408/2635/2408 2405/2632/2405 2422/2651/2422 2423/2652/2423
f 2409/2636/2409 2406/2633/2406 2419/2648/2419 2424/2653/2424
f 2410/2638/2410 48/2654/48 2425/2655/2425
f 2411/2639/2411 2407/2634/2407 2421/2650/2421 2426/2656/2426
f 2412/2640/2412 2408/2635/2408 2423/2652/2423 2427/2657/2427
f 5/2658/5 2409/2636/2409 2424/2653/2424
f 2413/2642/2413 2410/2638/2410 2425/2655/2425 2428/2659/2428
f 2414/2643/2414 2411/2639/2411 2426/2656/2426 2429/2660/2429
f 2415/2644/2415 2412/2640/2412 2427/2657/2427 2430/2661/2430
f 2416/2645/2416 2413/2642/2413 2428/2659/2428 2431/2662/2431
f 2417/2646/2417 2414/2643/2414 2429/2660/2429 2432/2663/2432
f 2395/2622/2395 2415/2644/2415 2430/2661/2430 2433/2664/2433
f 2397/2624/2397 2416/2645/2416 2431/2662/2431 2434/2665/2434
f 2399/2626/2399 2417/2646/2417 2432/2663/2432 2435/2666/2435
f 2396/2623/2396 2395/2622/2395 2433/2664/2433 2436/2667/2436
f 2398/2625/2398 2397/2624/2397 2434/2665/2434 2437/2668/2437
f 2400/2627/2400 2399/2626/2399 2435/2666/2435 2438/2669/2438
f 2401/2628/2401 2396/2623/2396 2436/2667/2436 2439/2670/2439
f 2402/2629/2402 2398/2625/2398 2437/2668/2437 2440/2671/2440
f 2403/2630/2403 2400/2627/2400 2438/2669/2438 2418/2647/2418
f 2404/2631/2404 2401/2628/2401 2439/2670/2439 2420/2649/2420
f 2405/2632/2405 2402/2629/2402 2440/2671/2440 2422/2651/2422
f 2430/2661/2430 2427/2657/2427 2441/2672/2441 2442/2673/2442
f 2431/2662/2431 2428/2659/2428 2443/2674/2443 2444/2675/2444
f 2432/2663/2432 2429/2660/2429 2445/2676/2445 2446/2677/2446
f 2433/2664/2433 2430/2661/2430 2442/2673/2442 2447/2678/2447
f 2434/2665/2434 2431/2662/2431 2444/2675/2444 2448/2679/2448
f 2435/2666/2435 2432/2663/2432 2446/2677/2446 2449/2680/2449
f 2436/2667/2436 2433/2664/2433 2447/2678/2447 2450/2681/2450
f 2437/2668/2437 2434/2665/2434 2448/2679/2448 2451/2682/2451
f 2438/2669/2438 2435/2666/2435 2449/2680/2449 2452/2683/2452
f 2439/2670/2439 2436/2667/2436 2450/2681/2450 2453/2684/2453
f 2440/2671/2440 2437/2668/2437 2451/2682/2451 2454/2685/2454
f 2418/2647/2418 2438/2669/2438 2452/2683/2452 2455/2686/2455
f 2420/2649/2420 2439/2670/2439 2453/2684/2453 2456/2687/2456
f 2422/2651/2422 2440/2671/2440 2454/2685/2454 2457/2688/2457
f 2419/2648/2419 2418/2647/2418 2455/2686/2455 2458/2689/2458
f 2421/2650/2421 2420/2649/2420 2456/2687/2456 2459/2690/2459
f 2423/2652/2423 2422/2651/2422 2457/2688/2457 2460/2691/2460
f 2424/2653/2424 2419/2648/2419 2458/2689/2458 2461/2692/2461
f 2425/2655/2425 48/2693/48 2462/2694/2462
f 2426/2656/2426 2421/2650/2421 2459/2690/2459 2463/2695/2463
f 2427/2657/2427 2423/2652/2423 2460/2691/2460 2441/2672/2441
f 5/2696/5 2424/2653/2424 2461/2692/2461
f 2428/2659/2428 2425/2655/2425 2462/2694/2462 2443/2674/2443
f 2429/2660/2429 2426/2656/2426 2463/2695/2463 2445/2676/2445
f 2453/2684/2453 2450/2681/2450 2464/2697/2464 2465/2698/2465
f 2454/2685/2454 2451/2682/2451 2466/2699/2466 2467/2700/2467
f 2455/2686/2455 2452/2683/2452 2468/2701/2468 2469/2702/2469
f 2456/2687/2456 2453/2684/2453 2465/2698/2465 2470/2703/2470
f 2457/2688/2457 2454/2685/2454 2467/2700/2467 2471/2704/2471
f 2458/2689/2458 2455/2686/2455 2469/2702/2469 2472/2705/2472
f 2459/2690/2459 2456/2687/2456 2470/2703/2470 2473/2706/2473
f 2460/2691/2460 2457/2688/2457 2471/2704/2471 2474/2707/2474
f 2461/2692/2461 2458/2689/2458 2472/2705/2472 2475/2708/2475
f 2462/2694/2462 48/2709/48 2476/2710/2476
f 2463/2695/2463 2459/2690/2459 2473/2706/2473 2477/2711/2477
f 2441/2672/2441 2460/2691/2460 2474/2707/2474 2478/2712/2478
f 5/2713/5 2461/2692/2461 2475/2708/2475
f 2443/2674/2443 2462/2694/2462 2476/2710/2476 2479/2714/2479
f 2445/2676/2445 2463/2695/2463 2477/2711/2477 2480/2715/2480
f 2442/2673/2442 2441/2672/2441 2478/2712/2478 2481/2716/2481
f 2444/2675/2444 2443/2674/2443 2479/2714/2479 2482/2717/2482
f 2446/2677/2446 2445/2676/2445 2480/2715/2480 2483/2718/2483
f 2447/2678/2447 2442/2673/2442 2481/2716/2481 2484/2719/2484
f 2448/2679/2448 2444/2675/2444 2482/2717/2482 2485/2720/2485
f 2449/2680/2449 2446/2677/2446 2483/2718/2483 2486/2721/2486
f 2450/2681/2450 2447/2678/2447 2484/2719/2484 2464/2697/2464
f 2451/2682/2451 2448/2679/2448 2485/2720/2485 2466/2699/2466
f 2452/2683/2452 2449/2680/2449 2486/2721/2486 2468/2701/2468
f 2475/2708/2475 2472/2705/2472 2487/2722/2487 2488/2723/2488
f 2476/2710/2476 48/2724/48 2489/2725/2489
f 2477/2711/2477 2473/2706/2473 2490/2726/2490 2491/2727/2491
f 2478/2712/2478 2474/2707/2474 2492/2728/2492 2493/2729/2493
f 5/2730/5 2475/2708/2475 2488/2723/2488
f 2479/2714/2479 2476/2710/2476 2489/2725/2489 2494/2731/2494
f 2480/2715/2480 2477/2711/2477 2491/2727/2491 2495/2732/2495
f 2481/2716/2481 2478/2712/2478 2493/2729/2493 2496/2733/2496
f 2482/2717/2482 2479/2714/2479 2494/2731/2494 2497/2734/2497
f 2483/2718/2483 2480/2715/2480 2495/2732/2495 2498/2735/2498
f 2484/2719/2484 2481/2716/2481 2496/2733/2496 2499/2736/2499
f 2485/2720/2485 2482/2717/2482 2497/2734/2497 2500/2737/2500
f 2486/2721/2486 2483/2718/2483 2498/2735/2498 2501/2738/2501
f 2464/2697/2464 2484/2719/2484 2499/2736/2499 2502/2739/2502
f 2466/2699/2466 2485/2720/2485 2500/2737/2500 2503/2740/2503
f 2468/2701/2468 2486/2721/2486 2501/2738/2501 2504/2741/2504
f 2465/2698/2465 2464/2697/2464 2502/2739/2502 2505/2742/2505
f 2467/2700/2467 2466/2699/2466 2503/2740/2503 2506/2743/2506
f 2469/2702/2469 2468/2701/2468 2504/2741/2504 2507/2744/2507
f 2470/2703/2470 2465/2698/2465 2505/2742/2505 2508/2745/2508
f 2471/2704/2471 2467/2700/2467 2506/2743/2506 2509/2746/2509
f 2472/2705/2472 2469/2702/2469 2507/2744/2507 2487/2722/2487
f 2473/2706/2473 2470/2703/2470 2508/2745/2508 2490/2726/2490
f 2474/2707/2474 2471/2704/2471 2509/2746/2509 2492/2728/2492
f 2499/2736/2499 2496/2733/2496 2510/2747/2510 2511/2748/2511
f 2500/2737/2500 2497/2734/2497 2512/2749/2512 2513/2750/2513
f 2501/2738/2501 2498/2735/2498 2514/2751/2514 2515/2752/2515
f 2502/2739/2502 2499/2736/2499 2511/2748/2511 2516/2753/2516
f 2503/2740/2503 2500/2737/2500 2513/2750/2513 2517/2754/2517
f 2504/2741/2504 2501/2738/2501 2515/2752/2515 2518/2755/2518
f 2505/2742/2505 2502/2739/2502 2516/2753/2516 2519/2756/2519
f 2506/2743/2506 2503/2740/2503 2517/2754/2517 2520/2757/2520
f 2507/2744/2507 2504/2741/2504 2518/2755/2518 2521/2758/2521
f 2508/2745/2508 2505/2742/2505 2519/2756/2519 2522/2759/2522
f 2509/2746/2509 2506/2743/2506 2520/2757/2520 2523/2760/2523
f 2487/2722/2487 2507/2744/2507 2521/2758/2521 2524/2761/2524
f 2490/2726/2490 2508/2745/2508 2522/2759/2522 2525/2762/2525
f 2492/2728/2492 2509/2746/2509 2523/2760/2523 2526/2763/2526
f 2488/2723/2488 2487/2722/2487 2524/2761/2524 2527/2764/2527
f 2489/2725/2489 48/2765/48 2528/2766/2528
f 2491/2727/2491 2490/2726/2490 2525/2762/2525 2529/2767/2529
f 2493/2729/2493 2492/2728/2492 2526/2763/2526 2530/2768/2530
f 5/2769/5 2488/2723/2488 2527/2764/2527
f 2494/2731/2494 2489/2725/2489 2528/2766/2528 2531/2770/2531
f 2495/2732/2495 2491/2727/2491 2529/2767/2529 2532/2771/2532
f 2496/2733/2496 2493/2729/2493 2530/2768/2530 2510/2747/2510
f 2497/2734/2497 2494/2731/2494 2531/2770/2531 2512/2749/2512
f 2498/2735/2498 2495/2732/2495 2532/2771/2532 2514/2751/2514
f 2522/2759/2522 2519/2756/2519 2533/2772/2533 2534/2773/2534
f 2523/2760/2523 2520/2757/2520 2535/2774/2535 2536/2775/2536
f 2524/2761/2524 2521/2758/2521 2537/2776/2537 2538/2777/2538
f 2525/2762/2525 2522/2759/2522 2534/2773/2534 2539/2778/2539
f 2526/2763/2526 2523/2760/2523 2536/2775/2536 2540/2779/2540
f 2527/2764/2527 2524/2761/2524 2538/2777/2538 2541/2780/2541
f 2528/2766/2528 48/2781/48 2542/2782/2542
f 2529/2767/2529 2525/2762/2525 2539/2778/2539 2543/2783/2543
f 2530/2768/2530 2526/2763/2526 2540/2779/2540 2544/2784/2544
f 5/2785/5 2527/2764/2527 2541/2780/2541
f 2531/2770/2531 2528/2766/2528 2542/2782/2542 2545/2786/2545
f 2532/2771/2532 2529/2767/2529 2543/2783/2543 2546/2787/2546
f 2510/2747/2510 2530/2768/2530 2544/2784/2544 2547/2788/2547
f 2512/2749/2512 2531/2770/2531 2545/2786/2545 2548/2789/2548
f 2514/2751/2514 2532/2771/2532 2546/2787/2546 2549/2790/2549
f 2511/2748/2511 2510/2747/2510 2547/2788/2547 2550/2791/2550
f 2513/2750/2513 2512/2749/2512 2548/2789/2548 2551/2792/2551
f 2515/2752/2515 2514/2751/2514 2549/2790/2549 2552/2793/2552
f 2516/2753/2516 2511/2748/2511 2550/2791/2550 2553/2794/2553
f 2517/2754/2517 2513/2750/2513 2551/2792/2551 2554/2795/2554
f 2518/2755/2518 2515/2752/2515 2552/2793/2552 2555/2796/2555
f 2519/2756/2519 2516/2753/2516 2553/2794/2553 2533/2772/2533
f 2520/2757/2520 2517/2754/2517 2554/2795/2554 2535/2774/2535
f 2521/2758/2521 2518/2755/2518 2555/2796/2555 2537/2776/2537
f 5/2797/5 2541/2780/2541 2556/2798/2556
f 2545/2786/2545 2542/2782/2542 2557/2799/2557 2558/2800/2558
f 2546/2787/2546 2543/2783/2543 2559/2801/2559 2560/2802/2560
f 2547/2788/2547 2544/2784/2544 2561/2803/2561 2562/2804/2562
f 2548/2789/2548 2545/2786/2545 2558/2800/2558 2563/2805/2563
f 2549/2790/2549 2546/2787/2546 2560/2802/2560 2564/2806/2564
f 2550/2791/2550 2547/2788/2547 2562/2804/2562 2565/2807/2565
f 2551/2792/2551 2548/2789/2548 2563/2805/2563 2566/2808/2566
f 2552/2793/2552 2549/2790/2549 2564/2806/2564 2567/2809/2567
f 2553/2794/2553 2550/2791/2550 2565/2807/2565 2568/2810/2568
f 2554/2795/2554 2551/2792/2551 2566/2808/2566 2569/2811/2569
f 2555/2796/2555 2552/2793/2552 2567/2809/2567 2570/2812/2570
f 2533/2772/2533 2553/2794/2553 2568/2810/2568 2571/2813/2571
f 2535/2774/2535 2554/2795/2554 2569/2811/2569 2572/2814/2572
f 2537/2776/2537 2555/2796/2555 2570/2812/2570 2573/2815/2573
f 2534/2773/2534 2533/2772/2533 2571/2813/2571 2574/2816/2574
f 2536/2775/2536 2535/2774/2535 2572/2814/2572 2575/2817/2575
f 2538/2777/2538 2537/2776/2537 2573/2815/2573 2576/2818/2576
f 2539/2778/2539 2534/2773/2534 2574/2816/2574 2577/2819/2577
f 2540/2779/2540 2536/2775/2536 2575/2817/2575 2578/2820/2578
f 2541/2780/2541 2538/2777/2538 2576/2818/2576 2556/2798/2556
f 2542/2782/2542 48/2821/48 2557/2799/2557
f 2543/2783/2543 2539/2778/2539 2577/2819/2577 2559/2801/2559
f 2544/2784/2544 2540/2779/2540 2578/2820/2578 2561/2803/2561
f 2568/2810/2568 2565/2807/2565 2579/2822/2579 2580/2823/2580
f 2569/2811/2569 2566/2808/2566 2581/2824/2581 2582/2825/2582
f 2570/2812/2570 2567/2809/2567 2583/2826/2583 2584/2827/2584
f 2571/2813/2571 2568/2810/2568 2580/2823/2580 2585/2828/2585
f 2572/2814/2572 2569/2811/2569 2582/2825/2582 2586/2829/2586
f 2573/2815/2573 2570/2812/2570 2584/2827/2584 2587/2830/2587
f 2574/2816/2574 2571/2813/2571 2585/2828/2585 2588/2831/2588
f 2575/2817/2575 2572/2814/2572 2586/2829/2586 2589/2832/2589
f 2576/2818/2576 2573/2815/2573 2587/2830/2587 2590/2833/2590
f 2577/2819/2577 2574/2816/2574 2588/2831/2588 2591/2834/2591
f 2578/2820/2578 2575/2817/2575 2589/2832/2589 2592/2835/2592
f 2556/2798/2556 2576/2818/2576 2590/2833/2590 2593/2836/2593
f 2557/2799/2557 48/2837/48 2594/2838/2594
f 2559/2801/2559 2577/2819/2577 2591/2834/2591 2595/2839/2595
f 2561/2803/2561 2578/2820/2578 2592/2835/2592 2596/2840/2596
f 5/2841/5 2556/2798/2556 2593/2836/2593
f 2558/2800/2558 2557/2799/2557 2594/2838/2594 2597/2842/2597
f 2560/2802/2560 2559/2801/2559 2595/2839/2595 2598/2843/2598
f 2562/2804/2562 2561/2803/2561 2596/2840/2596 2599/2844/2599
f 2563/2805/2563 2558/2800/2558 2597/2842/2597 2600/2845/2600
f 2564/2806/2564 2560/2802/2560 2598/2843/2598 2601/2846/2601
f 2565/2807/2565 2562/2804/2562 2599/2844/2599 2579/2822/2579
f 2566/2808/2566 2563/2805/2563 2600/2845/2600 2581/2824/2581
f 2567/2809/2567 2564/2806/2564 2601/2846/2601 2583/2826/2583
f 2591/2834/2591 2588/2831/2588 2602/2847/2602 2603/2848/2603
f 2592/2835/2592 2589/2832/2589 2604/2849/2604 2605/2850/2605
f 2593/2836/2593 2590/2833/2590 2606/2851/2606 2607/2852/2607
f 2594/2838/2594 48/2853/48 2608/2854/2608
f 2595/2839/2595 2591/2834/2591 2603/2848/2603 2609/2855/2609
f 2596/2840/2596 2592/2835/2592 2605/2850/2605 2610/2856/2610
f 5/2857/5 2593/2836/2593 2607/2852/2607
f 2597/2842/2597 2594/2838/2594 2608/2854/2608 2611/2858/2611
f 2598/2843/2598 2595/2839/2595 2609/2855/2609 2612/2859/2612
f 2599/2844/2599 2596/2840/2596 2610/2856/2610 2613/2860/2613
f 2600/2845/2600 2597/2842/2597 2611/2858/2611 2614/2861/2614
f 2601/2846/2601 2598/2843/2598 2612/2859/2612 2615/2862/2615
f 2579/2822/2579 2599/2844/2599 2613/2860/2613 2616/2863/2616
f 2581/2824/2581 2600/2845/2600 2614/2861/2614 2617/2864/2617
f 2583/2826/2583 2601/2846/2601 2615/2862/2615 2618/2865/2618
f 2580/2823/2580 2579/2822/2579 2616/2863/2616 2619/2866/2619
f 2582/2825/2582 2581/2824/2581 2617/2864/2617 2620/2867/2620
f 2584/2827/2584 2583/2826/2583 2618/2865/2618 2621/2868/2621
f 2585/2828/2585 2580/2823/2580 2619/2866/2619 2622/2869/2622
f 2586/2829/2586 2582/2825/2582 2620/2867/2620 2623/2870/2623
f 2587/2830/2587 2584/2827/2584 2621/2868/2621 2624/2871/2624
f 2588/2831/2588 2585/2828/2585 2622/2869/2622 2602/2847/2602
f 2589/2832/2589 2586/2829/2586 2623/2870/2623 2604/2849/2604
f 2590/2833/2590 2587/2830/2587 2624/2871/2624 2606/2851/2606
f 2614/2861/2614 2611/2858/2611 2625/2872/2625 2626/2873/2626
f 2615/2862/2615 2612/2859/2612 2627/2874/2627 2628/2875/2628
f 2616/2863/2616 2613/2860/2613 2629/2876/2629 2630/2877/2630
f 2617/2864/2617 2614/2861/2614 2626/2873/2626 2631/2878/2631
f 2618/2865/2618 2615/2862/2615 2628/2875/2628 2632/2879/2632
f 2619/2866/2619 2616/2863/2616 2630/2877/2630 2633/2880/2633
f 2620/2867/2620 2617/2864/2617 2631/2878/2631 2634/2881/2634
f 2621/2868/2621 2618/2865/2618 2632/2879/2632 2635/2882/2635
f 2622/2869/2622 2619/2866/2619 2633/2880/2633 2636/2883/2636
f 2623/2870/2623 2620/2867/2620 2634/2881/2634 2637/2884/2637
f 2624/2871/2624 2621/2868/2621 2635/2882/2635 2638/2885/2638
f 2602/2847/2602 2622/2869/2622 2636/2883/2636 2639/2886/2639
f 2604/2849/2604 2623/2870/2623 2637/2884/2637 2640/2887/2640
f 2606/2851/2606 2624/2871/2624 2638/2885/2638 2641/2888/2641
f 2603/2848/2603 2602/2847/2602 2639/2886/2639 2642/2889/2642
f 2605/2850/2605 2604/2849/2604 2640/2887/2640 2643/2890/2643
f 2607/2852/2607 2606/2851/2606 2641/2888/2641 2644/2891/2644
f 2608/2854/2608 48/2892/48 2645/2893/2645
f 2609/2855/2609 2603/2848/2603 2642/2889/2642 2646/2894/2646
f 2610/2856/2610 2605/2850/2605 2643/2890/2643 2647/2895/2647
f 5/2896/5 2607/2852/2607 2644/2891/2644
f 2611/2858/2611 2608/2854/2608 2645/2893/2645 2625/2872/2625
f 2612/2859/2612 2609/2855/2609 2646/2894/2646 2627/2874/2627
f 2613/2860/2613 2610/2856/2610 2647/2895/2647 2629/2876/2629
f 2636/2883/2636 2633/2880/2633 2648/2897/2648 2649/2898/2649
f 2637/2884/2637 2634/2881/2634 2650/2899/2650 2651/2900/2651
f 2638/2885/2638 2635/2882/2635 2652/2901/2652 2653/2902/2653
f 2639/2886/2639 2636/2883/2636 2649/2898/2649 2654/2903/2654
f 2640/2887/2640 2637/2884/2637 2651/2900/2651 2655/2904/2655
f 2641/2888/2641 2638/2885/2638 2653/2902/2653 2656/2905/2656
f 2642/2889/2642 2639/2886/2639 2654/2903/2654 2657/2906/2657
f 2643/2890/2643 2640/2887/2640 2655/2904/2655 2658/2907/2658
f 2644/2891/2644 2641/2888/2641 2656/2905/2656 2659/2908/2659
f 2645/2893/2645 48/2909/48 2660/2910/2660
f 2646/2894/2646 2642/2889/2642 2657/2906/2657 2661/2911/2661
f 2647/2895/2647 2643/2890/2643 2658/2907/2658 2662/2912/2662
f 5/2913/5 2644/2891/2644 2659/2908/2659
f 2625/2872/2625 2645/2893/2645 2660/2910/2660 2663/2914/2663
f 2627/2874/2627 2646/2894/2646 2661/2911/2661 2664/2915/2664
f 2629/2876/2629 2647/2895/2647 2662/2912/2662 2665/2916/2665
f 2626/2873/2626 2625/2872/2625 2663/2914/2663 2666/2917/2666
f 2628/2875/2628 2627/2874/2627 2664/2915/2664 2667/2918/2667
f 2630/2877/2630 2629/2876/2629 2665/2916/2665 2668/2919/2668
f 2631/2878/2631 2626/2873/2626 2666/2917/2666 2669/2920/2669
f 2632/2879/2632 2628/2875/2628 2667/2918/2667 2670/2921/2670
f 2633/2880/2633 2630/2877/2630 2668/2919/2668 2648/2897/2648
f 2634/2881/2634 2631/2878/2631 2669/2920/2669 2650/2899/2650
f 2635/2882/2635 2632/2879/2632 2670/2921/2670 2652/2901/2652
f 2660/2910/2660 48/2922/48 2671/2923/2671
f 2661/2911/2661 2657/2906/2657 2672/2924/2672 2673/2925/2673
f 2662/2912/2662 2658/2907/2658 2674/2926/2674 2675/2927/2675
f 5/2928/5 2659/2908/2659 2676/2929/2676
f 2663/2914/2663 2660/2910/2660 2671/2923/2671 2677/2930/2677
f 2664/2915/2664 2661/2911/2661 2673/2925/2673 2678/2931/2678
f 2665/2916/2665 2662/2912/2662 2675/2927/2675 2679/2932/2679
f 2666/2917/2666 2663/2914/2663 2677/2930/2677 2680/2933/2680
f 2667/2918/2667 2664/2915/2664 2678/2931/2678 2681/2934/2681
f 2668/2919/2668 2665/2916/2665 2679/2932/2679 2682/2935/2682
f 2669/2920/2669 2666/2917/2666 2680/2933/2680 2683/2936/2683
f 2670/2921/2670 2667/2918/2667 2681/2934/2681 2684/2937/2684
f 2648/2897/2648 2668/2919/2668 2682/2935/2682 2685/2938/2685
f 2650/2899/2650 2669/2920/2669 2683/2936/2683 2686/2939/2686
f 2652/2901/2652 2670/2921/2670 2684/2937/2684 2687/2940/2687
f 2649/2898/2649 2648/2897/2648 2685/2938/2685 2688/2941/2688
f 2651/2900/2651 2650/2899/2650 2686/2939/2686 2689/2942/2689
f 2653/2902/2653 2652/2901/2652 2687/2940/2687 2690/2943/2690
f 2654/2903/2654 2649/2898/2649 2688/2941/2688 2691/2944/2691
f 2655/2904/2655 2651/2900/2651 2689/2942/2689 2692/2945/2692
f 2656/2905/2656 2653/2902/2653 2690/2943/2690 2693/2946/2693
f 2657/2906/2657 2654/2903/2654 2691/2944/2691 2672/2924/2672
f 2658/2907/2658 2655/2904/2655 2692/2945/2692 2674/2926/2674
f 2659/2908/2659 2656/2905/2656 2693/2946/2693 2676/2929/2676
f 2683/2936/2683 2680/2933/2680 2694/2947/2694 2695/2948/2695
f 2684/2937/2684 2681/2934/2681 2696/2949/2696 2697/2950/2697
f 2685/2938/2685 2682/2935/2682 2698/2951/2698 2699/2952/2699
f 2686/2939/2686 2683/2936/2683 2695/2948/2695 2700/2953/2700
f 2687/2940/2687 2684/2937/2684 2697/2950/2697 2701/2954/2701
f 2688/2941/2688 2685/2938/2685 2699/2952/2699 2702/2955/2702
f 2689/2942/2689 2686/2939/2686 2700/2953/2700 2703/2956/2703
f 2690/2943/2690 2687/2940/2687 2701/2954/2701 2704/2957/2704
f 2691/2944/2691 2688/2941/2688 2702/2955/2702 2705/2958/2705
f 2692/2945/2692 2689/2942/2689 2703/2956/2703 2706/2959/2706
f 2693/2946/2693 2690/2943/2690 2704/2957/2704 2707/2960/2707
f 2672/2924/2672 2691/2944/2691 2705/2958/2705 2708/2961/2708
f 2674/2926/2674 2692/2945/2692 2706/2959/2706 2709/2962/2709
f 2676/2929/2676 2693/2946/2693 2707/2960/2707 2710/2963/2710
f 2671/2923/2671 48/2964/48 2711/2965/2711
f 2673/2925/2673 2672/2924/2672 2708/2961/2708 2712/2966/2712
f 2675/2927/2675 2674/2926/2674 2709/2962/2709 2713/2967/2713
f 5/2968/5 2676/2929/2676 2710/2963/2710
f 2677/2930/2677 2671/2923/2671 2711/2965/2711 2714/2969/2714
f 2678/2931/2678 2673/2925/2673 2712/2966/2712 2715/2970/2715
f 2679/2932/2679 2675/2927/2675 2713/2967/2713 2716/2971/2716
f 2680/2933/2680 2677/2930/2677 2714/2969/2714 2694/2947/2694
f 2681/2934/2681 2678/2931/2678 2715/2970/2715 2696/2949/2696
f 2682/2935/2682 2679/2932/2679 2716/2971/2716 2698/2951/2698
f 2705/2958/2705 2702/2955/2702 2717/2972/2717 2718/2973/2718
f 2706/2959/2706 2703/2956/2703 2719/2974/2719 2720/2975/2720
f 2707/2960/2707 2704/2957/2704 2721/2976/2721 2722/2977/2722
f 2708/2961/2708 2705/2958/2705 2718/2973/2718 2723/2978/2723
f 2709/2962/2709 2706/2959/2706 2720/2975/2720 2724/2979/2724
f 2710/2963/2710 2707/2960/2707 2722/2977/2722 2725/2980/2725
f 2711/2965/2711 48/2981/48 2726/2982/2726
f 2712/2966/2712 2708/2961/2708 2723/2978/2723 2727/2983/2727
f 2713/2967/2713 2709/2962/2709 2724/2979/2724 2728/2984/2728
f 5/2985/5 2710/2963/2710 2725/2980/2725
f 2714/2969/2714 2711/2965/2711 2726/2982/2726 2729/2986/2729
f 2715/2970/2715 2712/2966/2712 2727/2983/2727 2730/2987/2730
f 2716/2971/2716 2713/2967/2713 2728/2984/2728 2731/2988/2731
f 2694/2947/2694 2714/2969/2714 2729/2986/2729 2732/2989/2732
f 2696/2949/2696 2715/2970/2715 2730/2987/2730 2733/2990/2733
f 2698/2951/2698 2716/2971/2716 2731/2988/2731 2734/2991/2734
f 2695/2948/2695 2694/2947/2694 2732/2989/2732 2735/2992/2735
f 2697/2950/2697 2696/2949/2696 2733/2990/2733 2736/2993/2736
f 2699/2952/2699 2698/2951/2698 2734/2991/2734 2737/2994/2737
f 2700/2953/2700 2695/2948/2695 2735/2992/2735 2738/2995/2738
f 2701/2954/2701 2697/2950/2697 2736/2993/2736 2739/2996/2739
f 2702/2955/2702 2699/2952/2699 2737/2994/2737 2717/2972/2717
f 2703/2956/2703 2700/2953/2700 2738/2995/2738 2719/2974/2719
f 2704/2957/2704 2701/2954/2701 2739/2996/2739 2721/2976/2721
f 2729/2986/2729 2726/2982/2726 2740/2997/2740 2741/2998/2741
f 2730/2987/2730 2727/2983/2727 2742/2999/2742 2743/3000/2743
f 2731/2988/2731 2728/2984/2728 2744/3001/2744 2745/3002/2745
f 2732/2989/2732 2729/2986/2729 2741/2998/2741 2746/3003/2746
f 2733/2990/2733 2730/2987/2730 2743/3000/2743 2747/3004/2747
f 2734/2991/2734 2731/2988/2731 2745/3002/2745 2748/3005/2748
f 2735/2992/2735 2732/2989/2732 2746/3003/2746 2749/3006/2749
f 2736/2993/2736 2733/2990/2733 2747/3004/2747 2750/3007/2750
f 2737/2994/2737 2734/2991/2734 2748/3005/2748 2751/3008/2751
f 2738/2995/2738 2735/2992/2735 2749/3006/2749 2752/3009/2752
f 2739/2996/2739 2736/2993/2736 2750/3007/2750 2753/3010/2753
f 2717/2972/2717 2737/2994/2737 2751/3008/2751 2754/3011/2754
f 2719/2974/2719 2738/2995/2738 2752/3009/2752 2755/3012/2755
f 2721/2976/2721 2739/2996/2739 2753/3010/2753 2756/3013/2756
f 2718/2973/2718 2717/2972/2717 2754/3011/2754 2757/3014/2757
f 2720/2975/2720 2719/2974/2719 2755/3012/2755 2758/3015/2758
f 2722/2977/2722 2721/2976/2721 2756/3013/2756 2759/3016/2759
f 2723/2978/2723 2718/2973/2718 2757/3014/2757 2760/3017/2760
f 2724/2979/2724 2720/2975/2720 2758/3015/2758 2761/3018/2761
f 2725/2980/2725 2722/2977/2722 2759/3016/2759 2762/3019/2762
f 2726/2982/2726 48/3020/48 2740/2997/2740
f 2727/2983/2727 2723/2978/2723 2760/3017/2760 2742/2999/2742
f 2728/2984/2728 2724/2979/2724 2761/3018/2761 2744/3001/2744
f 5/3021/5 2725/2980/2725 2762/3019/2762
f 2752/3009/2752 2749/3006/2749 2763/3022/2763 2764/3023/2764
f 2753/3010/2753 2750/3007/2750 2765/3024/2765 2766/3025/2766
f 2754/3011/2754 2751/3008/2751 2767/3026/2767 2768/3027/2768
f 2755/3012/2755 2752/3009/2752 2764/3023/2764 2769/3028/2769
f 2756/3013/2756 2753/3010/2753 2766/3025/2766 2770/3029/2770
f 2757/3014/2757 2754/3011/2754 2768/3027/2768 2771/3030/2771
f 2758/3015/2758 2755/3012/2755 2769/3028/2769 2772/3031/2772
f 2759/3016/2759 2756/3013/2756 2770/3029/2770 2773/3032/2773
f 2760/3017/2760 2757/3014/2757 2771/3030/2771 2774/3033/2774
f 2761/3018/2761 2758/3015/2758 2772/3031/2772 2775/3034/2775
f 2762/3019/2762 2759/3016/2759 2773/3032/2773 2776/3035/2776
f 2740/2997/2740 48/3036/48 2777/3037/2777
f 2742/2999/2742 2760/3017/2760 2774/3033/2774 2778/3038/2778
f 2744/3001/2744 2761/3018/2761 2775/3034/2775 2779/3039/2779
f 5/3040/5 2762/3019/2762 2776/3035/2776
f 2741/2998/2741 2740/2997/2740 2777/3037/2777 2780/3041/2780
f 2743/3000/2743 2742/2999/2742 2778/3038/2778 2781/3042/2781
f 2745/3002/2745 2744/3001/2744 2779/3039/2779 2782/3043/2782
f 2746/3003/2746 2741/2998/2741 2780/3041/2780 2783/3044/2783
f 2747/3004/2747 2743/3000/2743 2781/3042/2781 2784/3045/2784
f 2748/3005/2748 2745/3002/2745 2782/3043/2782 2785/3046/2785
f 2749/3006/2749 2746/3003/2746 2783/3044/2783 2763/3022/2763
f 2750/3007/2750 2747/3004/2747 2784/3045/2784 2765/3024/2765
f 2751/3008/2751 2748/3005/2748 2785/3046/2785 2767/3026/2767
f 2774/3033/2774 2771/3030/2771 2786/3047/2786 2787/3048/2787
f 2775/3034/2775 2772/3031/2772 2788/3049/2788 2789/3050/2789
f 2776/3035/2776 2773/3032/2773 2790/3051/2790 2791/3052/2791
f 2777/3037/2777 48/3053/48 2792/3054/2792
f 2778/3038/2778 2774/3033/2774 2787/3048/2787 2793/3055/2793
f 2779/3039/2779 2775/3034/2775 2789/3050/2789 2794/3056/2794
f 5/3057/5 2776/3035/2776 2791/3052/2791
f 2780/3041/2780 2777/3037/2777 2792/3054/2792 2795/3058/2795
f 2781/3042/2781 2778/3038/2778 2793/3055/2793 2796/3059/2796
f 2782/3043/2782 2779/3039/2779 2794/3056/2794 2797/3060/2797
f 2783/3044/2783 2780/3041/2780 2795/3058/2795 2798/3061/2798
f 2784/3045/2784 2781/3042/2781 2796/3059/2796 2799/3062/2799
f 2785/3046/2785 2782/3043/2782 2797/3060/2797 2800/3063/2800
f 2763/3022/2763 2783/3044/2783 2798/3061/2798 2801/3064/2801
f 2765/3024/2765 2784/3045/2784 2799/3062/2799 2802/3065/2802
f 2767/3026/2767 2785/3046/2785 2800/3063/2800 2803/3066/2803
f 2764/3023/2764 2763/3022/2763 2801/3064/2801 2804/3067/2804
f 2766/3025/2766 2765/3024/2765 2802/3065/2802 2805/3068/2805
f 2768/3027/2768 2767/3026/2767 2803/3066/2803 2806/3069/2806
f 2769/3028/2769 2764/3023/2764 2804/3067/2804 2807/3070/2807
f 2770/3029/2770 2766/3025/2766 2805/3068/2805 2808/3071/2808
f 2771/3030/2771 2768/3027/2768 2806/3069/2806 2786/3047/2786
f 2772/3031/2772 2769/3028/2769 2807/3070/2807 2788/3049/2788
f 2773/3032/2773 2770/3029/2770 2808/3071/2808 2790/3051/2790
f 2798/3061/2798 2795/3058/2795 2809/3072/2809 2810/3073/2810
f 2799/3062/2799 2796/3059/2796 2811/3074/2811 2812/3075/2812
f 2800/3063/2800 2797/3060/2797 2813/3076/2813 2814/3077/2814
f 2801/3064/2801 2798/3061/2798 2810/3073/2810 2815/3078/2815
f 2802/3065/2802 2799/3062/2799 2812/3075/2812 2816/3079/2816
f 2803/3066/2803 2800/3063/2800 2814/3077/2814 2817/3080/2817
f 2804/3067/2804 2801/3064/2801 2815/3078/2815 2818/3081/2818
f 2805/3068/2805 2802/3065/2802 2816/3079/2816 2819/3082/2819
f 2806/3069/2806 2803/3066/2803 2817/3080/2817 2820/3083/2820
f 2807/3070/2807 2804/3067/2804 2818/3081/2818 2821/3084/2821
f 2808/3071/2808 2805/3068/2805 2819/3082/2819 2822/3085/2822
f 2786/3047/2786 2806/3069/2806 2820/3083/2820 2823/3086/2823
f 2788/3049/2788 2807/3070/2807 2821/3084/2821 2824/3087/2824
f 2790/3051/2790 2808/3071/2808 2822/3085/2822 2825/3088/2825
f 2787/3048/2787 2786/3047/2786 2823/3086/2823 2826/3089/2826
f 2789/3050/2789 2788/3049/2788 2824/3087/2824 2827/3090/2827
f 2791/3052/2791 2790/3051/2790 2825/3088/2825 2828/3091/2828
f 2792/3054/2792 48/3092/48 2829/3093/2829
f 2793/3055/2793 2787/3048/2787 2826/3089/2826 2830/3094/2830
f 2794/3056/2794 2789/3050/2789 2827/3090/2827 2831/3095/2831
f 5/3096/5 2791/3052/2791 2828/3091/2828
f 2795/3058/2795 2792/3054/2792 2829/3093/2829 2809/3072/2809
f 2796/3059/2796 2793/3055/2793 2830/3094/2830 2811/3074/2811
f 2797/3060/2797 2794/3056/2794 2831/3095/2831 2813/3076/2813
f 2821/3084/2821 2818/3081/2818 2832/3097/2832 2833/3098/2833
f 2822/3085/2822 2819/3082/2819 2834/3099/2834 2835/3100/2835
f 2823/3086/2823 2820/3083/2820 2836/3101/2836 2837/3102/2837
f 2824/3087/2824 2821/3084/2821 2833/3098/2833 2838/3103/2838
f 2825/3088/2825 2822/3085/2822 2835/3100/2835 2839/3104/2839
f 2826/3089/2826 2823/3086/2823 2837/3102/2837 2840/3105/2840
f 2827/3090/2827 2824/3087/2824 2838/3103/2838 2841/3106/2841
f 2828/3091/2828 2825/3088/2825 2839/3104/2839 2842/3107/2842
f 2829/3093/2829 48/3108/48 2843/3109/2843
f 2830/3094/2830 2826/3089/2826 2840/3105/2840 2844/3110/2844
f 2831/3095/2831 2827/3090/2827 2841/3106/2841 2845/3111/2845
f 5/3112/5 2828/3091/2828 2842/3107/2842
f 2809/3072/2809 2829/3093/2829 2843/3109/2843 2846/3113/2846
f 2811/3074/2811 2830/3094/2830 2844/3110/2844 2847/3114/2847
f 2813/3076/2813 2831/3095/2831 2845/3111/2845 2848/3115/2848
f 2810/3073/2810 2809/3072/2809 2846/3113/2846 2849/3116/2849
f 2812/3075/2812 2811/3074/2811 2847/3114/2847 2850/3117/2850
f 2814/3077/2814 2813/3076/2813 2848/3115/2848 2851/3118/2851
f 2815/3078/2815 2810/3073/2810 2849/3116/2849 2852/3119/2852
f 2816/3079/2816 2812/3075/2812 2850/3117/2850 2853/3120/2853
f 2817/3080/2817 2814/3077/2814 2851/3118/2851 2854/3121/2854
f 2818/3081/2818 2815/3078/2815 2852/3119/2852 2832/3097/2832
f 2819/3082/2819 2816/3079/2816 2853/3120/2853 2834/3099/2834
f 2820/3083/2820 2817/3080/2817 2854/3121/2854 2836/3101/2836
f 2844/3110/2844 2840/3105/2840 2855/3122/2855 2856/3123/2856
f 2845/3111/2845 2841/3106/2841 2857/3124/2857 2858/3125/2858
f 5/3126/5 2842/3107/2842 2859/3127/2859
f 2846/3113/2846 2843/3109/2843 2860/3128/2860 2861/3129/2861
f 2847/3114/2847 2844/3110/2844 2856/3123/2856 2862/3130/2862
f 2848/3115/2848 2845/3111/2845 2858/3125/2858 2863/3131/2863
f 2849/3116/2849 2846/3113/2846 2861/3129/2861 2864/3132/2864
f 2850/3117/2850 2847/3114/2847 2862/3130/2862 2865/3133/2865
f 2851/3118/2851 2848/3115/2848 2863/3131/2863 2866/3134/2866
f 2852/3119/2852 2849/3116/2849 2864/3132/2864 2867/3135/2867
f 2853/3120/2853 2850/3117/2850 2865/3133/2865 2868/3136/2868
f 2854/3121/2854 2851/3118/2851 2866/3134/2866 2869/3137/2869
f 2832/3097/2832 2852/3119/2852 2867/3135/2867 2870/3138/2870
f 2834/3099/2834 2853/3120/2853 2868/3136/2868 2871/3139/2871
f 2836/3101/2836 2854/3121/2854 2869/3137/2869 2872/3140/2872
f 2833/3098/2833 2832/3097/2832 2870/3138/2870 2873/3141/2873
f 2835/3100/2835 2834/3099/2834 2871/3139/2871 2874/3142/2874
f 2837/3102/2837 2836/3101/2836 2872/3140/2872 2875/3143/2875
f 2838/3103/2838 2833/3098/2833 2873/3141/2873 2876/3144/2876
f 2839/3104/2839 2835/3100/2835 2874/3142/2874 2877/3145/2877
f 2840/3105/2840 2837/3102/2837 2875/3143/2875 2855/3122/2855
f 2841/3106/2841 2838/3103/2838 2876/3144/2876 2857/3124/2857
f 2842/3107/2842 2839/3104/2839 2877/3145/2877 2859/3127/2859
f 2843/3109/2843 48/3146/48 2860/3128/2860
f 2867/3135/2867 2864/3132/2864 2878/3147/2878 2879/3148/2879
f 2868/3136/2868 2865/3133/2865 2880/3149/2880 2881/3150/2881
f 2869/3137/2869 2866/3134/2866 2882/3151/2882 2883/3152/2883
f 2870/3138/2870 2867/3135/2867 2879/3148/2879 2884/3153/2884
f 2871/3139/2871 2868/3136/2868 2881/3150/2881 2885/3154/2885
f 2872/3140/2872 2869/3137/2869 2883/3152/2883 2886/3155/2886
f 2873/3141/2873 2870/3138/2870 2884/3153/2884 2887/3156/2887
f 2874/3142/2874 2871/3139/2871 2885/3154/2885 2888/3157/2888
f 2875/3143/2875 2872/3140/2872 2886/3155/2886 2889/3158/2889
f 2876/3144/2876 2873/3141/2873 2887/3156/2887 2890/3159/2890
f 2877/3145/2877 2874/3142/2874 2888/3157/2888 2891/3160/2891
f 2855/3122/2855 2875/3143/2875 2889/3158/2889 2892/3161/2892
f 2857/3124/2857 2876/3144/2876 2890/3159/2890 2893/3162/2893
f 2859/3127/2859 2877/3145/2877 2891/3160/2891 2894/3163/2894
f 2860/3128/2860 48/3164/48 2895/3165/2895
f 2856/3123/2856 2855/3122/2855 2892/3161/2892 2896/3166/2896
f 2858/3125/2858 2857/3124/2857 2893/3162/2893 2897/3167/2897
f 5/3168/5 2859/3127/2859 2894/3163/2894
f 2861/3129/2861 2860/3128/2860 2895/3165/2895 2898/3169/2898
f 2862/3130/2862 2856/3123/2856 2896/3166/2896 2899/3170/2899
f 2863/3131/2863 2858/3125/2858 2897/3167/2897 2900/3171/2900
f 2864/3132/2864 2861/3129/2861 2898/3169/2898 2878/3147/2878
f 2865/3133/2865 2862/3130/2862 2899/3170/2899 2880/3149/2880
f 2866/3134/2866 2863/3131/2863 2900/3171/2900 2882/3151/2882
f 2890/3159/2890 2887/3156/2887 2901/3172/2901 2902/3173/2902
f 2891/3160/2891 2888/3157/2888 2903/3174/2903 2904/3175/2904
f 2892/3161/2892 2889/3158/2889 2905/3176/2905 2906/3177/2906
f 2893/3162/2893 2890/3159/2890 2902/3173/2902 2907/3178/2907
f 2894/3163/2894 2891/3160/2891 2904/3175/2904 2908/3179/2908
f 2895/3165/2895 48/3180/48 2909/3181/2909
f 2896/3166/2896 2892/3161/2892 2906/3177/2906 2910/3182/2910
f 2897/3167/2897 2893/3162/2893 2907/3178/2907 2911/3183/2911
f 5/3184/5 2894/3163/2894 2908/3179/2908
f 2898/3169/2898 2895/3165/2895 2909/3181/2909 2912/3185/2912
f 2899/3170/2899 2896/3166/2896 2910/3182/2910 2913/3186/2913
f 2900/3171/2900 2897/3167/2897 2911/3183/2911 2914/3187/2914
f 2878/3147/2878 2898/3169/2898 2912/3185/2912 2915/3188/2915
f 2880/3149/2880 2899/3170/2899 2913/3186/2913 2916/3189/2916
f 2882/3151/2882 2900/3171/2900 2914/3187/2914 2917/3190/2917
f 2879/3148/2879 2878/3147/2878 2915/3188/2915 2918/3191/2918
f 2881/3150/2881 2880/3149/2880 2916/3189/2916 2919/3192/2919
f 2883/3152/2883 2882/3151/2882 2917/3190/2917 2920/3193/2920
f 2884/3153/2884 2879/3148/2879 2918/3191/2918 2921/3194/2921
f 2885/3154/2885 2881/3150/2881 2919/3192/2919 2922/3195/2922
f 2886/3155/2886 2883/3152/2883 2920/3193/2920 2923/3196/2923
f 2887/3156/2887 2884/3153/2884 2921/3194/2921 2901/3172/2901
f 2888/3157/2888 2885/3154/2885 2922/3195/2922 2903/3174/2903
f 2889/3158/2889 2886/3155/2886 2923/3196/2923 2905/3176/2905
f 2913/3186/2913 2910/3182/2910 2924/3197/2924 2925/3198/2925
f 2914/3187/2914 2911/3183/2911 2926/3199/2926 2927/3200/2927
f 2915/3188/2915 2912/3185/2912 2928/3201/2928 2929/3202/2929
f 2916/3189/2916 2913/3186/2913 2925/3198/2925 2930/3203/2930
f 2917/3190/2917 2914/3187/2914 2927/3200/2927 2931/3204/2931
f 2918/3191/2918 2915/3188/2915 2929/3202/2929 2932/3205/2932
f 2919/3192/2919 2916/3189/2916 2930/3203/2930 2933/3206/2933
f 2920/3193/2920 2917/3190/2917 2931/3204/2931 2934/3207/2934
f 2921/3194/2921 2918/3191/2918 2932/3205/2932 2935/3208/2935
f 2922/3195/2922 2919/3192/2919 2933/3206/2933 2936/3209/2936
f 2923/3196/2923 2920/3193/2920 2934/3207/2934 2937/3210/2937
f 2901/3172/2901 2921/3194/2921 2935/3208/2935 2938/3211/2938
f 2903/3174/2903 2922/3195/2922 2936/3209/2936 2939/3212/2939
f 2905/3176/2905 2923/3196/2923 2937/3210/2937 2940/3213/2940
f 2902/3173/2902 2901/3172/2901 2938/3211/2938 2941/3214/2941
f 2904/3175/2904 2903/3174/2903 2939/3212/2939 2942/3215/2942
f 2906/3177/2906 2905/3176/2905 2940/3213/2940 2943/3216/2943
f 2907/3178/2907 2902/3173/2902 2941/3214/2941 2944/3217/2944
f 2908/3179/2908 2904/3175/2904 2942/3215/2942 2945/3218/2945
f 2909/3181/2909 48/3219/48 2946/3220/2946
f 2910/3182/2910 2906/3177/2906 2943/3216/2943 2924/3197/2924
f 2911/3183/2911 2907/3178/2907 2944/3217/2944 2926/3199/2926
f 5/3221/5 2908/3179/2908 2945/3218/2945
f 2912/3185/2912 2909/3181/2909 2946/3220/2946 2928/3201/2928
f 2935/3208/2935 2932/3205/2932 24/24/24 30/30/30
f 2936/3209/2936 2933/3206/2933 26/26/26 32/32/32
f 2937/3210/2937 2934/3207/2934 28/28/28 34/34/34
f 2938/3211/2938 2935/3208/2935 30/30/30 36/36/36
f 2939/3212/2939 2936/3209/2936 32/32/32 38/38/38
f 2940/3213/2940 2937/3210/2937 34/34/34 40/40/40
f 2941/3214/2941 2938/3211/2938 36/36/36 42/42/42
f 2942/3215/2942 2939/3212/2939 38/38/38 44/44/44
f 2943/3216/2943 2940/3213/2940 40/40/40 46/46/46
f 2944/3217/2944 2941/3214/2941 42/42/42 2/2/2
f 2945/3218/2945 2942/3215/2942 44/44/44 6/6/6
f 2946/3220/2946 48/3222/48 9/9/9
f 2924/3197/2924 2943/3216/2943 46/46/46 13/13/13
f 2926/3199/2926 2944/3217/2944 2/2/2 1/1/1
f 5/3223/5 2945/3218/2945 6/6/6
f 2928/3201/2928 2946/3220/2946 9/9/9 8/8/8
f 2925/3198/2925 2924/3197/2924 13/13/13 12/12/12
f 2927/3200/2927 2926/3199/2926 1/1/1 16/16/16
f 2929/3202/2929 2928/3201/2928 8/8/8 18/18/18
f 2930/3203/2930 2925/3198/2925 12/12/12 20/20/20
f 2931/3204/2931 2927/3200/2927 16/16/16 22/22/22
f 2932/3205/2932 2929/3202/2929 18/18/18 24/24/24
f 2933/3206/2933 2930/3203/2930 20/20/20 26/26/26
f 2934/3207/2934 2931/3204/2931 22/22/22 28/28/28
